id,week,home,away,homeClass,awayClass,actual,cap28,half1.0,half1.25,half1.5,softcap25pct,uncapped
401762852,11,Ohio,Miami (OH),fbs,fbs,4,6.4986424168947465,6.50985135724893,6.5668378395401845,6.468265226452942,6.381554720301796,6.030291630522875
401762851,11,Akron,Massachusetts,fbs,fbs,34,14.891134234025168,15.63804579957488,15.22492986083086,14.695815605812149,14.822475409158015,14.616498934556716
401762853,11,Ball State,Kent State,fbs,fbs,4,1.7058356949296805,4.094935370835785,5.321158110718912,5.408870346781727,2.237008411605469,3.8305265616329827
401762854,11,Toledo,Northern Illinois,fbs,fbs,39,16.371441478649416,17.962135073833146,19.820689765934528,20.992850523361366,17.411769109356882,20.53275200147932
401762500,11,South Florida,UTSA,fbs,fbs,32,14.866789974027409,15.11571492775482,15.070897739900467,14.32431049371117,15.252288817316561,16.40878534718394
401761644,11,App State,Georgia Southern,fbs,fbs,-2,3.9197411776025515,3.857777572849761,3.5185104991850764,3.1433332202539717,3.8705526266723673,3.7229869738816284
401767706,11,Columbia,Harvard,fcs,fcs,-17,-27.09986236722409,-30.548271127667235,-34.48499695455487,-37.20381418116868,-28.64502916725285,-33.280529567339144
401767347,11,Morgan State,Delaware State,fcs,fcs,-2,-4.0463353333997265,-5.940834176122717,-7.5332650399675956,-7.928121786055158,-5.102537549333199,-8.271144197133555
401756946,11,UCF,Houston,fbs,fbs,-3,-3.6675935500611345,-3.003349784184529,-2.189352837625222,-1.5292775104380212,-2.855488662887847,-0.41917400136800254
401762501,11,Memphis,Tulane,fbs,fbs,-6,9.826719732624657,9.654017643578715,10.041960202782413,10.869700625964647,10.015723329058986,10.582734118361955
401752896,11,USC,Northwestern,fbs,fbs,21,15.107309131698454,15.653298649325272,16.86838577190428,17.50707333694763,16.069130519808844,18.954594684139998
401786375,11,Buffalo State,St. Lawrence,iii,iii,-5,-2.7029822403250634,-1.9785666405156128,-2.0768696983660604,-2.7855428392190618,-3.191773906093516,-4.6581489033986685
401767535,11,Chattanooga,Furman,fcs,fcs,17,3.385424855422567,3.8950949188907185,4.237427662509833,4.071983917177615,4.7183789419273605,8.717241201441919
401754584,11,Boston College,SMU,fbs,fbs,-32,-16.21918991080328,-16.939092880131383,-18.104656988735,-19.71998533892393,-15.630297857930053,-13.863621699310293
401756945,11,Texas Tech,BYU,fbs,fbs,22,6.945796343535726,8.41128626991916,10.285182461609367,11.144206764907501,7.137402726731864,7.712221876320243
401756947,11,West Virginia,Colorado,fbs,fbs,7,-1.719252052812049,0.02989672588148551,1.1404141382032051,1.2941348601421652,-1.1366104660819865,0.6113142941080447
401761646,11,Marshall,James Madison,fbs,fbs,-12,-9.324333789954526,-9.013589308797858,-8.573682024273097,-8.913727905880215,-9.961249078676193,-11.871994944841116
401761647,11,Arkansas State,Southern Miss,fbs,fbs,-6,-4.569894751762234,-4.568995670379344,-4.509105666753246,-4.784460540148309,-4.851068979620749,-5.694591663196402
401786379,11,UMass Dartmouth,Westfield State,iii,iii,20,13.345700379512447,15.023907557066183,17.14427127860986,18.716096738160026,13.536318175917636,14.108171565133347
401783365,11,Merchant Marine Academy,Worcester Polytechnic Institute,iii,iii,20,16.81945552653138,16.335235675184133,17.033537699322366,17.847444437687876,17.382112397902347,19.070083012015143
401767676,11,Brown,Yale,fcs,fcs,-12,-9.830719981129889,-9.179306008583065,-8.733470533064173,-8.986668650203328,-9.699205727740429,-9.30466296757206
401773832,11,Edinboro University,Slippery Rock,ii,ii,30,-7.549711621930191,-8.197562298449862,-9.59000079167057,-10.901714918735193,-8.147808788882669,-9.942100289739825
401777773,11,New England College,Endicott College,,iii,-63,-51.26074334455751,-56.903888430781684,-65.58674852050216,-72.89284399460722,-57.39677893589296,-75.80488570989945
401773825,11,Clarion,Indiana-Pennsylvania,ii,ii,-3,-11.098421831118054,-11.841452611312393,-12.516340375306042,-13.011380736665895,-11.842652342229055,-14.075343875562133
401774154,11,Norwich,Salve Regina,iii,iii,-28,-21.90864806695979,-21.780308950534966,-23.036928142706053,-25.615271313428543,-23.111451209192204,-26.719860635889397
401767731,11,Lehigh,Holy Cross,fcs,fcs,35,23.93612292266181,24.22868079969977,24.412696149412543,24.60733431042807,24.064377119061085,24.4491397082589
401773249,11,Walsh,Hillsdale,ii,ii,-3,3.337377905282799,3.131927302336219,1.5112578614407308,-0.04456297074374049,2.371958371003385,-0.5243002318347871
401766736,11,Amherst,Williams,iii,iii,1,1.2564000947075087,2.7300843052338024,3.519557989444367,4.30903167365482,0.9932421999707017,0.203768515760137
401773513,11,Northwood (MI),Tiffin,ii,ii,3,4.94010634170308,4.960346059632757,6.158937633607973,7.721846381458089,4.853504358059704,4.593698407129541
401766735,11,Bates,Hamilton,iii,iii,-3,5.555382789445579,6.292224894708784,7.950119631550875,9.60801436839296,6.4764354210245525,9.239593315761354
401774110,11,Rensselaer,Ithaca College,iii,iii,-1,7.230287839508341,8.740975856779468,9.519963051944673,10.185965439315453,7.788977305941602,9.465045705241476
401773508,11,Thomas More College,Ohio Dominican,ii,ii,-2,-10.468205518032766,-11.806384499768246,-13.13171561738493,-14.879961180973055,-11.056043155940197,-12.819556069662276
401773502,11,Lake Erie,Kentucky Wesleyan,ii,ii,18,8.45257007887025,8.99012935190662,9.085888797796486,8.929017245699946,8.537802797044623,8.793500951567683
401752893,11,Penn State,Indiana,fbs,fbs,-3,-14.135457026804069,-16.119199434597174,-18.41416781395744,-19.242479866518323,-16.285232859379185,-22.734560357104463
401767769,11,St. Francis (PA),Mercyhurst,fcs,fcs,-1,-12.269867386595564,-14.467623124451414,-15.641588100407766,-16.23292042422493,-13.089013922019575,-15.546453528291579
401774225,11,North Carolina Wesleyan,Greensboro College,iii,iii,-9,16.495156298383066,18.758879472473318,21.370701889491333,23.1426303768039,17.704247973172684,21.3315229975415
401767262,11,Monmouth,New Hampshire,fcs,fcs,-21,12.316816745557944,12.165469421573441,12.057369422367838,12.046547356683348,12.44161091070238,12.8159934061358
401767755,11,Long Island University,Duquesne,fcs,fcs,18,-3.145456270754355,-5.28410011462849,-6.815347713708633,-7.26127554933805,-3.509047195083843,-4.599819968072317
401767747,11,Central Connecticut,Stonehill,fcs,fcs,30,11.511545594914624,11.699889116837431,11.903583464061484,12.408423266820877,11.359135417428991,10.901904884972224
401783909,11,Springfield,Coast Guard,iii,iii,20,8.663458471943349,6.896152780997831,5.702562404555952,5.086017124733681,9.26557205845514,11.071912817990723
401776975,11,Maine Maritime,Western New England,iii,iii,-63,-31.97913473364865,-39.665659160986365,-45.619597169719746,-49.162382285592884,-37.5702614372486,-54.343641548048424
401776785,11,Olivet College,Albion,iii,iii,-16,-9.407796583904936,-13.168175699939045,-14.892061485207243,-16.259040567438824,-9.487162617213546,-9.725260717139456
401762503,11,Army,Temple,fbs,fbs,1,6.291740160281506,6.56989784310683,6.2841407824856645,5.320421072690099,6.182386384713396,5.8543250580090955
401774089,11,Juniata College,Moravian,iii,iii,-25,-1.6790829820159523,-2.253701889330003,-3.6346137713558875,-4.889761747744785,-2.440946009045742,-4.726535090135059
401774080,11,Johns Hopkins University,McDaniel College,iii,iii,42,42.634033142012726,48.30164173695499,55.70270196329216,60.48233569979494,46.61126059265568,58.54294294458474
401774070,11,Carnegie Mellon,Franklin & Marshall,iii,iii,-7,9.002849935586383,11.550306019482807,13.684521336136658,15.171689781353763,10.117632985341777,13.46198213460811
401786485,11,Mass Maritime,Worcester St,iii,iii,-7,11.303973606895312,11.268707531529827,11.329908103081053,11.786618740582977,11.47863393809141,12.002614931679673
401783337,11,Albright,Stevenson,iii,iii,-10,-4.226890774015306,-4.7325570502336465,-6.764493968223851,-8.460156157061665,-4.7355911792572165,-6.261692394983035
401777133,11,Oberlin,Wabash College,iii,iii,-29,-41.62353024102135,-47.82253120797336,-52.82223162266074,-58.49640972814205,-48.4620276202552,-68.9775197579569
401776982,11,Curry College,Biddeford,iii,iii,17,1.1817641349579464,1.691327352231701,1.252906480058659,0.03943715909551493,1.877629432100541,3.965225323528216
401774145,11,Western Connecticut St,Catholic,iii,iii,33,10.233921854112522,8.737674482293645,10.058277264387598,12.261211839256411,11.271960434111996,14.386076174110217
401774097,11,Susquehanna,Wilkes,iii,iii,23,19.642513317625898,22.67880957276739,26.470509401205554,29.19709429388302,22.509626541944943,31.11096621490191
401774049,11,Cortland,Brockport,iii,iii,30,11.775535562307269,9.535365154659624,10.286234866860429,11.993365636119144,11.254038669760988,9.689547992122257
401766734,11,Wesleyan University (CT),Trinity (CT),iii,iii,3,-0.40685820936787565,0.3299838958952961,0.1720891590531881,-0.3015950514731536,-0.959489788315258,-2.6173845251573695
401774307,11,Nichols College,Husson,iii,iii,-44,-6.102207822476597,-8.844421025512904,-12.536393832736948,-15.856484627499544,-8.275775390675967,-14.796478095274082
401804602,11,SUNY Maritime,MIT,iii,iii,-3,7.282114570098145,8.238045494105503,9.562975174803492,10.136945532518352,7.595590122026117,8.536016777809998
401767766,11,Robert Morris,Wagner,fcs,fcs,-4,3.07617897711497,2.422355371925038,2.398156063776254,3.086006123523152,3.151786730544484,3.3786099908326452
401752762,11,Mississippi State,Georgia,fbs,fbs,-20,-7.531143994612158,-6.726689270276868,-6.257705778393714,-6.656496616689424,-7.369446582931957,-6.884354347891296
401773714,11,Bentley,Assumption,ii,ii,3,-7.186230549508387,-7.839139872057446,-10.003306434258196,-13.27207178040193,-6.723037607762816,-5.333458782526243
401773311,11,Hilbert College,Hobart College,iii,iii,-57,-25.36593299800169,-27.372284460123428,-31.38387113022587,-35.12172188361545,-28.16134543026893,-36.54758272707072
401773294,11,Framingham State,Dean College,iii,iii,25,29.97055964347618,32.6856310777423,34.813072650869756,36.46449904732198,31.253457658544825,35.102151703751275
401773817,11,Gannon,PennWest California,ii,ii,-20,-14.201916893045446,-14.547070837352841,-15.932940783814786,-17.35176696006291,-14.88157355673615,-16.92054354780823
401767316,11,Stony Brook,North Carolina A&T,fcs,fcs,26,16.016241643678097,18.97194261007899,21.164239329686783,22.42049189219181,17.794190397551084,23.128036659169783
401774119,11,University of Rochester (NY),Union (NY),iii,iii,-4,-2.9354654875561472,-3.927953251943096,-5.158319322494682,-6.7385128963974115,-3.0043656731431874,-3.2110662299043184
401767662,11,Sacred Heart,Virginia University Of Lynchburg,fcs,,46,38.52972115809568,41.65440415566724,44.18696960834957,46.283536555832086,41.07620257534511,48.71564682709337
401773460,11,Davenport,Northern Michigan,ii,ii,-2,16.90743459873433,17.73106418929082,18.608649168206696,19.457796084093975,17.14011058381846,17.838138539070822
401774138,11,Rowan,Castleton,iii,iii,55,35.289059122819566,36.50741614258877,39.24731375214142,42.443485107564335,37.530582910998874,44.2551542755368
401777009,11,Plymouth State,Fitchburg State,iii,iii,27,11.588084351851146,10.043009912108722,8.740866362472492,7.706989998309293,11.015387741703279,9.297297911259438
401769849,11,Lafayette,Colgate,fcs,fcs,17,4.402703126789505,5.207477355842199,5.846406202208384,6.843538691783005,4.81703731412173,6.060039876118276
401766733,11,Middlebury,Tufts,iii,iii,3,8.104270422763989,9.577954633290354,10.36742831750087,11.156902001711417,8.104270422764005,8.104270422764012
401783352,11,Eastern University,FDU-Florham,iii,iii,21,28.835065747484197,29.43616336538972,32.25968520910514,35.596333372262976,29.32989554884324,30.814384952920328
401773214,11,Ashland,Findlay,ii,ii,-11,4.03312963865104,6.059914971513047,8.103629522260015,9.936264653252547,4.862850694016828,7.352013860114324
401767443,11,Indiana State,Illinois State,fcs,fcs,-32,-2.2214935311640414,-3.263204060194731,-4.370105426587843,-4.732669823266212,-3.2161103735970356,-6.199960900895999
401773968,11,Mars Hill,UVA Wise,ii,ii,41,14.121237110849426,13.898808976579836,14.510346013557887,15.653004255796041,14.130197980067297,14.157080587720783
401776742,11,Saint John's (MN),St. Scholastica,iii,iii,49,34.67768487208265,39.8852698693468,43.307783970816104,47.65646093231016,39.09985287207764,52.366356872062795
401767599,11,Morehead State,Butler,fcs,fcs,1,-7.606415815232136,-10.242755327114324,-12.873489815311704,-15.029103858646636,-9.090172317082315,-13.541441822633022
401774390,11,Washington University (St. Louis),North Park,iii,iii,28,16.729592793091513,18.776668521061673,20.6904520025948,21.607333940638085,18.728682342658505,24.72595099135937
401773942,11,Newberry,Carson-Newman College,ii,ii,7,-4.671688559581843,-3.869300233498606,-3.4482053706357547,-3.0642436011271634,-4.102058479462172,-2.3931682391029856
401774388,11,Elmhurst,North Central College,iii,iii,-58,-49.09694184360416,-55.9932025674167,-60.90055239427696,-64.20229206556775,-55.87679600735729,-76.21635849861681
401774356,11,Carthage,Augustana (IL),iii,iii,-20,-6.6184447842361,-4.013500395049487,-2.969708338025354,-3.355132309603242,-6.509927900216059,-6.184377248155958
401773085,11,Fayetteville State,Winston-Salem,ii,ii,10,11.666317339727424,11.6438166614454,11.832018258702163,12.524528797465198,11.70964370853073,11.839622814940785
401773740,11,Minnesota Duluth,Bemidji State,ii,ii,14,23.825410922179437,26.28117549551081,28.865272713001993,31.546664154378973,24.38108356916275,26.04810151011275
401767632,11,Marist,Stetson,fcs,fcs,28,8.687951724451494,9.223774631900609,9.391639533948807,9.138602342803985,9.661742735825841,12.583115769949192
401774318,11,William Paterson,Kean,iii,iii,-10,7.746385927211085,9.232341612187113,9.41756431337874,8.84451541260417,7.223536841259428,5.654989583404269
401767624,11,Drake,St. Thomas (MN),fcs,fcs,-7,3.4582113322694035,3.221191541401298,2.2659181264876054,0.7274665551863055,3.238252155052379,2.5783746234016114
401773689,11,Glenville State,Wheeling,ii,ii,-3,6.931859952505708,7.627621255602011,8.463290689526996,9.40370851955296,7.345326668162764,8.585726815133889
401773421,11,Northeastern State,McKendree,ii,ii,34,14.169391771947268,16.33261821905978,15.823815977372146,15.765754084097491,15.859956075176534,20.931648984864356
401766727,11,Knox College,Lake Forest College,iii,iii,-63,-25.474145302492772,-30.458337000191825,-35.91612680931594,-39.98967836976014,-30.553054897599473,-45.789783682919534
401767724,11,Georgetown,Richmond,fcs,fcs,-7,-0.8665973634668029,-1.3793785668635579,-2.171122112643186,-2.5096813902616883,-1.3665104169589872,-2.8662495774357337
401767186,11,Hampton,Maine,fcs,fcs,-28,-11.883131628871185,-15.508167940456524,-17.327760267241814,-18.42201485273295,-12.476049732132347,-14.254804041915772
401777272,11,Case Western Reserve,Grove City College,iii,iii,-14,-0.7346408354584195,2.571866109247594,6.579975573363351,9.210783009456543,-0.2743712033712473,1.106437692890184
401774043,11,SUNY Morrisville,St John Fisher University,iii,iii,-14,-11.828630451299452,-13.91666839805205,-15.367521575844005,-15.981456008109909,-12.973836135721134,-16.409453188986028
401767646,11,Valparaiso,San Diego,fcs,fcs,-16,-16.3170984755955,-18.0441317807488,-19.5513161299356,-21.275134176964748,-16.750935105820144,-18.05244499649419
401774233,11,Methodist,Brevard College,iii,iii,-27,-14.127274143431293,-13.912072782010256,-13.73309231170515,-13.632032475140267,-14.008280239150942,-13.651298526309755
401774243,11,Berry College,Maryville College (TN),iii,iii,29,11.25314374838493,12.4576340583628,15.121933036251514,17.62031292484599,12.389226489167058,15.797474711513583
401777280,11,Geneva,Washington & Jefferson,iii,iii,-42,-13.499863140882553,-18.384015696213677,-23.404430676001663,-27.05747248678761,-15.504170772623986,-21.517093667848215
401767694,11,Pennsylvania,Cornell,fcs,fcs,-22,11.405017822186712,11.140955931633535,11.350495591054145,11.729135170900122,11.321606512486577,11.071372583386438
401773056,11,Lincoln (PA),Bowie State,ii,ii,-11,-11.868384545765645,-12.138506703445158,-12.973899145721528,-14.121983843605996,-13.508407089450664,-18.428474720505633
401773723,11,Franklin Pierce,Southern Connecticut State,ii,ii,31,15.103428208127184,16.669473455771584,18.2786871635751,20.29523055486741,15.936267338047822,18.43478472780976
401767669,11,Fordham,Bucknell,fcs,fcs,-18,-0.23201805068262482,0.28901942562946825,1.1535901786496652,2.5896980096257263,-0.09883796479541118,0.30070229286596906
401773414,11,Lincoln (MO),Missouri S&T,ii,ii,-59,-7.10259239236332,-8.500255807759917,-9.210483380478186,-10.286903185341217,-8.029806758826961,-10.811449858218012
401767199,11,Eastern Illinois,Tennessee Tech,fcs,fcs,-12,-19.821122949231167,-20.249381042040845,-21.562696601887893,-24.141302205860455,-21.05849125670398,-24.770596179122073
401773121,11,Chowan,Ferrum,ii,ii,-3,9.28672788795428,8.711141700459303,9.96222188552771,11.78336128512143,9.312760388328236,9.390857889450235
401777541,11,Elizabeth City State,Bluefield State,ii,ii,40,11.874254762662455,13.310851601678895,14.868443261496573,16.162089838124963,14.111791232481576,20.824400641939192
401776991,11,Lebanon Valley,Reading,iii,iii,31,27.888590926267256,30.392347913487036,33.77897885173888,36.53495070865151,28.728428630596138,31.247941743582786
401783901,11,Thiel,Bethany (WV),iii,iii,-5,13.722221572335883,14.04827460541921,15.310826079146473,17.961200850466575,14.11255365387586,15.283549898495629
401777287,11,Waynesburg,Saint Vincent,iii,iii,11,7.095393578880579,3.522162717047351,1.762522304652549,0.5996879633632695,6.794522916372266,5.891910928847274
401767137,11,UAlbany,Bryant,fcs,fcs,-3,-0.9968733526098292,0.6961201775806423,0.42126132339646905,-0.17242850500874152,-1.4838279604081706,-2.9446917838031315
401777083,11,Depauw,Wooster,iii,iii,59,24.284809634676627,26.356767794935905,26.805979991011498,28.27730552992301,26.2320573308793,32.07380041948698
401777986,11,Post University,St. Anselm,ii,ii,6,-3.1647753316597136,-4.582070964034838,-6.012071524308688,-6.726150432164378,-4.0552910408559555,-6.726838168444722
401783355,11,Widener,Kings College (PA),iii,iii,16,-7.58116479598935,-7.414878900865009,-6.238908553916946,-5.165481876876516,-8.039073535149043,-9.412799752628285
401777310,11,Minnesota Morris,Westminster College (MO),iii,iii,7,3.364377170729515,4.169372093302915,4.08779198653415,3.755376302020963,3.568181947804277,4.179596279028665
401777993,11,Dickinson (PA),Ursinus,iii,iii,25,-0.9109757948508399,-3.394448592539944,-6.728307629313276,-8.915913768153846,-1.9396124604421416,-5.025522457216063
401777093,11,Westminster (PA),Hiram College,iii,iii,76,28.846931692722237,33.671642243269076,36.551751682080074,38.11129914740519,31.884780790298073,40.9983280830254
401777999,11,Gettysburg,Muhlenberg,iii,iii,-32,-24.77994362678767,-28.17284223845786,-31.890606839899462,-35.20878284586235,-25.824163064305303,-28.95682137685821
401777253,11,Washington and Lee,Roanoke College,iii,,21,12.970811638617198,13.05034601961977,13.895773763093155,14.763047153776348,13.803190702129111,16.300327892664853
401777234,11,Hampden-Sydney,Bridgewater (VA),iii,iii,-3,21.442220861484167,26.777156208007035,27.294005573670976,26.278955527473336,23.123447301844124,28.167126622924066
401777100,11,John Carroll University,Ohio Wesleyan,iii,iii,38,26.529250285337273,29.804792958264642,34.36036608793954,37.89410517549541,28.489092611354366,34.36861958940568
401777076,11,Kenyon,Denison University,iii,iii,-15,-15.433377578242581,-15.811915760637017,-16.199242121569064,-16.152402939388654,-16.697633118973425,-20.490399741165888
401777044,11,Rockford,Wisconsin-Lutheran,iii,iii,-45,-17.33081444468911,-20.772025675534973,-23.01699640235491,-26.231665540642865,-18.994674152525732,-23.986253276035832
401767703,11,Dartmouth,Princeton,fcs,fcs,3,9.916156190063125,10.394088891735759,11.187081733498417,12.07885102798954,10.175510985068453,10.953575370084572
401783820,11,Rhodes College,Southwestern University,iii,iii,-13,-7.754551562916516,-9.296764857506234,-10.585782492451873,-11.490739776280613,-8.915091568396464,-12.39671158483624
401773870,11,Shippensburg,West Chester,ii,ii,29,-10.422653207235015,-11.63410024283868,-12.308298412369549,-13.238626173588777,-11.451303500562036,-14.537254380542823
401776734,11,Augsburg,Gustavus Adolphus,iii,iii,-21,-5.623441221586045,-8.497642751556006,-11.427025273195811,-14.227960886766276,-7.839106395601572,-14.486101917647957
401773855,11,Lock Haven University,Shepherd,ii,ii,-16,0.6117997826511239,0.8732796347656961,-0.25392265178950524,-1.1532195283112099,0.45525894021151814,-0.014363587107222742
401773749,11,Minnesota State Moorhead,Jamestown College,ii,ii,24,26.352285237185065,26.559164955347292,28.400427973353388,30.071024511457203,27.08302284676667,29.275235675511468
401773274,11,Alfred State,Alfred University,iii,iii,7,3.0469519022457376,3.880435148894513,5.41921552726366,6.966015329563177,3.429052411650268,4.575353939863827
401773178,11,Luther,Dubuque,iii,iii,-7,-22.031440658481266,-25.80827623096745,-28.994662510677344,-31.760441638741987,-23.25088166932265,-26.909204701846864
401767609,11,Davidson,Presbyterian,fcs,fcs,1,-22.394617244032165,-23.763064005580176,-27.752383499277457,-32.81195598784933,-24.481047620814714,-30.74033875116232
401774383,11,Wheaton,Millikin,iii,iii,47,34.147332095150176,37.16928745495723,41.72632757012447,45.27894548086391,37.129335497241875,46.07534570351682
401777000,11,Misericordia,Delaware Valley,iii,iii,-31,3.6460383703339083,3.433782884345357,4.127057534699777,4.854000776948062,3.1775515909185064,1.7720912526721726
401776792,11,Alma,Kalamazoo,iii,iii,50,28.07365139506907,31.105015148896474,34.82394114526787,38.71008031982896,29.59495126929677,34.158850891979675
401777598,11,Lagrange College,Belhaven,iii,iii,32,6.518655377340862,8.300841872133011,9.183480052135135,9.229521536475783,7.12339129526931,8.937599049054592
401773103,11,Emory & Henry College,Shaw,ii,ii,48,37.01176279271725,38.579293366685164,41.31458492193248,44.18365805220501,39.241891774058836,45.93227871808392
401774128,11,Adrian,Trine University,iii,iii,23,14.226293601236328,14.504269075469708,16.524447827574484,18.306045860143907,14.995756812744606,17.30414644726922
401777615,11,Greenville,Northwestern (MN),iii,iii,-3,2.418514001638222,3.039755200042535,4.174568168865836,5.20984156069672,2.8623199814964195,4.193737921070856
401776760,11,Macalester,Concordia Moorhead,iii,iii,-3,-7.905418311678602,-11.465577284275673,-12.576318783489162,-13.908606536719304,-10.10340872637066,-16.697379970446804
401773655,11,University Of Charleston (WV),West Liberty,ii,ii,17,22.915113658343493,22.90949661695396,23.915789176322598,25.262382306112528,23.679448943790472,25.97245480013138
401773493,11,Saginaw Valley State,Ferris State,ii,ii,-6,-15.85666072204662,-18.922959267532413,-20.656233093505477,-20.88471368136357,-18.059055141210372,-24.666238398701655
401773665,11,Concord University,Fairmont State,ii,ii,-14,-2.028447389683212,-2.8266385024752463,-3.637763025905887,-4.439058957420812,-2.365028823829711,-3.374773126269046
401752897,11,Purdue,Ohio State,fbs,fbs,-24,-25.057347844406852,-25.754007574807872,-26.565356079789453,-26.950948435028828,-26.379151474931778,-30.344562366506487
401773092,11,Johnson C Smith,Livingstone,ii,ii,5,22.75205970155306,23.08974386767334,25.159735762177753,29.11309119893445,24.67930359631343,30.46103528059467
401776749,11,St. Olaf,Hamline University,iii,iii,7,14.60863729217549,15.24859921163451,17.21763115198801,20.934846320760805,16.540353410025652,22.335501763576183
401774060,11,Utica,Hartwick,iii,iii,57,32.84931247933317,35.77282044195448,41.70171869284226,46.273297570250165,34.52151632896268,39.53812787785123
401777974,11,American International,Pace,ii,ii,12,8.294420373669539,7.723734209263178,7.2472764069618485,6.811732180080277,8.167583086096258,7.78707122337654
401773071,11,Virginia Union,Virginia St,ii,ii,11,15.058839871601798,15.271498837181898,16.33332873806198,17.21998555069608,16.919877638901763,22.50299094080183
401752761,11,Ole Miss,The Citadel,fbs,fcs,49,31.55889065752202,31.78238522858253,32.49153392007539,33.69133242716776,33.56901698559389,39.5993959698095
401773683,11,Frostburg State,West Virginia State,ii,ii,5,10.087895926145311,10.733378205746673,12.44252200527623,14.344292602071219,11.079436751196777,14.054059226351189
401767330,11,Towson,Villanova,fcs,fcs,-18,-5.60663155935411,-7.612724574505156,-8.241899863351655,-7.961270496050755,-5.086767014321172,-3.527173379222158
401777555,11,University of Mary,Winona State,ii,ii,-7,4.281248339355997,4.878984508002944,5.122544714289296,5.166351552617824,3.7701896587031554,2.2370136167445747
401762855,11,Eastern Michigan,Bowling Green,fbs,fbs,6,-2.877552007418471,-3.2484234791610866,-3.443561015160425,-3.1894685780864034,-3.0329072746457157,-3.498973076327532
401757299,11,Liberty,Missouri State,fbs,fbs,-4,3.3378746021025663,3.0150784636825083,2.9883665902879066,3.1761098717993193,4.060991457549063,6.230342023888486
401774420,11,Hanover College,Otterbein,iii,iii,41,30.27304858470209,36.76808203731476,41.438846759739604,46.24567485417295,34.72945163763967,48.098660796452315
401774405,11,Franklin,Bluffton,iii,iii,2,9.687598093122798,10.347329605252376,10.280233454433063,10.180986818408362,10.33687009531625,12.284686101896614
401777181,11,Ohio Northern,Baldwin Wallace,iii,iii,2,-0.9138278750086801,-1.346827073337149,-0.5460422343418845,0.4299137202924612,-0.7971745161832668,-0.4472144397069666
401777196,11,Heidelberg,Wilmington (OH),iii,iii,3,12.091466802841488,11.268232694995369,11.89661839871533,12.781583288466043,14.055000512242202,19.945601640444103
401774426,11,Mount St. Joseph,Manchester,iii,iii,28,35.86022359618791,40.166719268530414,40.74227023246432,41.358674665436624,38.25877128554767,45.45441435362682
401777205,11,Marietta,University of Mount Union,iii,iii,-11,-25.01522145467121,-26.094810288696433,-27.7990518392466,-29.92807334659389,-27.981553480688635,-36.880549558740825
401767396,11,South Carolina State,Howard,fcs,fcs,30,12.995997349007425,13.480960670887562,14.690892347066104,16.436633960760997,13.508218413492658,15.044881606948309
401777189,11,Capital,Muskingum University,iii,iii,-4,-2.2934971738126926,-3.5383771475596966,-3.810471787479175,-4.062385165674636,-3.5934511677569034,-7.493313149589518
401767590,11,VMI,Wofford,fcs,fcs,-42,-11.613281983993042,-12.756883188928608,-14.798397165781623,-16.841921432034326,-12.776422802310371,-16.265845257262438
401767206,11,Gardner-Webb,Southeast Missouri State,fcs,fcs,3,8.87136837267864,8.975392417442036,8.478280710040327,7.954932209957203,8.43952826894674,7.144007957751012
401773602,11,Central Oklahoma,Missouri Southern State,ii,ii,27,12.066779353401746,13.182839244385093,14.347563465621764,16.127949782989724,13.063883720521233,16.055196821879484
401773264,11,East Texas Baptist University,Howard Payne,iii,iii,-7,5.725072039597094,5.475313903878479,6.058812877582979,7.013570506389128,5.622271179980773,5.3138686011319205
401773487,11,Roosevelt,Wayne State (MI),ii,ii,34,-0.9126163456110046,-2.450553395428134,-4.4836528389054955,-5.820522140514612,-1.727271046171948,-4.171235147854841
401774364,11,Illinois Wesleyan,Carroll University (WI),iii,iii,-20,9.719436917722039,12.02775008332306,13.18469687019346,13.590887540882154,9.98185937213988,10.769126735393314
401774456,11,McMurry,Hendrix College,iii,iii,6,3.2830889078213534,4.384035210215778,4.221643949926863,3.4844006336674544,3.7727993032897995,5.241930489695252
401774279,11,LYONCOLL,Texas Lutheran,iii,iii,-44,-18.196806282439656,-19.972482455079323,-22.194320869763796,-24.699602212703034,-20.46120581468077,-27.254404411404163
401773436,11,Upper Iowa University,Quincy,ii,ii,33,15.706630140858657,16.58575543727212,18.954119879522676,21.31939267799693,17.23357927631731,21.81442668269315
401773562,11,Midwestern State,West Texas A&M,ii,ii,-14,-14.31654569449315,-17.74752609146677,-20.110631247164974,-23.165778494337104,-14.296445434023138,-14.236144652612978
401773256,11,Mary Hardin-Baylor,Hardin-Simmons,iii,iii,4,-7.83070770345833,-9.322535151374744,-10.875493769639831,-13.00713029587316,-9.156338590632814,-13.133231252156303
401774285,11,Sewanee,Centre College Kentucky,iii,iii,-28,-3.801075281474205,-5.256826381294797,-5.527899571741461,-5.525461780350037,-4.698725942034274,-7.391677923714589
401773773,11,Augustana University (SD),Minnesota State Mankato,ii,ii,-24,-1.3380747953438181,-0.7349075535448701,0.6006893558882282,1.5855108988829318,-1.5235080066500615,-2.0798076405686796
401774166,11,Wisconsin-Whitewater,Wisconsin-Eau Claire,iii,iii,41,25.567943991517073,25.574681126779236,25.258614696027664,25.38953676993821,26.54931653871105,29.49343418029297
401773965,11,Greeneville,Wingate,ii,ii,-46,-25.72896827938319,-27.77846998129788,-29.635547484213745,-31.535440910396737,-26.904405326066673,-30.43071646611709
401767229,11,UT Martin,Tennessee State,fcs,fcs,19,8.945775674367317,10.429719534388722,10.81514234077568,10.13134558008024,9.716739348359363,12.02963037033554
401773611,11,Washburn,Emporia State University,ii,ii,-28,1.0692650062020563,0.9817986229793298,0.1759313484225169,-0.10434418397347844,1.1286513852198086,1.3068105222729605
401767177,11,Elon,Rhode Island,fcs,fcs,-14,-3.2743440617610613,-1.8064510708527663,-1.127388897422776,-0.5740201592674197,-3.072426935342593,-2.466675556087081
401767500,11,Northern Iowa,Murray State,fcs,fcs,17,13.477868499535775,12.974063572706417,12.972792638052137,13.613258652628232,13.733997511828264,14.502384548705738
401773468,11,Grand Valley State University,Michigan Tech,ii,ii,3,5.178393389929852,5.506556330432696,5.667839118949727,5.745422920360356,5.442174029550429,6.233515948412208
401767507,11,North Dakota,North Dakota State,fcs,fcs,-5,-6.92979670563523,-7.516326889430349,-7.287274039094868,-5.641937959335213,-7.523306414598284,-9.303835541487445
401767409,11,North Carolina Central,Norfolk State,fcs,fcs,3,23.2809501976047,22.929782283370976,24.23444604519144,26.52284445590464,23.614622055363714,24.61563762864074
401767548,11,Youngstown State,Southern Illinois,fcs,fcs,10,0.23246176283196718,1.5609896093273168,1.6739729965357135,0.34858198686892194,0.4007013005231972,0.9054199135970471
401767214,11,Western Illinois,Lindenwood,fcs,fcs,3,-2.609437469926096,-2.672370805093526,-3.1003554552135784,-4.4856361224537915,-3.4687802901020683,-6.046808750629896
401774180,11,Wisconsin-Oshkosh,Wisconsin-Stevens Pt,iii,iii,26,12.224162149052283,12.6101844691288,13.17953559157117,14.095584440030612,13.50325662809756,17.3405400652335
401777017,11,Aurora,St. Norbert,iii,iii,23,7.918616150197979,11.313644841311874,10.683467710539272,9.050315488920052,8.452240842801515,10.053114920612028
401776773,11,Bethel (MN),Carleton,iii,iii,42,16.613949234579387,19.512060383742188,23.585223027410898,26.841663238299972,19.437813133839313,27.909404831619163
401774173,11,Wisconsin-River Falls,Wisconsin-Lacrosse,iii,iii,34,7.897824756419647,8.786676396008524,9.943291563823138,11.211411803500273,10.169757003373576,16.985553744235514
401773986,11,Allen,Edward Waters,ii,ii,23,-2.939861016131843,-3.2537868405496475,-4.2709589351826125,-5.226159040638866,-3.568174519730359,-5.453115030525812
401773808,11,Bloomsburg,Kutztown University,ii,ii,-8,-28.983913650311848,-29.95524011140875,-34.22565950637349,-38.915651314446905,-30.89272807281945,-36.619171340341765
401773404,11,Southwest Baptist,Indianapolis,ii,ii,-45,-22.75153683350242,-24.6132736697745,-27.65125796223684,-30.902450167241454,-25.12700267831861,-32.25340021276743
401773792,11,Sioux Falls,Wayne State (NE),ii,ii,-29,3.9586310215328604,0.5440139153095833,-1.3975551818740133,-2.35710806362919,3.4979112606986726,2.1157519781961005
401773645,11,Central Missouri,Pittsburg St,ii,ii,-13,-9.142416742298334,-8.627046314034343,-7.737493776566538,-6.643648461134134,-8.606939904300821,-7.000509390308103
401773780,11,Southwest Minnesota State,Concordia University St Paul,ii,ii,-5,2.0515209206261815,1.4037466377474317,-0.6626807842434204,-2.627774959693653,1.734048232445403,0.7816301679032733
401773042,11,Simpson College (IA),Central College,iii,iii,-25,-4.5180188202071445,-4.86688251109007,-6.129038317721879,-7.426657173297917,-4.07402245980219,-2.7420333785872693
401773163,11,Buena Vista,Nebraska Wesleyan,iii,iii,13,0.9808927652258284,0.6005404052668091,0.32000691452783414,0.18022388112197874,0.8255443890027792,0.3594992603334717
401766731,11,Cornell College (IA),Illinois College,iii,iii,-24,-12.26002929527478,-15.778683798426385,-18.217675542233494,-20.05188160805954,-14.649803202876743,-21.819124925682694
401766728,11,Monmouth (IL),Ripon,iii,iii,55,29.676659414650743,35.154269802337105,36.015346836298825,36.69950680616235,32.62703250337806,41.478151769560014
401773359,11,Henderson State,East Central (OK),ii,ii,10,5.714094551042724,6.483957119505892,7.508335954434326,8.86637607267202,7.552178766839662,13.06643141423043
401774216,11,Huntingdon College (AL),Southern Virginia,iii,iii,23,0.4209950991003133,-0.7743631425690936,-2.330519655310761,-4.0891262482663056,0.6533252826492344,1.3503158332957668
401774466,11,Trinity University TX,Millsaps,iii,iii,18,15.954057545521437,17.901330123561277,20.557912636157162,22.840098428289714,18.081521385186203,24.463912904180674
401767146,11,Campbell,William & Mary,fcs,fcs,-3,-7.191101741163724,-8.987609115533983,-10.719300079695,-11.601904390170219,-7.8569190000111675,-9.854370776553536
401831243,11,West Alabama,Lincoln (CA),ii,ii,0,29.724255376241608,35.680023097341554,37.3037030314857,39.61755151297445,34.12316407257865,47.319890161589726
401762502,11,Rice,UAB,fbs,fbs,7,4.24578832655706,5.224319668280341,5.766808925303703,6.454644955523408,3.7448732132553157,2.242127873349915
401777607,11,Crown College,Martin Luther,iii,iii,13,6.623533464954576,7.535434222536217,7.747958594007045,7.286498814770983,6.633562829418416,6.663650922809904
401777038,11,Eureka College,Lakeland,iii,iii,-28,-17.64017343228572,-20.891613444540774,-24.90078773559113,-29.1942432106354,-20.202745649595343,-27.89046230152415
401777026,11,Benedictine University,Concordia University Chicago,iii,iii,31,22.34504158009771,20.423654612591967,20.854674895656633,21.813460454105766,23.86593860909083,28.428629696070118
401774437,11,Rose-Hulman,Anderson (IN),iii,iii,38,14.109073169448152,13.627914592379899,13.120218929806697,12.05694114699319,15.55454505896224,19.8909607275046
401773979,11,Fort Valley State,Albany State GA,ii,ii,-45,-16.788870012883837,-16.61082375941873,-17.793116075409063,-19.765904722536398,-17.442720529161406,-19.404272077994232
401773898,11,Colorado School Of Mines,CSU Pueblo,ii,ii,-7,-6.461023534759811,-7.759164438051723,-9.498861223859485,-10.562256757784397,-7.21896279551509,-9.492780577780952
401767480,11,Northwestern State,Incarnate Word,fcs,fcs,-35,-12.463127442145174,-17.919876637542366,-18.048840565548645,-17.70103831072175,-15.510525405998152,-24.652719297557233
401773878,11,Adams State,Black Hills State,ii,ii,-59,-13.865035616945839,-16.462190378863397,-18.857850750308835,-20.341346473490304,-16.25896277690249,-23.44074425677232
401766730,11,Beloit,Chicago,iii,iii,-40,-24.244142990506887,-27.96713468207358,-29.832087656427106,-32.113120489520725,-28.490064215137515,-41.22782788902947
401773171,11,Coe College,Loras College,iii,iii,56,21.926064718508417,26.452237861257963,30.32353773782784,32.41811970609547,23.81670521051364,29.4886266865294
401766729,11,Grinnell,Lawrence University,iii,iii,57,14.149206993851344,20.318738020724155,23.956446625605565,25.669008902136838,16.963157265926633,25.40500808215247
401773632,11,Northwest Missouri St,Missouri Western,ii,ii,31,25.87522525267211,25.18019367587658,25.153207970044406,25.236997798201536,26.662914224389265,29.025981139540555
401752894,11,Rutgers,Maryland,fbs,fbs,15,-1.8607108203881495,-3.7597005545367175,-6.292441250564092,-8.037646756180202,-1.5697564833972741,-0.6968934724244491
401767578,11,Western Carolina,Mercer,fcs,fcs,-2,-8.028468825169915,-9.63738734427258,-11.240043858983682,-12.49173927233888,-8.69578395285248,-10.697729335900167
401767283,11,Eastern Kentucky,Southern Utah,fcs,fcs,-10,-5.5966907250218,-6.8063662374188425,-8.31272230136523,-9.97778924868061,-5.856892919828898,-6.637499504250119
401767365,11,Alabama State,Texas Southern,fcs,fcs,18,17.878567126904294,19.373761385542927,19.912227040030423,19.647213861501804,17.71516025996847,17.224939659160622
401773389,11,Southwestern Oklahoma State,Ouachita Baptist,ii,ii,-4,-3.6439141112372955,-4.0555586778822015,-5.161864980231535,-6.199468690751258,-4.169845584332911,-5.747640003619928
401762504,11,East Carolina,Charlotte,fbs,fbs,26,28.592310356273096,28.93810649510681,30.56761862014926,32.87110085718062,29.75554569995585,33.24525173100442
401767069,11,Montana,Eastern Washington,fcs,fcs,5,26.758618259105113,27.637652369471,30.57315128688327,34.06566148315549,28.187185354942173,32.47288664245333
401773392,11,Southern Arkansas,Southeastern Oklahoma State,ii,ii,2,10.431799013342886,9.74555490436396,9.58890535258666,9.791576241609183,10.370398432695737,10.186196690754258
401767424,11,Mississippi Valley State,Jackson State,fcs,fcs,-39,-22.58469212154201,-24.19774331457147,-26.291812027700832,-29.119203309375628,-23.701164960308162,-27.05058347660673
401773368,11,Southern Nazarene,Harding University,ii,ii,-38,-36.97561104254237,-40.30741882286267,-44.36920371988788,-47.80856298762235,-40.52137763293135,-51.158677404098356
401767110,11,Montana State,Weber State,fcs,fcs,52,26.657753992337184,27.268113709094273,28.50178829476389,30.325644835773844,28.509168556765673,34.06341225005136
401777225,11,Guilford College,Averett,iii,iii,-6,11.776275752771177,13.467862758085776,15.057042845733626,16.534874042874925,13.921776023562394,20.358276835935946
401773350,11,Northwestern Oklahoma State,Arkansas-Monticello,ii,ii,33,-1.4433354339585165,-3.5567680600032148,-6.56099334406796,-9.680069930635767,-2.2276768474521518,-4.5807010879331145
401767356,11,Alabama A&M,Prairie View A&M,fcs,fcs,-43,-2.297988154756677,-3.7538937315242507,-5.0396700419770575,-6.3258385351840705,-2.945554663833846,-4.8882541910651
401773340,11,Oklahoma Baptist,Arkansas Tech,ii,ii,-13,-9.999829860678444,-11.015848167314696,-12.367106748550395,-13.253834437337535,-11.019280661593877,-14.077633064339825
401774021,11,Lane College,Kentucky State,ii,ii,-55,-24.259798578785077,-24.70387426539433,-26.971185198371543,-29.383442204279717,-25.065680754804337,-27.48332728286202
401767392,11,Grambling,Bethune-Cookman,fcs,fcs,8,6.293796257044181,5.7801152338026816,6.438119667994172,8.050383857844384,6.157271132986632,5.747695760813974
401767386,11,Arkansas-Pine Bluff,Florida A&M,fcs,fcs,-3,2.1839568152751667,0.8696116266475666,0.8348310852584007,0.9377440229868945,1.1031427052102636,-2.139299624984389
401767474,11,Houston Christian,Stephen F. Austin,fcs,fcs,-47,-19.916572959496847,-23.34355219211908,-24.327810742035474,-25.411315140365605,-19.640677846475775,-18.812992507412538
401757295,11,Delaware,Louisiana Tech,fbs,fbs,1,-8.497730224265334,-8.801756440421814,-9.793568683936398,-10.717434819100298,-9.140040404313828,-11.066970944459156
401767245,11,Abilene Christian,Utah Tech,fcs,fcs,21,14.979283587913425,15.510271223546717,15.934156404781016,16.871018308483713,15.318201496426331,16.334955221965245
401762505,11,Florida Atlantic,Tulsa,fbs,fbs,19,2.8457079734765767,3.9646176055672164,4.907972485618288,5.695669601418199,2.9926413298042718,3.433441398787025
401773757,11,Northern State,Minot State,ii,ii,-21,20.062720745130715,20.760906932624,22.38440481854999,24.396914371761767,20.427216843810477,21.52070513984976
401773892,11,Chadron St,Western Colorado,ii,ii,3,-9.196831798800766,-9.272217849393055,-9.8175873489054,-10.581802895492974,-9.368333994484964,-9.882840581537595
401773905,11,New Mexico Highlands,Fort Lewis,ii,ii,17,7.586579647661322,5.7845529644808185,4.342062594946407,3.3818555686648946,7.274416785550688,6.337928199218673
401774026,11,Miles College,Tuskegee,ii,ii,-1,-1.9255630095575427,-1.8243700363639483,-2.659838855538915,-3.17362252576552,-2.32915701411531,-3.5399390277885665
401774187,11,Wisconsin-Platteville,Wisconsin-Stout,iii,iii,1,16.8242432484424,18.2564146609591,19.30212807098175,20.81693386555054,18.10232270501165,21.93656107471977
401773993,11,Savannah St,Benedict College,ii,ii,-3,-7.947322053410048,-7.484464417102762,-6.9631705643615565,-6.1830520462630965,-8.404623117229207,-9.776526308686805
401757297,11,UTEP,Jacksonville State,fbs,fbs,-3,-1.996121109059498,-2.2483193764186904,-2.1249400611278375,-1.7703456353720615,-2.117509794738364,-2.4816758517748667
401757296,11,Middle Tennessee,Florida International,fbs,fbs,-26,-2.160754878199155,-2.2747992903379632,-2.222921066841362,-2.444443808412526,-1.9558657286460246,-1.3411982799865712
401754587,11,Miami,Syracuse,fbs,fbs,28,24.785629422482753,25.147401542608378,25.34832065276692,26.46506075196909,25.611726890619167,28.090019295028256
401783279,11,New Haven,Merrimack,fcs,fcs,10,-7.521838765454856,-6.383955044046052,-5.871166236623715,-5.996004526081862,-6.668886669249638,-4.110030380633914
401754590,11,UConn,Duke,fbs,fbs,3,-4.165770816689033,-4.234798850089174,-4.069612298871121,-3.644101253417425,-4.153059667934212,-4.114926221669695
401767562,11,Samford,East Tennessee State,fcs,fcs,-24,-16.6667845440919,-16.046176659924242,-16.798295076134288,-18.67785630628864,-16.735690391897034,-16.942407935312346
401752898,11,Iowa,Oregon,fbs,fbs,-2,-4.304982232467388,-6.712680756864067,-8.633220112833165,-9.165040086608045,-5.6460794823824045,-9.669371232127588
401756944,11,TCU,Iowa State,fbs,fbs,-3,4.46570151099257,4.750713520042378,5.131013848539741,5.5028696313918495,3.935165519387567,2.343557544572654
401752763,11,Missouri,Texas A&M,fbs,fbs,-21,-5.335373066678962,-5.822394204902661,-5.819437513210062,-5.8100442315879945,-4.493338345886748,-1.9672341835103637
401756943,11,Arizona,Kansas,fbs,fbs,4,8.299972669437874,8.656915548322857,9.771998566832998,10.671298451930742,8.383913363251622,8.635735444692966
401757298,11,New Mexico State,Kennesaw State,fbs,fbs,-3,-11.35775500168948,-11.67774370723885,-12.254599077422275,-12.790495435796142,-11.446145193637484,-11.711315769481653
401752764,11,Vanderbilt,Auburn,fbs,fbs,7,10.098837332857222,10.600320920130041,12.05069710782925,13.041404302836757,10.708922714946858,12.539178861215792
401767376,11,Alcorn State,Southern,fcs,fcs,18,14.000069740616357,11.567330360981659,11.492471190830951,12.339528605339645,13.507307573626955,12.02902107265853
401777165,11,Lewis & Clark College,Pacific Lutheran,iii,iii,-10,6.520387568511669,6.965105669098305,8.072070167725075,8.852084218311834,6.927924602599661,8.150535704863664
401774271,11,La Verne,Chapman,iii,iii,-16,-20.103973990363297,-21.732396432066686,-23.763007017549317,-25.89859173759543,-21.453664504638372,-25.502736047463724
401774259,11,Redlands,Claremont-Mudd-Scripps College,iii,iii,-14,5.988234679376548,5.769762442230842,5.530865409225058,5.4174881940514386,5.791991838186606,5.203263314616979
401777174,11,Willamette,Whitworth,iii,iii,-29,-23.292726400473647,-24.049116762458397,-24.961313035068308,-25.82955155326199,-23.874218407846858,-25.618694429966816
401773284,11,Bridgewater State,Anna Maria College,iii,iii,6,-1.7113022907066515,-1.8304659733144248,-2.0575346136120984,-2.458405678306285,-1.477190969730529,-0.7748570068022573
401761645,11,Coastal Carolina,Georgia State,fbs,fbs,13,13.588545078081038,13.583814401029388,12.876094503743957,12.121616349204976,13.674258366598188,13.931398232149627
401773913,11,Colorado Mesa,South Dakota Mines,ii,ii,26,14.498542810785315,14.488686832695143,15.074896333262537,16.08263610823194,15.314661543509938,17.763017741684095
401767254,11,Austin Peay,Central Arkansas,fcs,fcs,3,11.891282219936427,13.484104184371816,15.45324978704703,17.69381075473433,13.63515012143416,18.866753825927667
401767289,11,North Alabama,West Georgia,fcs,fcs,-7,-8.712054544099852,-9.033412179826595,-8.869996054952695,-9.512621100450257,-9.06779489332369,-10.135015940995306
401767542,11,South Dakota,South Dakota State,fcs,fcs,7,-4.575249160564098,-4.579064027717635,-3.7611595030504077,-2.4749944332929203,-5.586196512339786,-8.619038567666692
401773447,11,Truman State,William Jewell,ii,ii,18,24.31163148147072,24.62478183881997,26.43782158123613,28.612217366820943,24.94381907791798,26.840381867259772
401767487,11,Lamar,SE Louisiana,fcs,fcs,2,-1.5320820896927394,-4.1969153576151434,-7.33207235794017,-9.939815485685775,-3.5356170377675085,-9.546221881991714
401777151,11,Puget Sound,Linfield College,iii,iii,-63,-26.30498846214713,-26.921221527189825,-27.51005695987891,-28.046227342804073,-26.973115897351917,-28.977498202966558
401773519,11,Valdosta State,Delta State,ii,ii,4,-5.466690629595986,-5.494450603162321,-5.868866269018605,-7.030598753304174,-6.110989799271561,-8.04388730829821
401752899,11,Wisconsin,Washington,fbs,fbs,3,-13.37159579242261,-13.051214993542278,-13.484212172485101,-14.814759634806109,-14.158770084057064,-16.520292958960418
401777145,11,NEWBERG,Pacific (OR),iii,iii,6,4.327421943687501,5.0808880281886974,5.7704705357293005,6.177421296705701,4.212619349480445,3.86821156685939
401754588,11,North Carolina,Stanford,fbs,fbs,5,3.575445763786309,2.675902336459238,1.3864799112974175,0.17532792499144811,3.227280166138158,2.182783373193658
401766732,11,Colby College,Bowdoin,iii,iii,10,15.740930698888429,15.740930698888397,16.08303596204629,16.74093069888837,15.84619385678313,16.161983330467333
401776798,11,Hope College,Calvin University,iii,iii,52,19.202287726302536,24.263297418826202,29.243095213052964,33.424794273385004,20.955669963903897,26.215816676708155
401773112,11,Wilson,ERSKINE,ii,ii,30,4.4524160918319815,4.9593726995138105,6.4713629195371745,7.218500106058205,4.46225617011488,4.491776404963726
401761648,11,Louisiana,Texas State,fbs,fbs,3,-0.9929109217055956,-1.1872639253735144,-2.332902684137421,-3.687852349321812,-1.2677883208837404,-2.0924205184183045
401774325,11,Montclair State,College Of New Jersey,iii,iii,3,-5.210075489440184,-3.5650734338660914,-2.977877874347934,-3.1175332930895827,-5.2241200982373766,-5.266253924629222
401767465,11,East Texas A&M,McNeese,fcs,fcs,-15,4.962211257747162,3.2501937000481664,2.3491389789615535,2.0232712539693267,3.0494255053974033,-2.6889317516516638
401767129,11,Portland State,Sacramento State,fcs,fcs,-28,-14.637964664921533,-16.468713534844575,-17.319555766546124,-18.205471251689755,-15.873209478597317,-19.578943919624656
401773140,11,Shorter,North Greenville,ii,ii,-2,-11.958580166606477,-11.076846561951214,-11.46353542478632,-12.365262091065055,-12.221776228382467,-13.011364413710332
401777247,11,Shenandoah,Gallaudet,iii,iii,38,26.76928460370815,31.103685306440735,34.920521382438956,38.39373042294505,30.166714922377267,40.35900587838469
401767077,11,Idaho State,Cal Poly,fcs,fcs,10,-0.835182648452724,0.5601809439223082,0.16215780263580193,-0.21059953697850808,0.1400632808607476,3.06580106880107
401767518,11,UT Rio Grande Valley,Nicholls,fcs,fcs,7,13.713164319559928,20.051843525400873,22.676651230432046,24.068655613105136,16.553405171455957,25.074127727144248
401773925,11,Catawba,Anderson (Sc),ii,ii,24,7.126457526170133,7.097772065438351,7.020828318757028,6.9590721140033995,7.206377676603065,7.4461381279016425
401773999,11,Clark Atlanta,Morehouse College,ii,ii,3,4.513375079130622,4.747159161068547,5.1697971595916705,6.047196855360365,4.777067212890916,5.568143614171966
401774312,11,Christopher Newport,Salisbury,iii,iii,3,0.0668839124357401,1.9320900469646922,3.6514710547857447,3.736610548506487,0.5082924540468703,1.8325180788803408
401760406,11,San José State,Air Force,fbs,fbs,-10,4.2990822724586835,4.426638320049431,4.726891111792723,4.401572943281078,4.172168508890504,3.791427218186003
401767117,11,Northern Arizona,Northern Colorado,fcs,fcs,39,6.4670140685117925,6.457027652609124,6.2746394401399765,5.928862242678131,6.7957591800662875,7.781994514729863
401773859,11,East Stroudsburg University,Millersville,ii,ii,24,26.17303996140573,27.557316851670397,29.189156867460735,30.458549484011893,26.946551143489852,29.267084689742216
401754586,11,Clemson,Florida State,fbs,fbs,14,-1.7331346073919534,-4.319803826226796,-5.238248260242447,-4.879865232761883,-3.7381876119805675,-9.753346625745909
401767095,11,Idaho,UC Davis,fcs,fcs,-14,-3.2137582406188745,-3.276216034881715,-2.331040463399283,-0.8298479310931306,-2.3661771310465305,0.1765661976703612
401777297,11,CENTENARY,Austin,iii,iii,-10,-1.6279825258137244,-0.8654770843416983,-0.729657606186187,-1.2665710243777752,-2.1998871392397916,-3.9156009795179827
401754585,11,Louisville,California,fbs,fbs,-3,19.332286535198154,19.77226269116361,20.794702298071737,21.79192352917623,19.613264284930228,20.45619753412655
401754589,11,Virginia,Wake Forest,fbs,fbs,-7,10.832869228607755,11.319712757158719,12.014385807253596,12.669178206763096,11.336737681832432,12.84834304150661
401773543,11,Angelo State,Western Oregon,ii,ii,-24,8.027620100233358,8.797823167764708,8.397950568669689,7.645912830598125,8.304563592787702,9.135394070450507
401752760,11,Kentucky,Florida,fbs,fbs,31,-2.2732144083263073,-3.139538164869016,-4.063264639060343,-4.907324467109536,-2.8591859169678777,-4.617100442892848
401757166,11,Notre Dame,Navy,fbs,fbs,39,22.004118794901498,22.58551886700941,23.558435315879468,24.699788162334528,22.765481636861335,25.049570162741084
401752759,11,Alabama,LSU,fbs,fbs,11,8.12823005211266,9.006288720091234,9.266322007333272,9.000481202818534,8.871276936389101,11.100417589218097
401760409,11,Utah State,Nevada,fbs,fbs,37,12.827200439644171,13.132944088461674,14.374714946662078,16.177900506064564,13.467752385468746,15.389408222942262
401773571,11,Texas A&M-Kingsville,Western New Mexico,ii,ii,51,21.721294115376907,25.146641110292197,29.06985153284692,31.679584788178627,24.26871356166116,31.910971900513832
401773591,11,Sul Ross State,Central Washington,ii,ii,-66,-37.31920994371974,-48.95065162796974,-54.56206000872521,-57.51921336130741,-43.592978357920686,-62.4142836005236
401773553,11,UT Permian Basin,Eastern New Mexico,ii,ii,13,23.0500820619516,27.116139848267693,29.07889742250531,30.700497547055434,24.816527490225667,30.115863775047785
401752895,11,UCLA,Nebraska,fbs,fbs,-7,-4.04519281084173,-5.728472882640389,-7.6687429227224975,-9.558657607352874,-5.986635004027288,-11.810961583583808
401760407,11,Colorado State,UNLV,fbs,fbs,-32,-4.201037529110376,-5.120216669303776,-5.1867079319265414,-5.281406254167305,-4.055004231807661,-3.6169043398995733
401783817,11,Pomona Pitzer,California Lutheran University,iii,iii,10,-2.2907726767084,-2.2958737318467133,-2.2503402681600564,-2.208905275499621,-2.2591224289257,-2.16417168557767
401752944,11,Oregon State,Sam Houston,fbs,fbs,-4,16.831059876789293,17.730660294662666,18.315851542304294,18.637590032048685,18.063424922054246,21.760520057848925
401760408,11,Hawai'i,San Diego State,fbs,fbs,32,-7.396038542725808,-8.081389367766768,-8.879491671541842,-9.630612756661819,-8.234547986348744,-10.750076317217168
401762856,12,Akron,Kent State,fbs,fbs,-7,3.184871034258931,5.841430885176376,6.489428255985381,6.64340508845836,3.5854665865445376,4.787253243401583
401762857,12,Western Michigan,Ohio,fbs,fbs,4,1.5676237318921906,1.485063924365111,1.6778139464929858,2.436031046971813,1.8567728727920745,2.7242202954916834
401762858,12,Central Michigan,Buffalo,fbs,fbs,19,4.892130338172706,5.250372383568264,5.469051710832575,4.701377505039689,4.493353002918539,3.297020997155963
401762859,12,Massachusetts,Northern Illinois,fbs,fbs,-42,-8.667742149760924,-9.317231867080917,-9.700921000448519,-10.097677860550094,-9.46248993290603,-11.846733282341155
401762860,12,Miami (OH),Toledo,fbs,fbs,-21,-1.748066382891249,-3.4862993376387656,-5.686938920399747,-7.000394397324044,-2.6054473085930177,-5.177590085698068
401761649,12,Old Dominion,Troy,fbs,fbs,33,9.924287961914949,11.515046146492217,13.646692543960057,15.662777922474739,10.70584437451512,13.050513612315601
401767414,12,North Carolina Central,South Carolina State,fcs,fcs,-7,6.221579152722748,5.916852925908721,6.720652973596049,7.3122402787972245,6.241238976003626,6.300218445846255
401774313,12,College Of New Jersey,Christopher Newport,iii,iii,-20,-8.171875253928194,-12.881935962285807,-16.826436473128517,-19.347723973461488,-10.359840756622171,-16.923737264704076
401774139,12,Salisbury,Castleton,iii,iii,50,43.482408266085386,44.972856817803404,48.21801696554171,52.6580958579747,46.55945708601859,55.79060354581821
401774155,12,MIT,Norwich,iii,iii,34,24.36788876007813,23.547999541755253,24.549971740683166,27.509020081558297,25.719305014021003,29.773553775849805
401754591,12,Louisville,Clemson,fbs,fbs,-1,12.062136807189589,12.107484940412043,11.793186095570167,10.963496579081873,12.239995053198644,12.773569791225459
401833370,12,Augsburg,Hamline University,iii,iii,40,15.322421463681906,16.550744453763127,18.02589308765956,19.974689000446972,16.987767084029166,21.98380394507113
401752904,12,Oregon,Minnesota,fbs,fbs,29,21.517076157723555,22.58944172210935,26.077521241882923,28.970195160394514,23.482997708679093,29.380762361545813
401834154,12,Austin,CENTENARY,iii,iii,2,4.627982525813724,3.8654770843416983,3.729657606186187,4.266571024377775,5.199887139239792,6.915600979517983
401767501,12,Murray State,North Dakota,fcs,fcs,-18,-30.66932537893068,-31.868917957720868,-34.324723802899705,-38.14874357247211,-31.390061002224662,-33.55226787210676
401767610,12,Marist,Davidson,fcs,fcs,27,12.083491049368583,12.314503243974071,14.02266554387779,15.8485722040414,13.546293451292174,17.93470065706319
401767138,12,Bryant,New Hampshire,fcs,fcs,-28,-8.308385956246246,-9.621292446421144,-10.362459567301407,-10.728657846968899,-7.904073308552219,-6.69113536547005
401767677,12,Columbia,Brown,fcs,fcs,-3,-4.557685262989979,-5.872708043181566,-7.2197193295487025,-8.221264935686154,-5.495042516244009,-8.307114276006281
401773833,12,Millersville,Edinboro University,ii,ii,-53,-16.081130527804206,-17.775855242868232,-19.70596697973203,-21.157257388838843,-16.697782165156852,-18.54773707721496
401776786,12,Albion,Calvin University,iii,iii,-29,-5.239925463856622,-3.3699339435561466,-2.543263226317382,-2.1098948390061487,-6.227384977498939,-9.189763518425725
401773844,12,Kutztown University,Indiana-Pennsylvania,ii,ii,5,12.928888197182072,12.074964434960929,14.296470095604363,17.60546348265212,14.048221660570352,17.406222050735007
401777213,12,Otterbein,Ohio Northern,iii,iii,-42,-26.188225132281893,-28.770611133930025,-32.26042110646313,-36.85200675791754,-29.330419018881102,-38.75700067867867
401783343,12,FDU-Florham,Reading,iii,iii,49,6.718864172221995,8.55593362047604,9.48016880831743,9.647966757841218,7.360708085679981,9.286239826054047
401777968,12,Walsh,Northwood (MI),ii,ii,-4,-6.604452557229806,-7.951489539552986,-10.49433956254663,-13.066984302698156,-7.77218526730465,-11.275383397529158
401777323,12,Coast Guard,Merchant Marine Academy,iii,iii,-1,6.26607611249411,7.333406861298505,7.621948546801185,8.00791902176172,5.805954650987282,4.4255902664666
401777010,12,Fitchburg State,Westfield State,iii,iii,-3,6.759415702358112,8.123921093171028,9.745819200395651,11.20610213127361,6.840923328187305,7.085446205675215
401774342,12,Southwestern University,Berry College,iii,iii,-42,-23.392883132843245,-24.116816690111143,-26.734032436920266,-30.0852248433364,-24.962213551688883,-29.67020480822606
401767775,12,Wagner,Stonehill,fcs,fcs,6,-0.0753752271316599,-0.09141629349084246,-0.4388217562118797,-0.816475218473478,-0.4075594368963129,-1.4041120661902413
401774234,12,Greensboro College,Methodist,iii,iii,1,5.522363234424574,3.911569013898635,2.511060072829082,1.8274577385506063,4.796588743454471,2.6192652705439876
401767767,12,Mercyhurst,Robert Morris,fcs,fcs,14,7.999039963106469,9.331735080573594,9.85475759735708,9.892830297481856,8.416247645598638,9.667870693075484
401778003,12,Endicott College,Curry College,iii,iii,28,16.5913218379942,17.33794958814289,20.376451380508954,24.071586717805694,17.263735607162793,19.28097691466879
401767760,12,St. Francis (PA),Long Island University,fcs,fcs,-7,-13.287008064300988,-14.42520407620108,-15.264755664999196,-15.83356090121979,-13.82452700601025,-15.437083831138072
401786380,12,UMass Dartmouth,Plymouth State,iii,iii,21,0.9982003253031895,2.856976551786433,4.6575857157417175,5.803004608577121,1.6800071060270518,3.725427448198694
401773809,12,Bloomsburg,Slippery Rock,ii,ii,6,-14.832950562035457,-15.994538582842324,-18.60738225599774,-21.08758491131725,-15.623895535575016,-17.996730456193294
401774050,12,Ithaca College,Cortland,iii,iii,5,-9.421723802370183,-10.297373500676049,-11.959612454544777,-14.201793031258596,-10.243880907800028,-12.710352224089633
401773477,12,Michigan Tech,Saginaw Valley State,ii,ii,-3,10.039485074308196,9.504741069271628,8.544589020495028,7.471336870118481,10.122638675198779,10.372099477870425
401767670,12,Bucknell,Holy Cross,fcs,fcs,-17,-1.8702874818265585,-1.8688944369783123,-2.1341958541990795,-2.907293707093621,-2.4810196541648235,-4.3132161711795565
401777273,12,Case Western Reserve,Geneva,iii,iii,-27,12.332290211733389,17.085107790181894,22.338990689231125,25.258146433516867,13.608471823654858,17.437016659419253
401778021,12,Worcester Polytechnic Institute,Salve Regina,iii,iii,-36,-11.975695072512575,-11.721578120115751,-12.185645524653056,-12.859353808955705,-12.158729628035184,-12.707833294602809
401754597,12,Pittsburgh,Notre Dame,fbs,fbs,-22,-6.217045094601261,-5.684613795375924,-5.033149984374852,-4.933328412586292,-6.028682095558928,-5.463593098432149
401752901,12,Indiana,Wisconsin,fbs,fbs,24,30.640760104863745,32.38026247342738,34.562222291166634,36.89189409450576,33.482111648278476,42.00616627852245
401773724,12,Pace,Franklin Pierce,ii,ii,-14,-14.96220707268581,-15.629921844458408,-16.310345775679778,-17.090489690890728,-15.016726464375509,-15.180284639444668
401777265,12,Ursinus,Carnegie Mellon,iii,iii,7,-5.0837597809569015,-7.418547711979171,-8.091755440506674,-8.791082381445827,-5.974021860877729,-8.64480810064031
401786486,12,Worcester St,Framingham State,iii,iii,-1,-6.538995179471222,-6.74395694808317,-6.860814386202971,-6.945132286177511,-6.790677816361434,-7.545725727032252
401773275,12,St John Fisher University,Alfred State,iii,iii,27,8.45691480687744,8.57533598849113,8.747670919733142,9.13251143926934,9.144506776118602,11.207282683841814
401774244,12,Maryville College (TN),Trinity University TX,iii,iii,-17,0.3011943909843442,-1.5991878885219295,-3.619602672312496,-5.083552974916564,-1.79593269721543,-8.087313961814765
401773285,12,Anna Maria College,Dean College,iii,iii,47,34.58615051462842,37.29962161094835,39.508181381395346,41.32596742346788,35.59746988943261,38.631428013845586
401773312,12,Hartwick,Hilbert College,iii,iii,52,14.862313464990464,13.871240256549587,13.47825261787979,14.311419611553667,15.950860210538472,19.21650044718251
401776983,12,Biddeford,New England College,iii,,56,42.487657371605366,46.87461149040709,52.95739065993454,57.78182011770601,47.255413896629626,61.55868347170245
401783281,12,West Chester,Assumption,ii,ii,-18,-2.740446567500122,-3.29392330543104,-5.984957339872082,-8.652606169486067,-2.5987818368748847,-2.173787644999507
401777001,12,Misericordia,Kings College (PA),iii,iii,6,7.19850968472624,7.664077686382776,9.929450374117103,12.776113845777619,7.152010596330233,7.01251333114209
401773715,12,Bentley,American International,ii,ii,14,14.730761233247438,15.648641132903924,16.220121361297664,15.825040910599544,15.40352239973291,17.421805899189188
401773461,12,Davenport,Ferris State,ii,ii,-21,-14.103555863010918,-17.329901053350483,-19.463349728718885,-20.14003116506135,-16.48039225748357,-23.610901440901706
401773675,12,Fairmont State,Frostburg State,ii,ii,-17,-8.118249383003311,-8.18998637889697,-8.772326208790945,-9.431470878373883,-8.42816763565864,-9.357922393624625
401773695,12,West Liberty,Wheeling,ii,ii,1,-4.956690098734594,-4.504047117014926,-4.070167607777531,-3.6064119435557913,-4.852917364672528,-4.541599162486419
401777616,12,Northwestern (MN),Westminster College (MO),iii,iii,-9,9.074108197005952,8.834353080508262,7.491569688132849,6.294055233700426,9.101885530307783,9.185217530213329
401783919,12,Bridgewater State,Mass Maritime,iii,iii,-13,4.139310153021501,4.258773976444967,4.16848040003541,3.56157624343415,4.17886513942728,4.2975300986446285
401773656,12,West Virginia State,University Of Charleston (WV),ii,ii,-17,-4.95200904892392,-4.86844516234142,-6.227497904538787,-8.04592285798194,-6.11680110764191,-9.611177283795838
401774146,12,Wilkes,Western Connecticut St,iii,iii,38,9.076112988120663,10.635661268430653,11.02286609618717,10.364241385751601,9.403707822626203,10.386492326143104
401783348,12,Delaware Valley,Widener,iii,iii,21,17.13363611038168,17.645173702902426,18.041301393334273,19.087594945706073,18.013532540560767,20.6532218310982
401767619,12,Dayton,Drake,fcs,fcs,-8,-2.8943168910766666,-2.3984791141131296,-1.5622773645376355,-1.4509494384713761,-3.64591405831459,-5.9007055600285945
401767563,12,Western Carolina,East Tennessee State,fcs,fcs,-17,2.4956567538159096,3.360374285692833,3.873592245282733,3.312078570730982,3.0179567738694413,4.5848568340299565
401767663,12,Sacred Heart,Merrimack,fcs,fcs,5,5.0447382969911505,4.760692766931088,3.8447153330515325,2.878038659589235,5.053692563963942,5.080555364882292
401767748,12,Duquesne,Central Connecticut,fcs,fcs,5,3.6508950666349334,5.204466108548514,6.349023719160036,6.615853962043565,4.045899800892336,5.230914003664472
401752772,12,Texas A&M,South Carolina,fbs,fbs,1,18.76947814723686,19.10465040316572,19.717976421789864,20.327629456586926,18.653832387816603,18.306895109556123
401767707,12,Harvard,Pennsylvania,fcs,fcs,2,19.934173682486247,22.71041775052563,25.78304989460693,27.765052947025122,20.945735537156672,23.98042110116761
401776992,12,Albright,Lebanon Valley,iii,iii,-3,-5.43036945412921,-6.095416524556692,-7.441813776486299,-8.24956182882394,-5.831342405959077,-7.03426126144883
401773241,12,Findlay,Tiffin,ii,ii,-2,7.431782663490811,6.106992347564251,5.130089936872949,4.534747521262677,6.80247107984993,4.914536328927149
401767402,12,Norfolk State,Morgan State,fcs,fcs,-7,-3.7013595156823182,-1.9254044872238536,-1.0893770315275964,-2.538509007643139,-3.473775815884145,-2.791024716489587
401773731,12,Southern Connecticut State,Post University,ii,ii,7,4.173512000611204,4.827007814772166,5.386194067044574,4.8868125545097065,4.372408670239693,4.969098679125139
401767452,12,Youngstown State,Indiana State,fcs,fcs,19,8.566655156380495,10.753448676757872,12.574972273703542,13.666676146511147,10.213177040013207,15.1527426909114
401767263,12,North Carolina A&T,Monmouth,fcs,fcs,-44,-20.20472089253976,-22.827621372112354,-24.792749211459626,-25.81603353665453,-22.051497884431043,-27.591828860104755
401773863,12,Shepherd,Seton Hill,ii,ii,8,11.913441170022452,11.777692839183175,12.695664301694556,13.841493722028408,12.331334993041313,13.585016462097741
401756951,12,Cincinnati,Arizona,fbs,fbs,-6,1.3545738356425474,3.04903095056531,1.9876044733008627,0.8359776031572963,1.7950325010580528,3.116408497304711
401757174,12,UConn,Air Force,fbs,fbs,10,10.418667466584072,10.885387674728051,11.793562903717856,12.91984879154554,10.736381647374053,11.68952418974403
401762507,12,Charlotte,UTSA,fbs,fbs,-21,-16.202894263478562,-16.23058689542936,-17.800522202788052,-20.435162172415268,-16.83416331183335,-18.727970456897978
401762510,12,Navy,South Florida,fbs,fbs,3,-7.9217416167283226,-8.357958084799993,-8.971030483370118,-9.346937129808275,-8.406122135657373,-9.859263692444571
401762861,12,Ball State,Eastern Michigan,fbs,fbs,-15,4.916267560498984,5.112480897708206,5.305843230260429,4.4802064141152655,4.39393758187251,2.826947645993183
401752905,12,Northwestern,Michigan,fbs,fbs,-2,-8.610997794528025,-9.097896960667477,-10.197109114078785,-10.75029783634432,-9.36321289596858,-11.619858200290132
401788998,12,Princeton,Yale,fcs,fcs,-3,-8.410525336082783,-7.76716009769612,-7.203476081757142,-7.289757913498526,-8.446557071075166,-8.554652276052549
401756952,12,Oklahoma State,Kansas State,fbs,fbs,-8,-17.86613922215046,-18.66611721138215,-20.373841630514235,-22.13452166211926,-19.153668307613678,-23.016255564003288
401774098,12,Moravian,Susquehanna,iii,iii,-41,-28.99719493602908,-32.67087716309417,-37.6027844405448,-41.366488218303026,-32.54237318215684,-43.177907920540164
401752768,12,LSU,Arkansas,fbs,fbs,1,9.15232693396673,10.32824829466864,12.273608187487724,13.4988935105455,9.579231364129562,10.859944654618086
401774129,12,Trine University,Kalamazoo,iii,iii,1,11.629492032159067,14.6331957191815,16.521643022866083,17.89918706043969,12.785200628882546,16.252326419053013
401767543,12,Southern Illinois,South Dakota,fcs,fcs,-2,5.539837483472432,5.208959701770462,5.2002623993997155,6.203886946997493,6.510297428324442,9.421677262880284
401767348,12,Delaware State,Howard,fcs,fcs,13,9.684321153207517,10.334269976771878,11.799741346965908,13.692660577351882,10.711148699349915,13.791631337776964
401783357,12,Stevenson,Eastern University,iii,iii,-6,-2.86881767355284,-2.9626085467017678,-2.638194973946142,-2.4987550932149567,-3.0579262306289454,-3.6252519018573857
401783910,12,Springfield,SUNY Maritime,iii,iii,16,13.031939775239778,11.837481112038928,10.096384353245842,9.051332474579462,13.091465552454668,13.270042884099247
401773303,12,Alfred University,SUNY Morrisville,iii,iii,13,12.324763742176273,13.460897260666407,13.200635128847203,11.882929239277392,12.400276947952264,12.626816565280386
401756948,12,Arizona State,West Virginia,fbs,fbs,2,14.88689721910966,15.079894019208446,15.990341367752627,16.85659658166059,14.787371224521618,14.488793240757477
401806686,12,Augsburg,Hamline University,iii,iii,40,15.322421463681906,16.550744453763127,18.02589308765956,19.974689000446972,16.987767084029166,21.98380394507113
401766738,12,Beloit,Illinois College,iii,iii,-31,-23.478373120260535,-29.137716636836103,-30.486705067893368,-31.769041574192897,-27.60337605147534,-39.97838484511979
401767737,12,Colgate,Lehigh,fcs,fcs,-20,-14.083450625945702,-14.253285546214297,-14.158279610714544,-14.087936341451623,-14.529185858584157,-15.866391556499408
401773215,12,Ashland,Lake Erie,ii,ii,20,30.905467265383685,33.486902249059774,37.28924412129915,41.055884307680714,32.62512008146177,37.78407852969602
401766739,12,Monmouth (IL),Knox College,iii,iii,69,43.75806899989119,50.33682944242785,53.32762126733921,56.20630540596433,49.49750930056918,66.71583020260319
401767331,12,UAlbany,Towson,fcs,fcs,-17,-9.282221497804478,-8.993684962717857,-10.047063093728447,-11.076731617657956,-10.034220303479003,-12.29021672050262
401774379,12,North Central College,Illinois Wesleyan,iii,iii,17,29.090894468529687,33.52799050675304,36.842927691917595,39.26913301981031,34.16774261002283,49.398287034502275
401774391,12,North Park,Wheaton,iii,iii,-46,-21.51962984483348,-24.25573335319605,-28.517816935537237,-31.298821442149517,-25.27732940772978,-36.55042809641842
401773503,12,Kentucky Wesleyan,Thomas More College,ii,ii,-3,-1.3850048708805112,-1.2647767388096653,-1.724614698340151,-2.017573173294604,-1.6602026650445918,-2.4857960475368195
401767695,12,Dartmouth,Cornell,fcs,fcs,10,14.133365235549075,14.982045400296194,16.585344045460353,18.287400637137058,14.545515040368123,15.781964454825273
401773750,12,Minnesota State Mankato,Minnesota State Moorhead,ii,ii,-8,13.059266728713895,13.619730782739827,13.571220723497216,14.214868181078337,12.87499208670336,12.32216816067156
401773781,12,Concordia University St Paul,Sioux Falls,ii,ii,-16,-22.19464451577705,-22.014087600135824,-22.138442314328703,-22.275568265213895,-23.35181674137529,-26.823333418170016
401767571,12,Furman,VMI,fcs,fcs,18,15.706945880637294,16.805574150086443,18.861018145050338,21.06042493237832,16.513250256807012,18.93216338531617
401767393,12,Jackson State,Bethune-Cookman,fcs,fcs,15,13.685561558720668,13.516266106148251,13.826276152825978,15.739265127109032,14.172138484943492,15.631869263612069
401767717,12,Georgetown,Fordham,fcs,fcs,14,9.585781157660993,8.66733172862334,7.327952882783112,6.423216755052852,9.202457753520594,8.052487541099485
401767654,12,Valparaiso,Stetson,fcs,fcs,1,-0.16109845426339398,-0.5173850861110836,-1.0903531932718273,-2.5697714366392397,0.7785060482640009,3.5973195558462123
401774217,12,Southern Virginia,Lagrange College,iii,iii,-38,-5.04213379981827,-4.630233264250426,-3.0201096565629317,-1.225750236439744,-4.70015558284795,-3.674220931936988
401774365,12,Carthage,Carroll University (WI),iii,iii,4,1.3019894612877838,3.7747207599488544,4.830691510714654,4.841892570128847,1.413415440965256,1.7476933799975356
401806932,12,Lawrence University,Ripon,iii,iii,-41,-13.885312626111016,-20.476178436911574,-24.859470920965332,-27.1081378601586,-18.27253987168786,-31.43422160841844
401773818,12,Shippensburg,PennWest California,ii,ii,-25,-17.452290384141833,-18.62233548388658,-20.311218805528796,-22.20102051430787,-18.77568080710479,-22.745852075993586
401777248,12,Shenandoah,Washington and Lee,iii,iii,3,0.1550206176859925,0.2605589693860555,0.11140658416331561,-0.38916634620346713,-0.08999968082895116,-0.8250605763736134
401778029,12,Greenville,Crown College,iii,iii,-18,0.002881463741061907,0.3641972660861015,0.8858098744118941,1.4551000124876978,0.48497813933748546,1.9312681661266602
401788994,12,William Paterson,Montclair State,iii,iii,-3,-3.6033230933165505,-4.517248413866266,-6.219779019823331,-7.576775124167778,-4.717906710175525,-8.06165756075234
401806689,12,Gustavus Adolphus,Macalester,iii,iii,24,12.150326234874711,17.619996491795455,20.65246177404103,22.804940185036024,15.431691149859883,25.275785894815392
401777260,12,Allegheny,Bethany (WV),iii,iii,36,21.171318423250266,23.738942330826475,25.734971903284105,28.353558361102536,22.75515103501366,27.506648870303696
401783328,12,St. Lawrence,University of Rochester (NY),iii,iii,20,-10.446644881737399,-10.950254447509673,-13.192146597065147,-14.93848475559857,-11.272851892408749,-13.751472924422899
401806688,12,Carleton,Concordia Moorhead,iii,iii,-7,8.890178427117137,9.783862416204748,11.177502149497128,12.242466847797365,9.271204419585933,10.414282396992355
401777994,12,Muhlenberg,Dickinson (PA),iii,iii,13,12.24559460665759,16.657527526154155,20.09969052823419,21.878259105702583,13.751551768466218,18.269423253892064
401774357,12,Augustana (IL),Washington University (St. Louis),iii,iii,-22,0.395712948183192,-3.285840045952831,-5.697483744699644,-6.174874014113007,-0.9981091997826077,-5.179575643680019
401777226,12,Averett,Roanoke College,iii,,-1,-16.146834714356963,-19.0651489891657,-22.2914318159899,-24.912377626591848,-18.92898148117288,-27.27542178162044
401774384,12,Millikin,Elmhurst,iii,iii,7,12.454036711284921,13.82130055546892,14.471848788423529,14.126712419367887,14.067958133987904,18.909722402096968
401777094,12,Hiram College,Grove City College,iii,iii,-49,-25.95710921761284,-28.882888068205773,-30.694873266201036,-31.233481623399534,-28.89864154829683,-37.72323854034879
401777033,12,Concordia-Wisconsin,Eureka College,iii,iii,35,33.768885822457875,36.58809991706917,40.296158806524716,44.67937836388758,36.431838981166635,44.42069845729287
401777235,12,Randolph-Macon,Hampden-Sydney,iii,iii,28,3.087155525369427,-2.342159609083282,-2.1996003273005016,-0.5975976056686516,1.8422553815977647,-1.892445049717221
401777291,12,Washington & Jefferson,Thiel,iii,iii,67,36.166572188268475,43.85486491254801,49.68280730615909,53.236493199728045,40.52605076759734,53.60448650558388
401777288,12,Saint Vincent,Westminster (PA),iii,iii,-43,-20.545727043002003,-21.50674250126474,-22.74824796264084,-24.11752566952988,-22.781630090280554,-29.489339232115995
401773469,12,Grand Valley State University,Roosevelt,ii,ii,56,31.638660628444764,34.231595523225785,37.009503582868895,38.70716271741364,34.12073682243553,41.56696540440788
401773935,12,Lenoir-Rhyne,Catawba,ii,ii,2,3.430527948099522,3.494402064848093,3.308886743577199,2.2855914563111295,3.543187163380667,3.881164809224318
401777736,12,McDaniel College,Gettysburg,iii,iii,-13,6.478714263201006,5.166534192399489,4.16704100683409,5.124651187566592,4.3875094393465055,-1.8861050322169
401774071,12,Franklin & Marshall,Johns Hopkins University,iii,iii,1,-15.58651274486229,-18.690170932014468,-22.94328492477768,-25.741156778955855,-17.130157400185006,-21.761091366153437
401777779,12,Western New England,Nichols College,iii,iii,43,22.436776705811518,25.706696697323185,30.36030854896793,34.903198427952226,25.175234932928248,33.390609614278446
401773360,12,Southeastern Oklahoma State,East Central (OK),ii,ii,5,-2.071167106363415,-0.901070873542384,0.22336637747547705,1.3455723974072615,-0.7320814718900159,3.2851754315301847
401806690,12,Saint John's (MN),St. Olaf,iii,iii,42,32.20967907149232,38.45847651119482,42.14558941088269,45.0976427978008,36.630296150151175,49.892147386127746
401773797,12,Winona State,Southwest Minnesota State,ii,ii,24,17.096515522400722,18.700912201729643,21.46387342572239,23.472965704764746,18.55121874863125,22.9153284273227
401773483,12,Northern Michigan,Wayne State (MI),ii,ii,34,6.353836078897086,6.631738752984438,6.89765680109854,6.956767218628432,7.267205371422724,10.007313248999534
401773690,12,West Virginia Wesleyan,Glenville State,ii,ii,-40,-24.194096631410048,-26.427182557592126,-30.17204440833082,-33.832095408611565,-25.749311272981522,-30.414955197695896
401773638,12,Nebraska-Kearney,Central Missouri,ii,ii,-14,6.290267665474177,5.611477614901852,4.537842652734946,3.4042737619534797,5.58875745643658,3.4842268293234273
401774105,12,Hobart College,Buffalo State,iii,iii,26,23.79689936155715,24.11803846425097,27.47518204524828,31.162925185186428,25.542071498534376,30.777587909466046
401773839,12,Lock Haven University,Gannon,ii,ii,21,13.215967429193977,13.084817497286178,12.400818272439029,12.138902527688852,13.552122174013444,14.56058640847175
401773330,12,Hillsdale,Ohio Dominican,ii,ii,17,5.038190532389285,5.115892261054738,6.438423353858201,7.3157800741014505,5.490716003406519,6.848292416458301
401774090,12,Juniata College,Lycoming,iii,iii,-8,-16.63539144053796,-16.210886989383482,-18.094046960207283,-20.898403143227245,-17.54377868674231,-20.268940425355353
401766737,12,Grinnell,Cornell College (IA),iii,iii,-5,-0.951211349182497,-0.5599547325442522,0.4932961566565375,1.4852163272787173,-1.1441336012275585,-1.7229003573627821
401774319,12,Kean,Rowan,iii,iii,-13,-22.47142670819446,-25.79906870002595,-28.819483412492495,-30.93532650440617,-23.988237777227912,-28.538670984328164
401777138,12,Wittenberg,Kenyon,iii,iii,35,18.959357642719684,19.252062293583954,19.819576658646522,20.162931929541706,20.686995497646677,25.869909062427663
401777101,12,Ohio Wesleyan,Oberlin,iii,iii,35,24.178369772703384,29.67280441729694,33.08470687141029,37.04339075719336,30.39887771446347,49.06040153974393
401777018,12,Concordia University Chicago,Aurora,iii,iii,-33,-18.608401039390245,-20.123605213702515,-20.576929712609363,-20.361999053341624,-20.462292040102973,-26.023965042240963
401773943,12,Carson-Newman College,Greeneville,ii,ii,26,31.569707440601945,31.868767062427764,33.57136213308979,35.9061104454524,32.04840384862708,33.48449307270243
401774308,12,Husson,Maine Maritime,iii,iii,41,27.64456585031373,34.803383489176085,39.795682453488766,42.115668485140205,32.670801894996316,47.74951002904405
401776800,12,Hope College,Olivet College,iii,iii,57,39.85000977406409,46.801407062321395,52.67841992457759,57.79372967982998,42.67021755861638,51.130840912273335
401774226,12,Brevard College,North Carolina Wesleyan,iii,iii,39,4.109754610623657,3.241624295638303,1.851330349384737,0.6619443597857622,3.5074435225237863,1.7005102582242664
401777077,12,Denison University,John Carroll University,iii,iii,-27,-11.564432963649807,-14.858228779920154,-18.591423062736226,-22.022871284347495,-13.636416798052643,-19.85236830126132
401774116,12,Union (NY),Rensselaer,iii,iii,7,-2.5591065997696063,-3.230916402657682,-3.2144952073635658,-2.913173666943738,-3.9736934301562385,-8.217453921316235
401807013,12,Lake Forest College,Chicago,iii,iii,6,3.151830834808374,6.265161200080388,8.437114699524626,9.011264531871275,4.311335738403106,7.789850449187185
401767194,12,Maine,Rhode Island,fcs,fcs,-32,-3.3400206574420057,-1.9657551222048024,-1.3934629354496426,-0.4934858233077968,-3.644481228098744,-4.557862940068723
401767187,12,Hampton,William & Mary,fcs,fcs,-41,-14.515432018476659,-16.708027151303195,-17.76008330626568,-18.012564061366305,-14.913846116687239,-16.109088411318737
401767326,12,Villanova,Stony Brook,fcs,fcs,3,9.455256251606235,11.371446608842433,11.918905172580168,11.485910049510444,9.54878262501736,9.829361745250768
401833536,12,North Greenville,UNC Pembroke,ii,ii,14,-5.068627543598142,-5.56158036271078,-6.132691092685759,-7.1089887514790675,-5.5246153125865085,-6.8925786195516086
401833372,12,Albany State GA,Benedict College,ii,ii,6,9.664891939254733,9.886848211039347,11.490236619214755,14.170704672736028,10.2768174761907,12.112594086998644
401752945,12,Tulsa,Oregon State,fbs,fbs,17,0.7570872115032259,-0.02882763265979804,0.64080162467598,1.3213395091862896,0.28332697078332636,-1.1379537513761608
401773826,12,East Stroudsburg University,Clarion,ii,ii,8,6.418544751695075,5.539614828059202,5.087722316592787,5.188354992626223,6.723001655005309,7.636372364936099
401777084,12,Wabash College,Depauw,iii,iii,-21,4.685293350298165,2.632598934614281,3.193745267746918,4.296306029571317,4.281543975999419,3.070295853103385
401777210,12,University of Mount Union,Muskingum University,iii,iii,44,33.079302327737715,34.05156796899601,36.138975737920084,38.362125483145604,35.8316907641067,44.088856073213634
401777182,12,Baldwin Wallace,Heidelberg,iii,iii,3,15.90203029307506,17.538285625405567,18.14015537056166,18.35600252025278,16.275896344343117,17.397494498147424
401774414,12,Hanover College,Franklin,iii,iii,33,16.776852104487403,21.330698769196687,25.04422172786163,28.298365032664577,19.01237287716065,25.7189351951804
401774427,12,Manchester,Anderson (IN),iii,iii,-6,-2.199478823444288,-4.550732359467148,-3.0011957011533497,-2.0445340219474417,-2.37497963673421,-2.901482076604026
401777190,12,Wilmington (OH),Capital,iii,iii,-1,3.8731046312130797,5.448104376470635,6.257631363761437,7.355878985730223,4.155908040691063,5.004318269125044
401774433,12,Rose-Hulman,Mount St. Joseph,iii,iii,-48,-13.551671603295471,-15.988072316683372,-18.62085560150427,-21.257199496495993,-14.329246589851216,-16.66197154951819
401752767,12,Kentucky,Tennessee Tech,fbs,fcs,32,1.4918134332166062,2.451614519948393,3.3772187347638187,3.3186092629446726,1.7450052855065827,2.5045808423765763
401773949,12,UVA Wise,Emory & Henry College,ii,ii,-57,-23.54110255359313,-23.562605261173637,-24.3688852989308,-25.588688470041035,-23.937727796515475,-25.12760352528246
401773879,12,South Dakota Mines,Adams State,ii,ii,24,16.62879753147434,19.052708721381354,20.835335767002768,21.270173440915105,18.381369829672852,23.63908672426809
401767222,12,Western Illinois,Southeast Missouri State,fcs,fcs,-5,-2.6020372957942346,-2.697683145246949,-3.6140718404859102,-4.954133821958648,-3.7109506832563364,-7.0376908456427145
401774174,12,Wisconsin-Stevens Pt,Wisconsin-Lacrosse,iii,iii,-52,-18.58759650851553,-18.796909110988533,-19.404726383482128,-21.360027199395716,-19.63338082867393,-22.77073378914901
401773899,12,Fort Lewis,Colorado School Of Mines,ii,ii,-34,-13.308323762912362,-13.026311700924456,-13.28013230939272,-13.933198447291804,-13.99285680880553,-16.046455946484883
401774061,12,Brockport,Utica,iii,iii,-8,-1.0824926979363045,1.718908529231415,0.5239631352846672,-1.2277443693920294,0.7904472261325299,6.4092669983389445
401773437,12,Quincy,Southwest Baptist,ii,ii,2,4.181495570925325,4.123937387762091,3.8531178680276774,4.053379618817193,4.021632820901678,3.542044570830914
401777039,12,Lakeland,St. Norbert,iii,iii,10,-2.8655683321142646,-2.3035948587202757,-2.80597016904942,-3.3950212501636194,-3.470174913667698,-5.2839946583281066
401777593,12,Belhaven,Huntingdon College (AL),iii,iii,-17,10.102483323377093,9.103754534686509,8.167149259738558,8.085354948230266,8.923439004929406,5.386306049586629
401773563,12,Western New Mexico,Midwestern State,ii,ii,-47,-3.826177301482314,-5.620763894279545,-7.224606408762632,-7.033543607287601,-5.835025602954692,-11.861570507371791
401773257,12,Hardin-Simmons,East Texas Baptist University,iii,iii,49,26.314383394702883,27.575696291430923,28.359903055204477,30.629334753268314,28.447710634710795,34.84769235473452
401767740,12,Richmond,Lafayette,fcs,fcs,-7,0.09469756511300265,-0.7160373251896193,-1.5823534210294987,-2.7476342129128044,-0.3631180230793136,-1.7365647876561372
401773265,12,Howard Payne,Mary Hardin-Baylor,iii,iii,-56,-12.208747730841647,-11.728475043934658,-11.543222163147624,-12.635774963784279,-12.913643224058754,-15.028329703710142
401767303,12,West Georgia,Utah Tech,fcs,fcs,23,13.799329355781145,13.741354550320406,13.626844415491673,13.547382851318647,13.812234910737653,13.85095157560734
401773405,12,Indianapolis,Upper Iowa University,ii,ii,7,14.863411121718437,15.90358084474029,16.844020214686488,17.529677870427328,15.871790581099622,18.89692895924337
401767255,12,Austin Peay,Samford,fcs,fcs,14,26.87054323352106,27.54241730779132,29.31633347782526,31.056788325321413,27.92084695261982,31.07175810991612
401767147,12,Campbell,Elon,fcs,fcs,-7,-4.624477947239193,-7.947053956039346,-10.553051078698001,-11.93082084557724,-5.991176908212429,-10.091273791132211
401773758,12,Minot State,Minnesota Duluth,ii,ii,-26,-20.685857090072574,-23.109399538781183,-25.708398696114564,-28.09521458420634,-21.340246960603025,-23.303416572194415
401778027,12,Bridgewater (VA),Guilford College,iii,iii,1,14.660210852628913,16.475849855107427,19.656918690748174,22.550789773746967,15.866275655268097,19.484470063185668
401773184,12,Loras College,Luther,iii,iii,33,23.52898072289953,25.67692970334667,27.98096678485986,30.595543969503105,23.951252621655787,25.21806831792447
401806687,12,St. Scholastica,Bethel (MN),iii,iii,-62,-30.064450932183213,-34.36808494426376,-40.084063955156935,-46.014418138742414,-34.136811921467576,-46.353894889320884
401773774,12,Wayne State (NE),Augustana University (SD),ii,ii,7,-1.9966890852098231,-0.20511516550247144,-0.3911825051850091,-1.3859001298922582,-1.503128238451895,-0.022445698178097828
401767169,12,UT Martin,Charleston Southern,fcs,fcs,3,2.1020129821948537,1.5283571853627542,1.116882162185786,0.2741958346391664,2.249591321637344,2.6923263399647173
401773741,12,Bemidji State,University of Mary,ii,ii,13,0.3488093071627496,-0.9959587349754475,-1.92339867616335,-2.7321473773595173,0.8094108847582255,2.1912156175446906
401773766,12,Jamestown College,Northern State,ii,ii,-6,-25.82114325788435,-26.689166836071735,-29.186775566393436,-31.980585994946928,-26.410394184599692,-28.178146964745665
401834132,12,Kentucky State,Shorter,ii,ii,28,18.94370374759491,17.746488862957406,18.31052737519485,19.78334022862235,19.001547725979407,19.17507966113274
401773193,12,Nebraska Wesleyan,Simpson College (IA),iii,iii,-1,-15.121635667649798,-14.561554418490779,-13.436417458969633,-12.46818921552581,-15.965945101924191,-18.498873404747336
401773626,12,Missouri Southern State,Washburn,ii,ii,-5,0.6152105439264988,-0.3585648161579318,-1.4972069395674543,-2.872592988610373,-0.1374978040359398,-2.395622847923115
401776781,12,Alma,Adrian,iii,iii,1,8.217865761673673,7.967550354245265,7.777850294827296,8.504847399245364,7.81399382766962,6.602378025657444
401773666,12,Ferrum,Concord University,ii,ii,-22,-3.4819350225722516,-3.058443019969804,-4.4292465139299075,-6.510602180628059,-3.795527514696154,-4.736304991068035
401774349,12,Rhodes College,Centre College Kentucky,iii,iii,-25,-13.27050757619196,-15.503203566907413,-17.280508525124045,-19.048241624028343,-15.384658439728064,-21.72711103033641
401783912,12,Benedictine University,Wisconsin-Lutheran,iii,iii,-4,11.60522178770088,11.107613746695685,11.236762568628492,11.168669022881563,12.53264253393699,15.314904772645319
401773612,12,Emporia State University,Fort Hays State,ii,ii,-6,0.4237343962852136,0.555750237877985,1.402473433258204,2.1186764425345963,0.8056450644325919,1.9513770688749483
401774467,12,Millsaps,Sewanee,iii,iii,14,12.169606716151293,12.407428068602616,11.506962975893373,10.676326397719563,12.516557445253731,13.557409632560985
401773528,12,West Alabama,Northeastern State,ii,ii,-13,3.345707224748333,0.8852147364923315,2.054576908622541,3.0047787283960052,2.196172976380883,-1.2524297687215515
401774181,12,Wisconsin-Oshkosh,Wisconsin-Whitewater,iii,iii,-17,-11.216944752389608,-11.02046806614571,-10.991056534617588,-11.61236535554725,-11.187985590037984,-11.101108102982991
401774196,12,Wisconsin-Stout,Wisconsin-River Falls,iii,iii,-10,-14.764198765386077,-15.290537342414016,-16.093491091268234,-17.64922433985579,-17.141960365115633,-24.27524516430452
401774167,12,Wisconsin-Eau Claire,Wisconsin-Platteville,iii,iii,-27,-18.67230283806669,-20.493491417046865,-21.644677496857685,-23.420735502951082,-20.621574492519027,-26.46938945587625
401777311,12,Martin Luther,Minnesota Morris,iii,iii,22,7.5018300992190206,5.805104698625563,4.944577402045596,5.006921665117503,7.277482595244024,6.604440083318956
401773043,12,Central College,Coe College,iii,iii,-6,2.3520966782815442,-1.199173570350979,-4.099706903088483,-5.678221772919262,1.0990854896695517,-2.659948076166515
401773375,12,Ouachita Baptist,Henderson State,ii,ii,-27,8.888789211415098,9.205465906909197,9.299546556250105,9.054291216448519,8.339906364223639,6.693257822649482
401773164,12,Wartburg,Buena Vista,iii,iii,43,38.42657061365857,39.64570842568152,40.662163797541155,41.7713656736628,39.349388221061915,42.11784104327209
401773415,12,William Jewell,Lincoln (MO),ii,ii,36,8.096541559141079,9.626353643541593,10.565825973375528,11.849380067877345,8.855234556914448,11.131313550234543
401774406,12,Marietta,Bluffton,iii,iii,23,13.784430939948255,14.267896675389174,14.548062316474335,14.65874254230238,13.704168423800187,13.463380875356101
401761651,12,Georgia State,Marshall,fbs,fbs,-12,-10.759322141934264,-11.626679453347244,-12.780992938708312,-13.445874133311719,-11.500945006880228,-13.725813601718194
401767586,12,The Citadel,Wofford,fcs,fcs,-2,3.5280044506211965,3.876716879824098,4.104878895412252,4.1405700892419635,3.3321150942134867,2.7444470249903645
401762506,12,UAB,North Texas,fbs,fbs,-29,-18.634012487382044,-21.261411434992468,-24.633139260207603,-27.880937813368035,-20.099944635857824,-24.49774108128519
401767643,12,St. Thomas (MN),Presbyterian,fcs,fcs,-14,2.1327485802876502,2.0441571475175966,1.876675727160583,1.6895955807599279,2.9218583096312454,5.289187497662018
401767207,12,Tennessee State,Gardner-Webb,fcs,fcs,-16,-9.906629423115666,-12.036584140991424,-13.325873337031439,-13.575148004929972,-10.522738721950908,-12.371066618456744
401773642,12,Pittsburg St,Northwest Missouri St,ii,ii,13,-0.610967851587862,-0.22197673066977686,0.09520740408306239,0.17122270934576633,-0.9434642450847353,-1.9409534255752625
401773886,12,Black Hills State,New Mexico Highlands,ii,ii,27,2.2031791189278778,3.3958677432126922,4.701337786510251,5.776591067845294,2.7231891582594567,4.283219276254336
401773554,12,Eastern New Mexico,Texas A&M-Kingsville,ii,ii,-17,-5.1419420459856084,-8.238723963350978,-9.70241221013278,-10.596589544037482,-6.612704526669658,-11.024991968721686
401773915,12,Western Colorado,Colorado Mesa,ii,ii,14,19.092151312063336,19.022730300990585,19.134160219205206,19.857649737766955,19.455764646861493,20.54660465125567
401773893,12,CSU Pueblo,Chadron St,ii,ii,3,12.821964292506582,14.775337804472043,17.36663893153927,19.04969865063529,13.689714411853647,16.29296476989488
401773969,12,Wingate,Mars Hill,ii,ii,15,16.605495296204303,18.541800154292247,19.30788898095727,19.373863181943204,17.63344108566265,20.71727845403766
401773603,12,Missouri Western,Central Oklahoma,ii,ii,-44,-5.799380915327896,-5.46438339767197,-5.722167167094735,-6.481217756820575,-6.42321365975868,-8.29471189305077
401773523,12,West Florida,Valdosta State,ii,ii,-3,17.802301850520042,17.267130253256546,16.750795540908868,16.49003990832925,17.684502329497626,17.331103766430196
401773396,12,Southern Nazarene,Oklahoma Baptist,ii,ii,30,-2.1703337376379874,-1.1543154310018409,0.13172575892952487,0.8228012738036998,-1.498709023679126,0.5161651181972573
401773341,12,Arkansas Tech,Harding University,ii,ii,-34,-18.805447444225937,-22.13725522454613,-26.133822730267013,-29.37752982408852,-22.003387947658346,-31.597209457955785
401773351,12,Southern Arkansas,Arkansas-Monticello,ii,ii,39,21.95439051360134,22.23267949316459,23.305646898743483,25.008568142435195,23.33736947063259,27.486306341726312
401777171,12,Whitworth,Puget Sound,iii,iii,28,28.887344538569568,29.41534511411595,29.900710835296447,30.32773579642716,29.49961489461716,31.336425962760174
401767556,12,Mercer,Chattanooga,fcs,fcs,46,18.638812339688926,19.87750647760951,21.162289246849113,22.374426951552557,18.703866114113918,18.89902743738881
401767200,12,Lindenwood,Eastern Illinois,fcs,fcs,30,5.987022757789337,6.295617929233465,7.196182995976571,8.449591303519995,6.165657081680962,6.701560053355527
401760411,12,New Mexico,Colorado State,fbs,fbs,3,11.958772888963345,12.280126917705523,12.093527146968285,11.831289306868957,11.979744036009837,12.042657477149039
401767387,12,Prairie View A&M,Arkansas-Pine Bluff,fcs,fcs,47,12.638402947278692,14.654597091323168,16.440888318416828,17.82564392359933,14.206189318825444,18.90954843346575
401767377,12,Alcorn State,Grambling,fcs,fcs,11,-5.482320746738596,-7.62445193800116,-8.748302447194016,-9.16935228728101,-6.118889293057112,-8.028594932012677
401767357,12,Alabama A&M,Florida A&M,fcs,fcs,-3,6.524371607797182,5.770314986446484,6.236049361698171,6.437549411402156,6.363777360201862,5.881994617416261
401767246,12,Eastern Kentucky,Abilene Christian,fcs,fcs,-7,-3.8042314974746496,-5.123507179866486,-6.6622521201402165,-8.574367364536814,-4.100378053754282,-4.988817722593162
401767444,12,South Dakota State,Illinois State,fcs,fcs,-14,11.148111539476153,11.299359333182997,11.091790954230678,10.85653182267144,11.672264449908319,13.244723181204762
401767481,12,Incarnate Word,SE Louisiana,fcs,fcs,-3,-9.201048266236088,-10.90703593409669,-14.375490572891831,-17.91104523020444,-10.313395083362119,-13.650435534740037
401767457,12,Southern,Texas Southern,fcs,fcs,-5,-8.389010485562498,-8.457951114671376,-9.994765109275715,-11.499940056607862,-9.53145719395996,-12.958797319152279
401757304,12,Missouri State,UTEP,fbs,fbs,14,9.360359530944695,10.035000691892176,10.230096731790272,9.806468190939851,8.703570534034363,6.733203543303507
401752907,12,USC,Iowa,fbs,fbs,5,5.748377374238736,5.878016231276632,6.338648275138404,5.75230130933258,6.054124056350162,6.971364102684618
401752906,12,Illinois,Maryland,fbs,fbs,18,10.53156529599103,9.767455018096314,8.677311422588193,7.3993524795375905,11.097170928356814,12.79398782545428
401761652,12,James Madison,App State,fbs,fbs,48,20.241711546649295,20.259726136880225,20.541010468521048,21.204393021305506,20.87850468908503,22.78888411639239
401760413,12,Nevada,San José State,fbs,fbs,45,-4.705077894499448,-5.296851031264712,-6.485205483292081,-7.784217284247582,-4.903884331872404,-5.500303643991238
401761653,12,UL Monroe,South Alabama,fbs,fbs,-12,-2.16183625794606,-3.2806743172711306,-4.486425720100684,-5.211362362635379,-3.227459992938396,-6.424331197915258
401761654,12,Southern Miss,Texas State,fbs,fbs,-27,8.644986661720914,8.4817554662737,7.93888858904689,7.27898006385837,8.520269787282913,8.14611916396903
401767514,12,North Dakota State,Northern Iowa,fcs,fcs,32,36.12125358503013,38.41118127444481,40.63920520394244,42.17742287917908,37.17936990499469,40.353718864888464
401756953,12,Texas Tech,UCF,fbs,fbs,39,21.92248063596844,24.34256471831999,26.3779014709971,26.976733770688064,22.492186705370425,24.20130491357648
401754595,12,Miami,NC State,fbs,fbs,34,16.34138249149406,15.649597150290937,15.29403233343351,16.14308580111735,16.864569269517656,18.43412960358827
401754593,12,Duke,Virginia,fbs,fbs,-17,-1.2613384204442717,-1.9178257340537463,-3.117756368538913,-3.8330590381995364,-1.5591456411025497,-2.4525673030775152
401752765,12,Alabama,Oklahoma,fbs,fbs,-2,4.5810343193223915,6.579877584069941,7.973379344482879,7.675698540581692,5.230098594101783,7.177291418439921
401754592,12,Boston College,Georgia Tech,fbs,fbs,-2,-17.047812087859835,-16.940049916557435,-17.434520766338487,-18.82517490066554,-17.016776334374278,-16.923669073917623
401752903,12,Michigan State,Penn State,fbs,fbs,-18,-7.6392901478337905,-7.044895219006868,-6.497642472488302,-6.8250793006380945,-8.009138323953259,-9.118682852311618
401757303,12,Western Kentucky,Middle Tennessee,fbs,fbs,16,15.1124740741705,15.797929266193833,15.97107594878419,16.095633085048362,15.608234173543568,17.095514471662707
401773422,12,McKendree,Truman State,ii,ii,-32,-15.773708581705861,-16.12241498531538,-17.56926126805147,-19.577655534997902,-16.648411455504338,-19.272520076899703
401834155,12,Hendrix College,LYONCOLL,iii,iii,27,16.190052967364004,16.71064134473436,18.66009005007803,20.93386615151301,18.352475226774544,24.8397420050061
401834160,12,Allen,ERSKINE,ii,ii,18,12.371989179013472,12.186386166140696,12.885551221608031,13.527121180276705,12.452368651337004,12.693507068307651
401767078,12,Northern Arizona,Cal Poly,fcs,fcs,8,1.8993408155455196,1.2262441588990782,0.582361018657183,-0.047602678603810844,1.9701316425394602,2.182504123521051
401834157,12,Chapman,California Lutheran University,iii,iii,10,10.649773305324846,11.473758473940165,12.542575426712922,13.675056898722591,11.417256213984315,13.719704939962783
401767067,12,Eastern Washington,Northern Colorado,fcs,fcs,20,0.41387482817112975,-0.05318260620036419,-1.0015858001682965,-2.6414208071304284,-0.32284805565721175,-2.5330167071422327
401777146,12,Pacific Lutheran,NEWBERG,iii,iii,34,7.658668730827042,7.851755461277133,7.817919173705915,8.830219845492593,7.55651357753581,7.250048117662221
401773381,12,Northwestern Oklahoma State,Southwestern Oklahoma State,ii,ii,-42,-19.99606369180091,-22.578827870879113,-25.7003860432022,-29.2726880324238,-21.64896890400941,-26.60768454063497
401777158,12,Pacific (OR),Lewis & Clark College,iii,iii,-7,-6.506478243026212,-7.897749158564135,-9.66045987716029,-11.85972536051013,-6.697057529615915,-7.268795389385275
401762508,12,East Carolina,Memphis,fbs,fbs,4,-0.31928039527423024,0.19565423365579093,0.6383752546422201,0.5497478620109746,0.2898212480596243,2.117126178061298
401834158,12,Claremont-Mudd-Scripps College,La Verne,iii,iii,5,14.110590671054808,15.14236444725437,16.368996412128705,17.433153131564175,14.932815511649853,17.399490033434933
401834159,12,Redlands,Pomona Pitzer,iii,iii,-12,6.9353973421013055,6.949362663205402,6.929770498677424,6.836011762242393,6.9475214881081016,6.983893926128641
401762509,12,Tulane,Florida Atlantic,fbs,fbs,11,16.69259714464581,15.686603755524484,14.967621034193652,14.803744785348353,16.90723442793518,17.551146277803454
401777152,12,Linfield College,Willamette,iii,iii,46,32.71037032405121,33.554993175532275,34.57065915965077,35.5480430996389,33.34771941058162,35.25976667017321
401767600,12,San Diego,Butler,fcs,fcs,22,4.688779694827426,4.330762668447266,3.5886948508488894,2.407590586876916,4.298107235421807,3.1260898572048887
401767519,12,Nicholls,Northwestern State,fcs,fcs,5,15.488524263418894,20.978096648745343,21.480810733409793,21.671456406136716,18.369369507925917,27.01190524144692
401773592,12,Western Oregon,Central Washington,ii,ii,-2,-11.756585043178552,-17.209653679529236,-20.3533285672368,-22.02716401955797,-13.950407202008005,-20.531873678496403
401752771,12,Tennessee,New Mexico State,fbs,fbs,33,26.90927500602631,29.10611378597354,31.50392248961643,33.61106920998577,28.589211191846157,33.629019749305634
401754596,12,Wake Forest,North Carolina,fbs,fbs,16,11.961947134696874,12.566514608597213,14.092273969142163,15.61727602016879,12.070402630625923,12.395769118412918
401767366,12,Mississippi Valley State,Alabama State,fcs,fcs,-38,-21.97811394497736,-25.101522643457386,-28.569874054150198,-31.068595065599993,-23.30671819559567,-27.292530947450327
401757301,12,Florida International,Liberty,fbs,fbs,7,-3.0306876676376735,-2.9583777415924306,-3.1346735879869243,-3.3029421304254463,-3.395330794289558,-4.489260174245278
401773544,12,West Texas A&M,Angelo State,ii,ii,1,-0.2821968374208188,2.0510635601325147,3.272574768748324,4.668720373885412,-0.47133961979917727,-1.0387679669342136
401767488,12,Stephen F. Austin,Lamar,fcs,fcs,11,7.716325937094108,11.539056223593864,12.609607948609789,13.558332406711672,9.083097256917707,13.183411216388398
401767466,12,East Texas A&M,Houston Christian,fcs,fcs,5,11.678286026689205,9.644252309126038,9.172026909252125,9.447401747660845,9.207841792334767,1.796509089271611
401767103,12,Portland State,Montana,fcs,fcs,-46,-27.226618210067365,-29.67948476768278,-32.75645003707779,-35.62276858237937,-29.146502804847515,-34.90615658918787
401834161,12,Wilson,Chowan,ii,ii,-14,-0.9827816544821832,-0.3319107867536939,0.020280958063251475,-0.18651152699113993,-0.9776324868834259,-0.9621849840869778
401767087,12,Idaho State,Weber State,fcs,fcs,28,7.234475152665048,10.070144142388319,11.297382162707041,12.815817182184054,8.889703647053421,13.85538913021877
401761650,12,Georgia Southern,Coastal Carolina,fbs,fbs,5,0.33365812955590535,0.9389506513857278,2.4190594915313284,3.8902594484274786,1.038878403200835,3.1545392241356662
401757300,12,Sam Houston,Delaware,fbs,fbs,3,-12.237744224601181,-12.305258726328615,-13.400703052020203,-14.655405164241003,-13.05665729642527,-15.513396511897438
401756949,12,Baylor,Utah,fbs,fbs,-27,-12.804161678676934,-14.556280118544485,-16.349523365569823,-17.175443013318564,-14.338047412406347,-18.93970461359432
401752769,12,Ole Miss,Florida,fbs,fbs,10,12.135741514022335,10.842152682887306,9.496925423544717,8.463599041695915,12.08529077633068,11.933938563255516
401752902,12,Washington,Purdue,fbs,fbs,36,19.365536523600273,19.613724457495238,20.387927909467734,20.74089073388214,20.156455984294514,22.529214366377396
401767290,12,Tarleton State,North Alabama,fcs,fcs,61,28.959027418986217,29.611971955280676,30.957060285164054,33.700469106292886,30.645386284692705,35.704462881812276
401760414,12,UNLV,Utah State,fbs,fbs,3,5.527991632759896,6.6901730617143595,6.782048703460607,6.78137209064365,5.083419870977131,3.7497045856291678
401767495,12,McNeese,UT Rio Grande Valley,fcs,fcs,-15,-8.553767217750996,-15.810380319569646,-17.96051804647665,-18.496696203963854,-11.033635530409812,-18.47324046838648
401752766,12,Georgia,Texas,fbs,fbs,25,7.28002157961172,7.230459209925812,6.910299502293498,6.5163415545937795,6.911020508006658,5.804017293191556
401752900,12,Ohio State,UCLA,fbs,fbs,38,29.443518106904637,29.967381785870806,31.04727046348957,32.2285116123969,31.246335539263125,36.65478783633837
401754594,12,Florida State,Virginia Tech,fbs,fbs,20,14.792557239815604,18.48017949197003,20.740181077386595,22.174209699496206,16.696092687233282,22.40669902948612
401752770,12,Missouri,Mississippi State,fbs,fbs,22,7.827173366144038,6.509367330556259,6.458297080638317,7.080560401858662,8.245628508842096,9.500993936936077
401773578,12,UT Permian Basin,Sul Ross State,ii,ii,64,36.79475929872116,45.245651685800325,48.990355868198264,51.39085323580485,41.81686061714055,56.883164572398655
401757302,12,Jacksonville State,Kennesaw State,fbs,fbs,9,-5.991889819730815,-6.222956382383961,-6.807217255578017,-7.049277649007454,-5.731699688676553,-4.9511292955139865
401767296,12,Southern Utah,Central Arkansas,fcs,fcs,7,12.239549060178584,13.676938928535169,15.10042536262895,16.83490579653094,13.625355393322351,17.782774392753794
401767096,12,Sacramento State,Idaho,fcs,fcs,3,6.23721338822045,6.274653321678157,5.916800680424927,5.306411308332917,5.831926056167195,4.616064060007499
401834156,12,Texas Lutheran,McMurry,iii,iii,-8,4.723664407254298,4.877805900129184,5.312586869758905,6.281335427522571,4.335931284616424,3.172731916702811
401752953,12,Washington State,Louisiana Tech,fbs,fbs,25,3.630144984896436,2.907035737480797,1.795082085264447,0.7368332436504161,3.096241235786394,1.494529988456211
401756950,12,BYU,TCU,fbs,fbs,31,9.016731110229163,10.450849439130245,10.712412145808656,10.1901455727725,10.103581419066579,13.364132345578845
401760412,12,Fresno State,Wyoming,fbs,fbs,21,3.6557429447665584,4.144059270278728,5.000432089920041,5.213843355886105,3.960198793466546,4.873566339566587
401760410,12,San Diego State,Boise State,fbs,fbs,10,5.223860581022528,5.780026933246845,6.5252409791042965,6.836232930589137,5.495797950608125,6.311610059364547
401767111,12,Montana State,UC Davis,fcs,fcs,21,11.595385049656851,11.613672760702322,12.509931357017784,13.745313069797568,13.45986068018572,19.053287571772444
401762863,13,Ohio,Massachusetts,fbs,fbs,28,26.789759662413836,27.302918960524227,27.401509685523486,27.55839921304036,27.650366453971692,30.232186828645283
401762864,13,Northern Illinois,Western Michigan,fbs,fbs,-16,-7.689641244545104,-7.470751017808421,-7.378402631567951,-7.896752399462077,-8.044649393857735,-9.10967384179581
401762862,13,Bowling Green,Akron,fbs,fbs,-3,5.482249107590237,5.38944706711229,5.969447639633527,6.474727422294505,6.290511517834137,8.715298748565749
401762866,13,Kent State,Central Michigan,fbs,fbs,-12,-3.7453316685120797,-6.11766159777325,-7.365379754168918,-8.270901253165242,-4.429061457532843,-6.480250824595279
401762865,13,Buffalo,Miami (OH),fbs,fbs,-17,-0.73165271541348,-1.1291634746718078,-1.202842197801477,-0.46819972110807484,-1.0960944564421133,-2.1894196795279584
401767520,13,SE Louisiana,Nicholls,fcs,fcs,12,18.17565144496237,19.848815922893714,22.943520405030682,25.940627134789473,19.454550981434355,23.29124959085035
401767522,13,Northwestern State,Stephen F. Austin,fcs,fcs,-48,-24.84841955578263,-33.16905343761778,-34.701866729110094,-36.230600461952086,-28.37140070851047,-38.940344166693954
401761655,13,Arkansas State,Louisiana,fbs,fbs,-4,5.068002831664275,5.1000237212678705,5.762685606431065,6.182371873031872,4.936989128545905,4.543948019190932
401835275,13,Curry College,Merchant Marine Academy,iii,iii,-3,4.1583186009580455,5.991070075206334,6.167304802608859,4.96686993429654,4.596661316228948,5.911689462041561
401754598,13,NC State,Florida State,fbs,fbs,10,-2.2977303458007796,-4.18280904919601,-5.031085873309809,-5.610978830560377,-3.900480544330758,-8.708731139920499
401760418,13,UNLV,Hawai'i,fbs,fbs,28,4.555486616117033,5.54875729838265,5.834077102026676,6.229402429173209,4.800935783750262,5.537283286649991
401767139,13,Stony Brook,Bryant,fcs,fcs,7,13.436723452942523,14.931083105961221,15.791319107896403,16.379663559189524,13.088376732374645,12.043336570670878
401835277,13,St John Fisher University,Rensselaer,iii,iii,-11,-8.043629597533235,-9.644515078992734,-10.683730646187295,-11.352082637423417,-9.43064634101741,-13.59169657147018
401835278,13,Carnegie Mellon,Misericordia,iii,iii,7,14.297583662580887,15.23186315805012,15.389544792215526,15.428444991532416,15.02918490178477,17.223988619396515
401835280,13,Lycoming,Washington and Lee,iii,iii,-2,-3.6021613813249163,-5.511504633485522,-7.44110566753424,-8.31764572215459,-5.146307256200316,-9.778744880826382
401835276,13,Delaware Valley,Dickinson (PA),iii,iii,1,3.0511135428929457,7.147350262123639,10.303460742904647,12.424550381119195,4.706897828616594,9.674250685787687
401835281,13,Brockport,Geneva,iii,iii,36,16.69820763189317,21.729034249379474,25.06881268498148,27.210566096282317,19.102541647396613,26.31554369390698
401752781,13,Texas A&M,Samford,fbs,fcs,48,52.76869327916452,54.000209974472206,57.21544065514776,60.749397414085536,54.24265916708946,58.66455683086427
401767678,13,Brown,Dartmouth,fcs,fcs,7,-5.336350835110231,-5.806234802622704,-6.717076184805448,-7.775761764694341,-5.428159641733716,-5.703586061604085
401767403,13,Morgan State,North Carolina Central,fcs,fcs,-19,-10.579590681922381,-12.004377796147121,-14.145069013663843,-14.984335448261497,-11.140846239479568,-12.824612912151153
401756958,13,Iowa State,Kansas,fbs,fbs,24,7.51856040869772,7.401680503396836,7.435660726868672,7.367791490004684,7.6084703874063635,7.878200323532429
401752778,13,Oklahoma,Missouri,fbs,fbs,11,6.11603124362837,6.052974077029592,5.420817100885429,5.852451753800196,5.843427390432062,5.0256158308429875
401767761,13,Long Island University,Wagner,fcs,fcs,7,9.092359617926864,8.711671404248296,8.876081225724768,9.579476897999871,9.303547460133798,9.937110986754622
401767749,13,Central Connecticut,Mercyhurst,fcs,fcs,7,9.511701881824845,9.037214957829642,9.08949155914003,9.246062064289347,9.19866047818218,8.259536267254337
401767718,13,Merrimack,Fordham,fcs,fcs,1,12.963846537753906,12.96239610276625,13.17625719687104,13.309140587438154,13.419323366872778,14.785753854229785
401767708,13,Yale,Harvard,fcs,fcs,17,-6.711457123104225,-9.496257075902605,-12.531807091941996,-13.9958805952792,-7.450780923268415,-9.668752323760799
401767591,13,VMI,Western Carolina,fcs,fcs,-42,-14.702714250578872,-15.940788202314089,-18.020691195425602,-20.015096528769615,-16.23971135999581,-20.85070268824673
401767264,13,Monmouth,UAlbany,fcs,fcs,-7,27.62207605441402,27.090641690413943,27.998567666272777,28.947633708660987,27.82951217966277,28.451820555408982
401754606,13,Wake Forest,Delaware,fbs,fbs,38,15.942126086592358,16.57146179066485,17.774300080982464,18.675066962775983,16.370139433925488,17.654179475924707
401835279,13,Illinois College,Aurora,iii,iii,-35,-1.692130367790627,-3.0891065965038056,-3.3696659265931492,-2.871566234204688,-1.516514049906358,-0.9896650962534057
401752909,13,Northwestern,Minnesota,fbs,fbs,3,1.853162167796448,0.10147854719664195,0.9145636322838833,2.0503830461714188,1.8219117628380062,1.728160547962844
401752912,13,Ohio State,Rutgers,fbs,fbs,33,28.709938428852197,30.22910741456384,31.90765458035728,32.89956807462804,29.992220726359335,33.83906761888052
401754602,13,SMU,Louisville,fbs,fbs,32,-0.9338549843575557,-0.7346876977755663,-0.8592368107033082,-0.846388829081441,-1.412189250865822,-2.847192050390639
401754603,13,Virginia Tech,Miami,fbs,fbs,-17,-16.836209385508884,-17.946967593064958,-19.003127537510295,-20.70631667005318,-17.66018141242018,-20.132097493153893
401762512,13,Army,Tulsa,fbs,fbs,-1,12.786318595559703,12.938800155144172,12.590049699043337,12.336248642034061,13.338045763922562,14.993227269011006
401767738,13,Lafayette,Lehigh,fcs,fcs,-10,-12.680747499156197,-12.045808190372098,-11.311873408506163,-10.24439764966862,-12.712148544462424,-12.806351680381134
401752776,13,Georgia,Charlotte,fbs,fbs,32,38.77621944639567,39.357417659949945,40.95948478640332,43.53995152880597,39.917544626166325,43.34152016547855
401756954,13,Arizona,Baylor,fbs,fbs,24,8.012419331798405,8.497651942225673,9.120852230274444,9.70548236348948,8.462761149252756,9.813786601615586
401761657,13,Georgia Southern,Old Dominion,fbs,fbs,-35,-8.52422154161116,-9.826550138568647,-11.725905691572525,-13.714472323032403,-9.406393539082366,-12.052909531495928
401752954,13,James Madison,Washington State,fbs,fbs,4,11.250141303378147,11.716021395693879,11.969571669629335,12.450851134287845,11.498398337271507,12.243169438951707
401767188,13,Rhode Island,Hampton,fcs,fcs,28,24.22315228631319,26.473923062661324,27.72122320269146,27.915500676040747,25.120530960231093,27.812666981984496
401767633,13,Presbyterian,Marist,fcs,fcs,4,19.311126194663583,20.448560761606103,22.729717955399668,25.963383783807934,19.934754169522538,21.80563809409913
401767696,13,Cornell,Columbia,fcs,fcs,-17,7.760670862551135,8.696897445508075,9.351451468893798,9.709626063243439,8.3776871176096,10.228735882785093
401835285,13,Utica,Rowan,iii,iii,-6,3.578596694764416,3.194373019189719,4.590757605328731,5.9524252469823224,3.027216920990364,1.3730775996682336
401835283,13,Wabash College,Ohio Northern,iii,iii,1,4.058766027938853,3.375518465327355,2.319561173628303,1.5368769407709522,3.697610425013437,2.614143616237131
401767647,13,Stetson,San Diego,fcs,fcs,-34,-13.156000021332108,-14.526746694637716,-15.460962936663773,-15.705362740325508,-14.529441154084147,-18.649764552340404
401767671,13,Colgate,Bucknell,fcs,fcs,19,11.722959778542663,11.844289690463786,12.388612392897077,13.426691676070067,12.016210914641754,12.895964322939047
401767564,13,East Tennessee State,The Citadel,fcs,fcs,2,6.0657710621487215,4.946813847868551,4.243822888948993,4.720526436762343,6.113216689602511,6.255553571963971
401767445,13,Illinois State,Southern Illinois,fcs,fcs,-30,-0.1126998623844866,0.07074499276417612,-0.5308938505799858,-2.585424336376013,-0.5963653658929751,-2.0473618764183534
401767349,13,Delaware State,South Carolina State,fcs,fcs,-11,-0.31167619579990635,-0.14669069411568358,0.1088489998998039,0.25602661659088444,0.20293028585725637,1.7467497308286557
401767338,13,Villanova,Sacred Heart,fcs,fcs,24,11.498327209839232,13.794033348954734,15.136037521535602,15.656187341597857,11.599472175916915,11.902907074149706
401767625,13,Drake,Morehead State,fcs,fcs,7,20.729233320399587,22.984455383349484,25.265173072493482,27.250379967756196,22.61544576845198,28.274083112609457
401767195,13,New Hampshire,Maine,fcs,fcs,6,5.017570286329391,3.958569446324516,3.2870194509208304,2.4499848908495894,5.002028347325566,4.9554025303138465
401767148,13,Towson,Campbell,fcs,fcs,4,9.553333826836042,11.814832044889181,13.679861341415473,14.636985338066768,11.067469997300456,15.609878508693853
401767770,13,Stonehill,St. Francis (PA),fcs,fcs,10,16.270023673505783,17.804948965443625,18.82749619548631,19.0705592216934,16.928538982772764,18.904084910573694
401767234,13,Tennessee Tech,UT Martin,fcs,fcs,3,23.9309857416434,24.559922961814625,25.88524750685442,28.71208341772813,25.017134886513553,28.275582321123924
401767340,13,William & Mary,Richmond,fcs,fcs,-7,8.085669878430064,8.03046441930482,8.455473930959748,8.9141169993634,8.206201924663596,8.56779806336409
401767367,13,Alabama State,Arkansas-Pine Bluff,fcs,fcs,31,21.974889143130003,25.643078201339613,28.41706368282967,29.84809521159587,23.91335913932685,29.728769127917182
401767453,13,Indiana State,Murray State,fcs,fcs,-14,19.93119996152796,18.93429429000315,18.15618729810322,18.284720957473652,19.09391370074829,16.582054918409327
401835284,13,SUNY Maritime,Hobart College,iii,iii,-28,4.345118818194789,4.0993433351863615,4.148979574094286,4.3611767241404245,4.5705740860401605,5.246939889576309
401835282,13,Ursinus,Lebanon Valley,iii,iii,18,7.248922718726529,6.5685262447328245,7.720882619985405,8.772849112660165,7.166303976149299,6.918447748417529
401788996,13,Pennsylvania,Princeton,fcs,fcs,11,7.187808776700763,6.552999423073097,5.9522332790922095,5.520585561752603,6.951602457186907,6.242983498645737
401767601,13,Butler,Valparaiso,fcs,fcs,7,20.628318780768076,22.71336911230153,24.96262127908671,27.867543590087834,21.452827870398337,23.926355139289303
401767611,13,Davidson,Dayton,fcs,fcs,-28,-16.091260265512553,-17.62993358038594,-21.33269998838801,-24.778068685324193,-17.995244027183745,-23.707195312197353
401767557,13,Wofford,Chattanooga,fcs,fcs,22,4.520911247933181,4.0562141199514485,3.699951358221451,3.709512582478391,3.5447936035759993,0.6164406705043488
401767208,13,Gardner-Webb,Western Illinois,fcs,fcs,-5,14.473405668472875,14.673075562688986,15.092352550526236,15.909066031915852,15.150478952203077,17.181698803393726
401767215,13,Southeast Missouri State,Lindenwood,fcs,fcs,-17,2.9925998258681386,3.025312340153423,3.513716385272332,3.468497699504857,3.242170393154268,3.990882095012818
401767540,13,Northern Iowa,Youngstown State,fcs,fcs,-3,-9.01998661837268,-10.713679394054605,-11.758366933754624,-12.338138451356567,-9.573093228933232,-11.23241306061499
401767104,13,Montana,Montana State,fcs,fcs,-3,4.0167236430905575,4.595535758932325,6.512723130539527,8.148547638131838,3.2791815711851378,1.0665553554686333
401767756,13,Robert Morris,Duquesne,fcs,fcs,-3,-9.161636911566248,-11.57341614695175,-13.293272875657145,-13.754746323814768,-9.660807924673156,-11.158320963994292
401767170,13,Charleston Southern,Tennessee State,fcs,fcs,1,9.843762692172463,11.901362349025968,12.698260178589894,12.857149745441074,10.467148026722018,12.337304030370822
401767291,13,North Alabama,Southern Utah,fcs,fcs,-2,-11.684468003779282,-12.48518791060526,-12.827778225467052,-14.239678441759121,-12.330276345086986,-14.267701369010165
401767125,13,Northern Colorado,Portland State,fcs,fcs,11,12.054125122791126,14.095015004412149,15.184884550362819,16.198527906354315,13.28216550556255,16.96628665387677
401767178,13,Elon,North Carolina A&T,fcs,fcs,38,14.936010456333372,18.862886555566433,21.714434376197822,23.23896695316197,17.179912919159246,23.911620307636753
401767508,13,North Dakota,South Dakota State,fcs,fcs,-3,6.368520346762526,7.372060274339994,9.706640123977966,13.274820969060801,6.407772477971022,6.52552887159667
401757306,13,Kennesaw State,Missouri State,fbs,fbs,7,10.627651397845618,10.436275066910476,10.702060584915582,11.013155093439664,11.145638949380555,12.699601603985347
401762867,13,Toledo,Ball State,fbs,fbs,29,17.627084733714423,19.387816655679774,21.464951050818655,23.629247519775944,19.400241808043965,24.71971303103236
401760419,13,Wyoming,Nevada,fbs,fbs,-6,12.354827070007728,12.424778388041972,13.067936466676528,14.376955985363715,12.62972014789137,13.454399381542256
401752773,13,Alabama,Eastern Illinois,fbs,fcs,56,39.69237394076754,42.61160579977642,46.24429887930209,49.64967615779595,42.379329353357264,50.440195591125956
401752774,13,Auburn,Mercer,fbs,fcs,45,9.706321337993018,8.646513490563429,8.087937369048845,8.495021456566906,9.96541346533052,10.742689847342941
401761656,13,App State,Marshall,fbs,fbs,2,-1.9173777566947692,-2.246136828082367,-2.9673284442479506,-3.2906651154252913,-1.9172556104088372,-1.9168891715512721
401757308,13,Middle Tennessee,Sam Houston,fbs,fbs,14,8.693776161837206,8.924269794676135,10.143165131086914,11.18644991185284,9.391309122482387,11.483908004417763
401757175,13,Florida Atlantic,UConn,fbs,fbs,-3,-7.151775240898894,-6.37735842243918,-6.137394620247665,-6.867890899509948,-7.71193588050458,-9.392417799321754
401757309,13,UTEP,New Mexico State,fbs,fbs,-3,3.3697440728991666,3.206467948436199,3.322441760716421,3.9708721514166267,3.596935710222567,4.278510622192799
401762511,13,UAB,South Florida,fbs,fbs,-30,-20.34318605837558,-21.671972374618875,-24.29244551969612,-26.75896966371402,-21.17408911995625,-23.66679830469821
401835286,13,Wisconsin-Stout,Washington University (St. Louis),iii,iii,8,2.411427107681952,1.866219354998515,1.7794909924134856,2.655662875080827,1.9889324283831051,0.7214483904864348
401767430,13,Prairie View A&M,Mississippi Valley State,fcs,fcs,53,18.641627749126048,20.113041533440942,22.593698689737355,25.046143777603454,19.599548375094265,22.473310252998893
401767358,13,Texas Southern,Alabama A&M,fcs,fcs,17,2.7559072237036943,4.368613455997767,6.103618366359477,7.701075961678804,3.937564224366781,7.48253522635591
401767118,13,Weber State,Northern Arizona,fcs,fcs,20,-3.968998616663292,-4.736207357365089,-5.7175853787284225,-6.978814040558751,-4.719772008732134,-6.9720921849387505
401767475,13,Houston Christian,Incarnate Word,fcs,fcs,-21,-7.531280845859392,-8.09437539204367,-7.674784578474025,-6.8817529891352685,-6.7798025439634575,-4.525367638275817
401757307,13,Louisiana Tech,Liberty,fbs,fbs,6,9.85025574119248,9.9495683401439,10.693511950041401,11.439004132650489,10.454192055321128,12.266000997706982
401767394,13,Florida A&M,Bethune-Cookman,fcs,fcs,-4,-8.079862576249152,-9.092644392953012,-10.147556588812728,-10.097182351249366,-8.238810124306116,-8.715652768477126
401767515,13,North Dakota State,St. Thomas (MN),fcs,fcs,55,26.143788238415315,27.546020942307145,28.409553995244167,27.765050164800723,26.3012229282748,26.77352699785342
401767378,13,Alcorn State,Jackson State,fcs,fcs,-6,-12.874086048415084,-15.36060281034673,-16.13645893202582,-16.858233556545656,-14.133756645013971,-17.912768434810772
401767397,13,Howard,Norfolk State,fcs,fcs,29,7.063373695874527,6.531968686574692,5.822900724529285,5.773970216346416,6.86516466586743,6.270537575846177
401754600,13,North Carolina,Duke,fbs,fbs,-7,-9.533477942860358,-9.968401631702186,-10.988903407856846,-12.45339518873235,-9.847994671355805,-10.791544856842012
401754604,13,Notre Dame,Syracuse,fbs,fbs,63,27.765774341564697,27.961868536571522,28.350388653757296,29.164739757163204,28.379475758455882,30.220580009129584
401762513,13,UTSA,East Carolina,fbs,fbs,34,-3.389416092794537,-3.707519599677447,-3.767096417361209,-3.4359386847653575,-3.921382388122499,-5.517281274106448
401752782,13,Vanderbilt,Kentucky,fbs,fbs,28,16.245120576811406,16.390715507701227,17.564749612623174,18.740361120873562,16.87675330430648,18.77165148679169
401757305,13,Florida International,Jacksonville State,fbs,fbs,6,-1.32857464364991,-1.156617962436437,-1.0411503270365827,-1.0907097030583373,-1.7482785974444965,-3.0073904588281515
401752780,13,Texas,Arkansas,fbs,fbs,15,11.007440471985028,11.688548083455139,13.034842944914587,14.030819079219128,11.589779882068022,13.336798112316938
401752911,13,Oregon,USC,fbs,fbs,15,7.556604858228653,9.834664525587435,11.294571837694761,12.412738777275464,8.591955426032243,11.69800712944297
401752913,13,Iowa,Michigan State,fbs,fbs,3,17.722705589377583,17.3038733623313,17.221793197798007,18.296186053314912,18.13641281671832,19.377534498740435
401761658,13,South Alabama,Southern Miss,fbs,fbs,7,-8.797836010835809,-8.901306586191843,-9.023349561027636,-9.10269531962113,-8.844498683223025,-8.984486700384869
401762515,13,Temple,Tulane,fbs,fbs,-24,-4.043726682844188,-4.282319049054358,-4.569684603254267,-4.483586817422591,-3.744216378530286,-2.84568546558857
401761660,13,Troy,Georgia State,fbs,fbs,12,15.522136787333155,15.834269044491545,16.374367142887753,17.06357019819012,16.41368593436627,19.08833337546562
401756957,13,Houston,TCU,fbs,fbs,-3,0.7076403678575822,0.522920774913942,-0.1909540259538538,-1.1131039225700405,0.6042861033158644,0.2942233096906115
401756960,13,Utah,Kansas State,fbs,fbs,4,15.552873349781027,17.049321926378596,18.887553373729414,19.84316122316502,16.925126058354905,21.0418841840764
401756959,13,UCF,Oklahoma State,fbs,fbs,3,17.35160629310182,18.671860427287704,20.44709301394461,22.064703471912924,19.11202808678532,24.393293467835683
401752914,13,Maryland,Michigan,fbs,fbs,-25,-3.6266050519066333,-3.1205644739456773,-2.4931498068181774,-1.9531507718885663,-4.713358382441978,-7.973618374048115
401767489,13,Lamar,McNeese,fcs,fcs,-2,14.484172253460697,14.410437359447345,13.895314863135114,13.428852239962415,13.399164302620704,10.144140450100865
401767725,13,Holy Cross,Georgetown,fcs,fcs,35,1.516524374848191,1.912543282725504,2.6526527927663026,2.894378942415043,2.377399865439641,4.960026337214104
401835287,13,Shenandoah,Wilkes,iii,iii,-2,0.35880883912973616,0.7371811125982752,1.8796704012097045,2.7677268470135754,1.1263936128560426,3.429147934034815
401767284,13,Utah Tech,Eastern Kentucky,fcs,fcs,-23,-2.1750520904387756,-1.3867640436802295,-0.27190428464079863,0.7033490560530993,-2.2178234426720485,-2.3461374993720803
401767134,13,UC Davis,Sacramento State,fcs,fcs,4,5.976544852398424,6.001562713203558,5.414239782974356,4.523436622760213,5.534251074879336,4.20736974232214
401767088,13,Idaho,Idaho State,fcs,fcs,-21,7.6141355493964085,5.308080771121917,5.363434311639784,5.934666652699091,6.793427098479999,4.331301745730503
401752779,13,South Carolina,Coastal Carolina,fbs,fbs,44,11.55907504152854,12.448840988379155,14.72615567252278,17.1305829764802,13.42645748304763,19.028604807604815
401754605,13,Clemson,Furman,fbs,fcs,35,23.589528210103744,24.73918684005951,26.679274836089363,28.940747078033716,24.90419463189826,28.848193897282258
401767247,13,Central Arkansas,Abilene Christian,fcs,fcs,-21,-4.447089832631434,-5.994079870982814,-7.449955181403936,-9.431483912387144,-5.868840527247736,-10.134092611096836
401767068,13,Cal Poly,Eastern Washington,fcs,fcs,9,10.153798424795143,11.28396609991041,12.69386422165109,14.61788572841237,11.148475593184038,14.132507098351045
401767276,13,Tarleton State,Austin Peay,fcs,fcs,1,14.622826255449095,14.319618788838769,14.776457635278922,15.60188570633037,15.305315211493912,17.352782079628238
401761659,13,Texas State,UL Monroe,fbs,fbs,17,14.314685607060955,15.700225437189275,17.57088669208143,19.03507761839814,15.551688888878507,19.262698734331096
401767467,13,UT Rio Grande Valley,East Texas A&M,fcs,fcs,19,12.591555960003834,21.56018661952148,24.611379067515095,25.473424949994527,16.98421002501241,30.162172220038144
401835288,13,Westminster (PA),Mount St. Joseph,iii,iii,19,2.7802480718003277,2.967177105416104,3.5484214647313603,3.922882716672925,3.09938530312896,4.056796997114795
401760415,13,Air Force,New Mexico,fbs,fbs,-17,-4.706931810216272,-5.112814687362501,-5.305268493665068,-5.126511308443362,-4.744196237666152,-4.855989520015662
401760416,13,Boise State,Colorado State,fbs,fbs,28,16.817728874696623,16.87282180544105,16.70688152233741,16.846383651066777,16.99281848379802,17.518087311102203
401752908,13,Penn State,Nebraska,fbs,fbs,27,4.840221260893394,3.3084738312057063,1.8649416751694474,1.2944508970786686,4.075113749440796,1.7797912150830442
401754601,13,Georgia Tech,Pittsburgh,fbs,fbs,-14,2.4170174223226724,1.4573091531535844,-0.2062996745113317,-0.9560254841846358,1.7729411693317942,-0.1592875896407122
401752775,13,Florida,Tennessee,fbs,fbs,-20,-3.02184308937683,-3.740518794936211,-4.205660038243252,-4.375037901248447,-3.0229869652868615,-3.0264185930166008
401762514,13,Rice,North Texas,fbs,fbs,-32,-17.388224160824983,-19.037091766712127,-21.8663303349039,-24.42629285784463,-19.35507142260251,-25.255613207935276
401754599,13,Stanford,California,fbs,fbs,21,-0.5240837902852782,0.06165823335758702,0.7972398771557252,1.3589310830148627,-0.2700297877712199,0.4921322197711646
401752915,13,Wisconsin,Illinois,fbs,fbs,17,-11.745744800756171,-11.489546268924105,-11.723738435601824,-12.562248497042546,-12.056172260089081,-12.98745463808772
401752777,13,LSU,Western Kentucky,fbs,fbs,3,17.876415280250182,18.309079005589936,20.118672970879445,22.216292967433887,18.79305883193504,21.542989486989747
401756956,13,Colorado,Arizona State,fbs,fbs,-25,-4.167645166297611,-6.109790745089931,-8.130755505955833,-9.150731441802755,-4.650760758439631,-6.100107534865522
401756955,13,Cincinnati,BYU,fbs,fbs,-12,-5.346446524839031,-4.897296963681292,-5.519483681083209,-5.553530639080996,-5.4682714615508345,-5.833746271686252
401760417,13,Fresno State,Utah State,fbs,fbs,-11,3.183369575130115,3.435893569859024,3.6936536099344934,3.4128988351852563,3.1221665558891694,2.938557498166581
401760420,13,San Diego State,San José State,fbs,fbs,22,16.490666104513394,17.05889818829544,17.716972736345767,18.57626563994924,17.080900127171954,18.851602195147372
401752910,13,UCLA,Washington,fbs,fbs,-34,-11.751706786098058,-11.827098668558172,-12.869842293167853,-14.018453911250216,-13.023640048625861,-16.839439836209284
401762868,14,Massachusetts,Bowling Green,fbs,fbs,-31,-11.373383341615405,-12.027492866687169,-12.194377500464388,-12.170543028106653,-12.112986926992152,-14.331797683122467
401762869,14,Eastern Michigan,Western Michigan,fbs,fbs,-10,-10.861552060109094,-11.008913497363256,-11.328507146712507,-12.013355809991921,-11.427059674417329,-13.123582517342033
401767368,14,Alabama State,Tuskegee,fcs,ii,37,27.85596146251478,28.998091583869257,30.521851309743038,31.54776974011872,27.92510718022855,28.13254433336964
401762516,14,Memphis,Navy,fbs,fbs,-11,11.763648130769681,11.75410852306683,12.02885390618864,12.908817458851487,11.785394458403687,11.850633441305781
401762871,14,Northern Illinois,Kent State,fbs,fbs,-4,2.961478949994687,5.520616952682413,6.965419395603039,8.045267343196306,4.225481110292552,8.017487591186022
401752916,14,Nebraska,Iowa,fbs,fbs,-24,-2.923636702437186,-1.5674519745301367,-0.5890924004791529,-0.7655576497554861,-2.2023882422058563,-0.03864286151186036
401762870,14,Buffalo,Ohio,fbs,fbs,-5,-4.2302951323082265,-4.639014831920738,-4.7696800373416615,-3.936464947561017,-4.47764917674391,-5.219711310050833
401752788,14,Mississippi State,Ole Miss,fbs,fbs,-19,-5.553757293123674,-4.213299601624936,-3.1083000459613004,-2.7898695160551767,-5.687798375527798,-6.089921622740043
401756964,14,Kansas,Utah,fbs,fbs,-10,-13.091715016316403,-14.71554372464167,-17.000669702128377,-18.141259101759825,-14.259199626405213,-17.7616534566717
401760421,14,Colorado State,Air Force,fbs,fbs,-21,1.7481589212529265,1.832687769656978,2.2117413466967832,2.2952220015744054,1.7644522016563151,1.813332042866623
401762442,14,North Texas,Temple,fbs,fbs,27,17.31936633043395,19.12962531473983,20.89451512372964,21.91337526399804,18.306522900744532,21.267992611676295
401752786,14,Georgia Tech,Georgia,fbs,fbs,-7,-6.424185702995118,-7.010859696778692,-7.740109670091638,-8.316981726924212,-6.727473922039586,-7.637338579172983
401760426,14,New Mexico,San Diego State,fbs,fbs,6,-4.082816566755806,-4.37272182098237,-5.1385953544734235,-5.851327274786957,-4.508872398396306,-5.787039893317711
401760422,14,Utah State,Boise State,fbs,fbs,-1,-6.144682978346143,-6.4427781978516325,-6.302222293871477,-6.346349487543122,-6.021234122967488,-5.6508875568317976
401752792,14,Texas,Texas A&M,fbs,fbs,10,-3.9114240178225614,-3.8355314751078637,-3.930328317748163,-3.7504495713510124,-3.2805407798035446,-1.3878910657467003
401752924,14,Purdue,Indiana,fbs,fbs,-53,-24.634700836041407,-26.942771937380336,-29.465938028149267,-30.81802519358179,-27.479797548515922,-36.01508768593943
401756961,14,Arizona State,Arizona,fbs,fbs,-16,2.1384427458490727,1.9144494097144253,1.22695844996003,0.3349525512843954,1.726385614112381,0.490214218902306
401756968,14,West Virginia,Texas Tech,fbs,fbs,-49,-20.39527117727789,-23.523058793659782,-26.555653533786035,-28.05535903752199,-21.461692299749988,-24.660955667166377
401762519,14,Florida Atlantic,East Carolina,fbs,fbs,-39,-14.200036481996236,-13.53627563275899,-13.647956491618285,-14.223193273323975,-15.21277900505379,-18.251006574226707
401752790,14,South Carolina,Clemson,fbs,fbs,-14,2.243013993857687,1.8850358378575507,1.3059751262267802,0.4457575988365612,2.6574460847969164,3.9007423576141527
401762875,14,Miami (OH),Ball State,fbs,fbs,21,12.879018350823173,12.901517318041009,12.778012130418908,13.6288531224519,13.794794499450948,16.54212294533429
401752921,14,Michigan,Ohio State,fbs,fbs,-18,-11.222622556557415,-11.348842386081444,-11.122063522975012,-10.908770546559275,-11.709105860520083,-13.168555772407956
401756966,14,Oklahoma State,Iowa State,fbs,fbs,-7,-18.845857964312803,-19.401575916515913,-20.696386028983945,-22.204215273529137,-20.428065126969734,-25.17468661494042
401756965,14,Kansas State,Colorado,fbs,fbs,10,9.26807141754604,11.204647585315723,13.244914817561767,14.442578317182424,9.874535349125935,11.693927143865547
401756962,14,Baylor,Houston,fbs,fbs,-7,-0.4043489499084032,-0.5160511922559721,0.2754257871039947,1.2082588896147683,-0.22676979611092918,0.30596766528168473
401833975,14,Youngstown State,Yale,fcs,fcs,-1,-1.0704140627918406,0.08789892282537792,1.0427177509339671,1.190348335846,-0.6065205450233133,0.7851600082822614
401754611,14,Pittsburgh,Miami,fbs,fbs,-31,-3.2369001755193167,-2.87014680141278,-2.0310819833844747,-2.2336494073921784,-3.2609332277222123,-3.3330323843308207
401836055,14,Villanova,Harvard,fcs,fcs,45,-10.417283931349385,-11.026754810280517,-13.247013322898066,-15.32661555248632,-11.49358739345578,-14.722497779774955
401836102,14,Rhode Island,Central Connecticut,fcs,fcs,8,9.702757882869552,9.726449722345274,10.41397807649928,11.12778410487834,10.454482429853872,12.70965607080655
401762872,14,Central Michigan,Toledo,fbs,fbs,-18,-3.5875887601320233,-5.36509042874231,-7.420729407368649,-8.76721661339243,-5.208188762116592,-10.069988768070063
401752787,14,Louisville,Kentucky,fbs,fbs,41,16.06738972814301,16.217951480979078,16.49885915804566,16.661768149855316,15.924361753084728,15.495277827909945
401836037,14,PennWest California,Frostburg State,ii,ii,-2,8.035126222646374,8.296241384827928,8.700487446511627,8.89418428863274,8.264247559506842,8.951611570088279
401836015,14,University of Mount Union,Muhlenberg,iii,iii,42,16.101106858217236,15.935793127329886,15.561034311463183,16.008316177402968,18.018009096798586,23.768715812542744
401836021,14,Johns Hopkins University,Springfield,iii,iii,20,20.275402019712775,23.741523311932,28.74151079312709,32.11962929709773,20.83148828375374,22.499747075876826
401836018,14,Christopher Newport,Susquehanna,iii,iii,-14,3.7599543192256863,4.266576286124,4.816302892754843,5.421168494767578,3.6209022908781954,3.20374620583582
401836017,14,Berry College,Lagrange College,iii,iii,4,17.758552501537327,19.293460474132903,23.17881921115923,27.268789629921123,19.69422276297658,25.501233547294362
401836035,14,Kutztown University,Assumption,ii,ii,37,22.173145519607566,21.926926402189384,22.74451847640996,23.969707901487237,24.03826759256841,29.633633811450654
401836019,14,North Central College,Hanover College,iii,iii,32,25.359045402212466,25.398323296596892,25.85707636124365,25.809633237948646,27.568334053862195,34.19620000881139
401836036,14,Ferris State,Ashland,ii,ii,32,10.239444680625997,12.001282082438195,12.906961915730037,12.517474181571757,12.194472574085172,18.059556254462706
401836075,14,Wisconsin-River Falls,Chapman,iii,iii,51,23.788771568822796,24.666575559881053,25.749195938370764,27.371907034486473,25.644192917542213,31.210456963700516
401836020,14,Bethel (MN),Coe College,iii,iii,25,12.983985617349179,12.755948672874245,14.315926536968602,16.83801264856362,14.907458097619655,20.67787553843108
401836041,14,Albany State GA,Benedict College,ii,ii,2,9.664891939254733,9.886848211039347,11.490236619214755,14.170704672736028,10.2768174761907,12.112594086998644
401836016,14,Wartburg,Wheaton,iii,iii,-4,1.5469886320898656,0.1753919212633761,-2.6092984813696933,-3.7884668375028845,-0.46729416790757305,-6.510142567899676
401836040,14,West Florida,Newberry,ii,ii,-7,11.388487511272974,10.138486213893174,9.294379927081579,8.896375381219798,11.01505872125454,9.894772351199181
401833969,14,Abilene Christian,Lamar,fcs,fcs,18,2.8611500196516833,4.324309135878046,4.901682819436111,5.517461457302305,3.7681616626715844,6.48919659173133
401836116,14,South Dakota State,New Hampshire,fcs,fcs,38,16.02195640801553,16.108748642205658,15.99261280218018,15.580524554210697,16.844569757495982,19.312409805937374
401757310,14,Delaware,UTEP,fbs,fbs,30,5.050759649974408,5.19789105529677,5.118406588183182,4.704147376289361,5.078713642590726,5.162575620439819
401756963,14,BYU,UCF,fbs,fbs,20,17.976684292432715,18.931278448400832,19.092719009387732,18.832527005780562,18.35478397863856,19.489083037256236
401757311,14,Sam Houston,Florida International,fbs,fbs,-40,-10.854531040036361,-11.199069085014099,-12.366086197928276,-13.630893720265366,-11.347174851128411,-12.825106284404335
401836195,14,South Dakota,Drake,fcs,fcs,21,4.812010693184057,4.85737820941787,5.38856220263332,5.645830247925483,3.5456953683133285,-0.2532506062989981
401836115,14,Tennessee Tech,North Dakota,fcs,fcs,-25,0.6670905041908384,-0.4863976706931865,-2.3581913240889953,-3.897633435092626,0.9075542953969169,1.6289456690149464
401836095,14,SE Louisiana,Illinois State,fcs,fcs,-18,7.02187052278669,8.661578480035717,11.07507085491407,13.491405343053382,8.407575247722306,12.564689422529117
401761663,14,Marshall,Georgia Southern,fbs,fbs,-5,8.83711893429732,9.103914400932128,9.485838943433027,9.433998335679263,8.787808237081205,8.6398761454329
401761664,14,Old Dominion,Georgia State,fbs,fbs,17,22.446424749248102,24.349315190983763,27.02105968684781,29.72634812066486,24.119530308881387,29.13884698778122
401757314,14,Missouri State,Louisiana Tech,fbs,fbs,-12,-4.188130343295047,-3.964646803826408,-4.681878540329308,-5.615114004449808,-5.515183512870191,-9.496343021595468
401757312,14,Jacksonville State,Western Kentucky,fbs,fbs,3,0.37685544767856527,-0.36651201341943285,-0.7070045549062449,-0.5604795735774992,0.09591015254695279,-0.7469257328479841
401767420,14,Southern,Grambling,fcs,fcs,1,-19.482390487354955,-19.19178229898282,-20.24077363802497,-21.508880892620653,-19.626196866684065,-20.057616004671207
401836039,14,Harding University,Pittsburg St,ii,ii,16,12.074897865107317,14.522696682323339,17.76930333575239,20.66429355778278,14.864783891654943,23.23444197129775
401836038,14,Indianapolis,Minnesota State Mankato,ii,ii,-8,4.472880077943447,5.843722445105239,7.8803858202359685,9.134679961081694,5.951164560038963,10.38601800632587
401761661,14,App State,Arkansas State,fbs,fbs,-1,1.9975965846909958,2.1447236140361454,1.97867861942197,1.9781795593071365,2.103297804117453,2.4204014623967325
401767428,14,Mississippi Valley State,Florida A&M,fcs,fcs,4,-3.8192679865721892,-4.588832815470205,-5.317979286062126,-6.28275583101723,-4.290216351058556,-5.703061444517534
401754608,14,Syracuse,Boston College,fbs,fbs,-22,8.082065418573727,8.205486022208252,9.323581771467373,10.549789040273264,7.893041502145527,7.325969752860901
401762517,14,Tulsa,UAB,fbs,fbs,-7,3.820067721669897,4.762883808215296,6.43271521992029,7.951734980026034,3.637762355904128,3.0908462586069874
401757315,14,New Mexico State,Middle Tennessee,fbs,fbs,-7,7.1234643398904005,6.976629927919511,6.816689572033686,6.793935724682175,6.98969882112959,6.588402264847057
401761665,14,Louisiana,UL Monroe,fbs,fbs,3,10.32177468535536,11.51296151181576,12.237984007944009,12.347225269076327,11.283900567994767,14.170278215912793
401761667,14,Texas State,South Alabama,fbs,fbs,23,9.152849349114895,9.419551119918143,10.084460971980747,10.82371525576276,9.324228895940111,9.83836753641584
401836155,14,UT Permian Basin,Western Colorado,ii,ii,6,-1.7144088384458644,-1.0020574294348847,-0.13469460016631452,0.12596405811586386,-1.6491749107264155,-1.4534731275679356
401752789,14,Oklahoma,LSU,fbs,fbs,4,6.547195732790268,5.426411136021294,4.292942662850393,4.324782662236842,6.6411783422873185,6.9231261707781755
401752918,14,Minnesota,Wisconsin,fbs,fbs,10,6.376624594347302,7.64328021690935,6.42790407346914,6.315365906877783,6.487235055367659,6.819066438428578
401752791,14,Tennessee,Vanderbilt,fbs,fbs,-21,1.0499369208917315,2.489341452104,2.7041750646804203,2.5420012474844214,1.0054195779482598,0.8718675491177592
401761666,14,Southern Miss,Troy,fbs,fbs,-10,7.892105764977579,7.97054563711653,7.969724398903885,7.89791980053748,7.917774637608417,7.994781255500971
401756967,14,TCU,Cincinnati,fbs,fbs,22,5.329715414609868,3.446447524551047,3.8070715352745523,4.363385066308496,4.364690042484256,1.4696139261074066
401752920,14,Rutgers,Penn State,fbs,fbs,-4,-5.151834393682684,-6.2986723425391276,-7.394068714759655,-8.524164966662681,-5.807633940564294,-7.775032581208997
401762441,14,UTSA,Army,fbs,fbs,-3,3.870009767118571,3.8545734835045877,5.198782860832026,7.146675547942756,3.9459921828130007,4.173939429896279
401754610,14,Duke,Wake Forest,fbs,fbs,17,6.571530808163484,6.4018870231049725,5.896629438714683,5.83611916856356,6.777592040729882,7.395775738429094
401752783,14,Arkansas,Missouri,fbs,fbs,-14,-3.5834914231286277,-3.7016853536603413,-5.145733749452688,-5.971224418982146,-4.376982315984819,-6.7574549945532745
401752917,14,Washington,Oregon,fbs,fbs,-12,-2.522104959648246,-5.181506945476421,-7.021213142866962,-8.470801432466189,-3.8114626799896882,-7.679535841013973
401757313,14,Liberty,Kennesaw State,fbs,fbs,-6,-4.289776795743052,-4.421196603227967,-4.7136939946276755,-4.837045221640345,-4.0846474918314915,-3.4692595800968604
401761662,14,Coastal Carolina,James Madison,fbs,fbs,-49,-12.495110853807752,-13.056454361115712,-14.478580459237453,-16.237985689986957,-13.78793571895823,-17.66641031440968
401752785,14,Florida,Florida State,fbs,fbs,19,-0.46517312001906674,-2.290732201924815,-2.880656683657598,-2.67081233642579,-1.5633683948987738,-4.857954219537547
401752946,14,Washington State,Oregon State,fbs,fbs,24,13.534559556973658,12.28339060956856,12.673502278916754,13.472083194943034,13.229514014471244,12.31437738696388
401754613,14,Virginia,Virginia Tech,fbs,fbs,20,16.635451241220746,18.119385850564424,19.79079617949148,21.286630751578162,16.949026534346423,17.88975241372347
401752923,14,Michigan State,Maryland,fbs,fbs,10,-7.348166574539256,-7.505923431004458,-8.39601500829274,-9.338561090155615,-6.771260866786239,-5.040543743527071
401762520,14,South Florida,Rice,fbs,fbs,49,25.097397731818518,25.447652706338534,27.525636594392417,29.304324708190613,26.429215906700936,30.424670431348297
401752922,14,Illinois,Northwestern,fbs,fbs,7,12.515958038612421,12.744787504818113,13.3812707298488,13.196499543993344,12.747025441883416,13.440227651696297
401762518,14,Tulane,Charlotte,fbs,fbs,27,25.08487101892267,25.088434617872302,25.88728316272463,27.451652369205004,25.45000112283724,26.54539143458117
401752784,14,Auburn,Alabama,fbs,fbs,-7,-6.233154314365585,-8.120215650215993,-9.790331037856461,-10.490807870954018,-7.408002221787079,-10.932545944051409
401754612,14,NC State,North Carolina,fbs,fbs,23,12.654192016098708,14.06421195796553,16.024958800981064,17.563054344289554,13.253725921014455,15.052327635761678
401752919,14,USC,UCLA,fbs,fbs,19,18.71720688751765,19.173941088447158,20.596483598340054,22.07651656644094,20.243147302583306,24.820968547780286
401754609,14,California,SMU,fbs,fbs,3,-9.398431550840598,-10.037574993388045,-10.935465487368429,-11.94553470009479,-9.201075034064406,-8.60900548373591
401760425,14,Nevada,UNLV,fbs,fbs,-25,-9.355192072404067,-10.823117150176035,-12.156763650122684,-13.959272596708214,-9.551172256445877,-10.13911280857143
401754614,14,Stanford,Notre Dame,fbs,fbs,-29,-23.55116519046102,-23.20417843867885,-23.70753904670237,-24.581147075592465,-24.113324224506982,-25.799801326644936
401760423,14,San José State,Fresno State,fbs,fbs,-27,0.6945078797251618,0.7280133729440124,0.4168369266955114,0.19341794299776183,0.3139653905144897,-0.8276620771176066
401760424,14,Hawai'i,Wyoming,fbs,fbs,20,4.444878386279306,4.849581463751413,5.254750081419479,5.35291418217129,4.120516324804246,3.147430140379182
