id,week,home,away,homeClass,awayClass,actual,cap28,half1.0,half1.25,half1.5,softcap25pct,uncapped
401762852,11,Ohio,Miami (OH),fbs,fbs,4,6.235170235048972,6.246846212586458,6.2992068587543315,6.211357042560955,6.120223993467782,5.775385268724293
401762851,11,Akron,Massachusetts,fbs,fbs,34,14.517969035063894,15.20292923859178,14.812145393675694,14.33544833948561,14.455908440024414,14.269726654905906
401762853,11,Ball State,Kent State,fbs,fbs,4,2.18003494784562,4.472317871466863,5.665330069473967,5.763168820364086,2.694852632167761,4.2393056851340045
401762854,11,Toledo,Northern Illinois,fbs,fbs,39,15.72960233755622,17.27573959436434,19.06948065314404,20.196292792255008,16.736268032771285,19.756265118416408
401762500,11,South Florida,UTSA,fbs,fbs,32,14.226234882920327,14.447433668598016,14.38778400710018,13.664600984606182,14.587046156299941,15.669479976438723
401761644,11,App State,Georgia Southern,fbs,fbs,-2,3.8664521637073257,3.8132518862946903,3.5111198351742736,3.1786238545380385,3.8303149849826994,3.7219034488085807
401767706,11,Columbia,Harvard,fcs,fcs,-17,-25.583832410550485,-28.82638394824681,-32.51653175893281,-35.063031336318005,-27.032639945240643,-31.379062549311108
401767347,11,Morgan State,Delaware State,fcs,fcs,-2,-3.247162076932126,-5.0249811183204365,-6.519493623524934,-6.892235401715487,-4.244773733058256,-7.237608701436839
401756946,11,UCF,Houston,fbs,fbs,-3,-3.069016687510839,-2.4183874818174615,-1.6344442965165698,-1.008512447846833,-2.289822840172775,0.0477587018414205
401762501,11,Memphis,Tulane,fbs,fbs,-6,9.831235023581282,9.697898115848279,10.111654476823912,10.95511696176196,10.056953757498032,10.734109959248116
401752896,11,USC,Northwestern,fbs,fbs,21,14.523971467865529,15.03030947164483,16.151724895520427,16.72928679515756,15.420878946232847,18.111601381335078
401786375,11,Buffalo State,St. Lawrence,iii,iii,-5,-2.468011179802538,-1.7792470224741201,-1.8614180084832697,-2.533979009029135,-2.933575754356351,-4.330269478018067
401767535,11,Chattanooga,Furman,fcs,fcs,17,3.519016000445278,4.014857294320507,4.352583560625571,4.200844462425,4.7828643444517684,8.57440937647129
401754584,11,Boston College,SMU,fbs,fbs,-32,-15.44892164386755,-16.150995949992588,-17.27340456390469,-18.821749379526405,-14.90735450924754,-13.282653105387755
401756945,11,Texas Tech,BYU,fbs,fbs,22,6.835748813475611,8.271350311163772,10.091632184355944,10.945494100739886,7.062043472094629,7.740927447951783
401756947,11,West Virginia,Colorado,fbs,fbs,7,-1.4858206028169647,0.18720750942019393,1.2551583798995587,1.4231585163879537,-0.9211626000456477,0.7728114082682183
401761646,11,Marshall,James Madison,fbs,fbs,-12,-8.633531685640648,-8.3429996300057,-7.921357705431021,-8.236794854722223,-9.243401848642677,-11.073012337648809
401761647,11,Arkansas State,Southern Miss,fbs,fbs,-6,-3.9892068255036524,-4.007698806007475,-3.9672456932431484,-4.243854873113223,-4.2763445989025275,-5.137757919099267
401786379,11,UMass Dartmouth,Westfield State,iii,iii,20,13.269298895770724,14.8498080271869,16.846454490926394,18.320829720596258,13.437610655384347,13.942545934225233
401783365,11,Merchant Marine Academy,Worcester Polytechnic Institute,iii,iii,20,16.1964632671433,15.77870253119686,16.468457233261955,17.25508328689493,16.742765174808262,18.381670897803062
401767676,11,Brown,Yale,fcs,fcs,-12,-9.472369648713945,-8.871916244492436,-8.474377911800792,-8.73543956998039,-9.361366696156278,-9.02835783848336
401773832,11,Edinboro University,Slippery Rock,ii,ii,30,-7.6499712938264395,-8.262632635017663,-9.578231983869053,-10.823419710288587,-8.226543287583208,-9.956259268853628
401777773,11,New England College,Endicott College,,iii,-63,-50.44732943406215,-55.92491495302464,-64.33405332007894,-71.40551901472789,-56.46701489240917,-74.52607126745028
401773825,11,Clarion,Indiana-Pennsylvania,ii,ii,-3,-10.790051912349561,-11.458040738637987,-12.059803258738821,-12.494159348006544,-11.474982699819964,-13.529775062231018
401774154,11,Norwich,Salve Regina,iii,iii,-28,-20.87320899802448,-20.71394264105395,-21.864870157973883,-24.275748914833862,-21.979076129332803,-25.296677523257912
401767731,11,Lehigh,Holy Cross,fcs,fcs,35,23.26404230493966,23.5861766904228,23.824915691689753,24.072989211844313,23.422117528031116,23.896343197305494
401773249,11,Walsh,Hillsdale,ii,ii,-3,3.074297570077447,2.8890830703043644,1.3705370129218424,-0.08842149020256418,2.169703198834707,-0.5440799148935143
401766736,11,Amherst,Williams,iii,iii,1,0.8081067866293914,2.2081067866293793,2.958106786629367,3.708106786629374,0.5581067866293754,-0.191893213370685
401773513,11,Northwood (MI),Tiffin,ii,ii,3,4.772982601048247,4.80600588337477,5.955045701543849,7.445288548874705,4.692919588414448,4.452730550513019
401766735,11,Bates,Hamilton,iii,iii,-3,5.520151533297744,6.220151533297811,7.795151533297805,9.370151533297804,6.395151533297815,9.020151533297772
401774110,11,Rensselaer,Ithaca College,iii,iii,-1,6.930732354990974,8.359157671592033,9.10990665412392,9.75204980184338,7.450457289679104,9.00963209374342
401773508,11,Thomas More College,Ohio Dominican,ii,ii,-2,-9.985446403497951,-11.277934718569428,-12.58242947499878,-14.290855151063688,-10.57069195916323,-12.326428626159107
401773502,11,Lake Erie,Kentucky Wesleyan,ii,ii,18,8.307881822891773,8.820991586677827,8.914058312337167,8.773196388367499,8.387598275200896,8.626747632128318
401752893,11,Penn State,Indiana,fbs,fbs,-3,-13.150290277921421,-15.041608353385854,-17.20476565416248,-17.969260394912666,-15.204539007156832,-21.36728519486301
401767769,11,St. Francis (PA),Mercyhurst,fcs,fcs,-1,-10.854517516203277,-12.916379274911979,-14.012801738485187,-14.572799580985212,-11.601065926080377,-13.840711155711528
401774225,11,North Carolina Wesleyan,Greensboro College,iii,iii,-9,16.13281708638971,18.28438671071232,20.75808034827636,22.427053768169365,17.284908291688936,20.741181907586554
401767262,11,Monmouth,New Hampshire,fcs,fcs,-21,11.953608288472404,11.822938977847725,11.733033450085706,11.731851409095135,12.074027861728862,12.435286581498406
401767755,11,Long Island University,Duquesne,fcs,fcs,18,-3.1500203701616796,-5.203455073965724,-6.692231243054767,-7.1531771812679175,-3.5193631013427407,-4.627391294886278
401767747,11,Central Connecticut,Stonehill,fcs,fcs,30,11.946733845447163,12.138597348530013,12.318582249601906,12.781370451230526,11.80262823901797,11.370311419730331
401783909,11,Springfield,Coast Guard,iii,iii,20,8.778258363822019,7.059580481805199,5.87778680528708,5.2362873537283114,9.318361575606675,10.938671210960482
401776975,11,Maine Maritime,Western New England,iii,iii,-63,-30.967211511127864,-38.205284501529164,-43.78117659586755,-47.07734450410773,-36.22079285148621,-51.98153687256138
401776785,11,Olivet College,Albion,iii,iii,-16,-9.008861523994852,-12.525804211275922,-14.131742761845004,-15.40829367585862,-9.066867940984995,-9.240887191955405
401762503,11,Army,Temple,fbs,fbs,1,6.410695737167227,6.65498955739371,6.385083662126259,5.480839854955477,6.28877203320074,5.923000921301231
401774089,11,Juniata College,Moravian,iii,iii,-25,-1.7363860023967987,-2.2472073565272694,-3.5191421462201546,-4.678919942629641,-2.4437199978096302,-4.565721984048288
401774080,11,Johns Hopkins University,McDaniel College,iii,iii,42,41.45536799482464,46.786173754136044,53.750739255352386,58.256259764167496,45.19256831739355,56.40416928510026
401774070,11,Carnegie Mellon,Franklin & Marshall,iii,iii,-7,8.2799340450467,10.666746297417857,12.635359145611927,13.983133479357612,9.309212029465861,12.39704598272332
401786485,11,Mass Maritime,Worcester St,iii,iii,-7,11.0124382741969,10.978543915037424,11.032342125434724,11.459651896976677,11.179078675428435,11.678999879123221
401783337,11,Albright,Stevenson,iii,iii,-10,-4.145196647892071,-4.603271922183611,-6.508876110233279,-8.096397918037477,-4.61240033068823,-6.014011379076672
401777133,11,Oberlin,Wabash College,iii,iii,-29,-40.123319100947846,-45.98423155143896,-50.6927845028586,-56.05124887508351,-46.6072103846477,-66.05888423574726
401776982,11,Curry College,Biddeford,iii,iii,17,1.524404871893129,2.0370168038975613,1.6662500358930235,0.5539582701587751,2.2080922635739935,4.2591544386165126
401774145,11,Western Connecticut St,Catholic,iii,iii,33,10.056305647126118,8.633917975466279,9.904923967808635,12.032515676388675,11.036200687308583,13.975885807856132
401774097,11,Susquehanna,Wilkes,iii,iii,23,19.163670643512795,22.014395639414726,25.563675116772604,28.10522086961599,21.86637161156637,29.97447451572703
401774049,11,Cortland,Brockport,iii,iii,30,11.577766778365271,9.464758122688133,10.161793048056275,11.761349720037824,11.081790564795398,9.593861924085587
401766734,11,Wesleyan University (CT),Trinity (CT),iii,iii,3,-0.23202039853255485,0.4679796014674409,0.3179796014674512,-0.13202039853251613,-0.7570203985325374,-2.3320203985325616
401774307,11,Nichols College,Husson,iii,iii,-44,-5.912010131805477,-8.465484479562388,-11.943302587195578,-15.08483036506992,-7.9472687193516265,-14.053044481990245
401804602,11,SUNY Maritime,MIT,iii,iii,-3,7.413781425471809,8.2795320887686,9.511966262840073,10.047153973006251,7.718065201885418,8.630916531126207
401767766,11,Robert Morris,Wagner,fcs,fcs,-4,3.196696595309378,2.5739464328086026,2.5451020271352736,3.1964499868908476,3.269731023920496,3.4888343097536865
401752762,11,Mississippi State,Georgia,fbs,fbs,-20,-7.249061686159788,-6.431696167662864,-5.9495625363334455,-6.303917044703539,-7.050289257614363,-6.453971971977936
401773714,11,Bentley,Assumption,ii,ii,3,-6.557141147093645,-7.173221824643495,-9.205708318581092,-12.288702028611954,-6.119578087144427,-4.806888907296688
401773311,11,Hilbert College,Hobart College,iii,iii,-57,-24.50472390035631,-26.39166233871017,-30.162743817499234,-33.67076753480943,-27.123905232203487,-34.98144922774513
401773294,11,Framingham State,Dean College,iii,iii,25,28.794080610234264,31.370395598516687,33.38391647525499,34.9416376238309,30.010321531172675,33.6590442939881
401773817,11,Gannon,PennWest California,ii,ii,-20,-14.076067316388013,-14.416447912552872,-15.77801960671465,-17.16972934672606,-14.74123147305722,-16.736723943064842
401767316,11,Stony Brook,North Carolina A&T,fcs,fcs,26,15.637172340997942,18.40284725999082,20.46852152550232,21.664091983678638,17.312508695213317,22.338517757859442
401774119,11,University of Rochester (NY),Union (NY),iii,iii,-4,-2.560307098748238,-3.494764132859439,-4.648906926201855,-6.130809794220653,-2.6223884761266962,-2.8086326082619433
401767662,11,Sacred Heart,Virginia University Of Lynchburg,fcs,,46,36.82085458839503,39.63839326025402,41.910634765115624,43.79507585598688,39.14167555350555,46.10413844883719
401773460,11,Davenport,Northern Michigan,ii,ii,-2,17.040232448386337,17.869593420180482,18.73486184173025,19.572609246553686,17.299143451855073,18.07587646226114
401774138,11,Rowan,Castleton,iii,iii,55,34.35863284873828,35.51308966255698,38.08294192012624,41.07166464681802,36.47924936751369,42.841098923839965
401777009,11,Plymouth State,Fitchburg State,iii,iii,27,11.43073700670299,9.97268609356143,8.748021447187444,7.775583924220516,10.888905830741654,9.263412302857589
401769849,11,Lafayette,Colgate,fcs,fcs,17,4.471817122468982,5.246120935466642,5.874340152984607,6.847111492388643,4.866262565482465,6.049598894523015
401766733,11,Middlebury,Tufts,iii,iii,3,7.798742535500997,9.198742535500998,9.948742535500982,10.698742535500967,7.7987425355010025,7.798742535501047
401783352,11,Eastern University,FDU-Florham,iii,iii,21,27.55783419545557,28.141190205548902,30.84982208999801,34.044899034357904,28.040017328006243,29.486566725658275
401773214,11,Ashland,Findlay,ii,ii,-11,3.911148673826876,5.826733060002727,7.761996453465928,9.502110121145144,4.693220034285208,7.039434115660228
401767443,11,Indiana State,Illinois State,fcs,fcs,-32,-2.6163906750292263,-3.6398578288824215,-4.73501942666464,-5.1227169033581,-3.583675238374953,-6.48552892841195
401773968,11,Mars Hill,UVA Wise,ii,ii,41,14.08745837263714,13.893463162592095,14.473813491764377,15.548377172033458,14.092652494538806,14.108234860243684
401776742,11,Saint John's (MN),St. Scholastica,iii,iii,49,34.067288260325036,38.98937409615651,42.21777503271272,46.334591058548654,38.25392835185441,50.81384862644235
401767599,11,Morehead State,Butler,fcs,fcs,1,-7.152944617282042,-9.614505481650488,-12.071139644774785,-14.073503398238373,-8.524526992532184,-12.639274118282785
401774390,11,Washington University (St. Louis),North Park,iii,iii,28,16.248731627649782,18.155319358155598,19.934714206007914,20.778691046407133,18.128879918522372,23.7693247911403
401773942,11,Newberry,Carson-Newman College,ii,ii,7,-4.648260281213587,-3.86360401890615,-3.4388058813299764,-3.051677747846549,-4.0957956369916255,-2.438401704325649
401774388,11,Elmhurst,North Central College,iii,iii,-58,-47.3121547825959,-53.828339739875936,-58.465722028778174,-61.578018379414004,-53.72392000924056,-72.95921568917448
401774356,11,Carthage,Augustana (IL),iii,iii,-20,-6.168143441727633,-3.7063656357330306,-2.7276010261112376,-3.097832984154916,-6.060979022866986,-5.739485766285043
401773085,11,Fayetteville State,Winston-Salem,ii,ii,10,11.0341790593847,11.019470733966088,11.193713146427697,11.845284619362252,11.076643458909002,11.204036657481693
401773740,11,Minnesota Duluth,Bemidji State,ii,ii,14,22.805043184883154,25.164378781882796,27.65459121359401,30.22931704024629,23.349917776705283,24.98454155217172
401767632,11,Marist,Stetson,fcs,fcs,28,8.58151271701362,9.083042786380627,9.250873019061526,9.031860134112712,9.502806547438617,12.266688038713934
401774318,11,William Paterson,Kean,iii,iii,-10,7.274060482442124,8.67577713249236,8.860862182367942,8.32746533723294,6.772713915303104,5.268674213885905
401767624,11,Drake,St. Thomas (MN),fcs,fcs,-7,3.4328739409687987,3.198710682709091,2.277877758257633,0.8076595308725931,3.2093267220240467,2.5386850651896804
401773689,11,Glenville State,Wheeling,ii,ii,-3,6.757772225415616,7.4095556264402616,8.192462501439845,9.071435719796217,7.134689626720854,8.265441830636545
401773421,11,Northeastern State,McKendree,ii,ii,34,13.723823109947357,15.796092536747029,15.32408387807821,15.285170110735095,15.34202690912013,20.19663830663829
401766727,11,Knox College,Lake Forest College,iii,iii,-63,-24.455471907232546,-29.138097654495773,-34.294970782673865,-38.137201965580175,-29.242771638492478,-43.60467083227208
401767724,11,Georgetown,Richmond,fcs,fcs,-7,-0.9730434521370968,-1.4459564956852065,-2.1745772646677466,-2.4699670320272107,-1.4314621833277386,-2.806718376899606
401767186,11,Hampton,Maine,fcs,fcs,-28,-11.05657274240987,-14.453609013318939,-16.134774875074214,-17.134831871760177,-11.583947200850638,-13.166070576172977
401777272,11,Case Western Reserve,Grove City College,iii,iii,-14,-0.6103732977817167,2.5605343833834127,6.381712479755063,8.890396367365673,-0.14268077097342413,1.260396809451219
401774043,11,SUNY Morrisville,St John Fisher University,iii,iii,-14,-11.069413781897103,-13.04366888496157,-14.439138049386454,-15.04848984793712,-12.157643871395676,-15.422334139891369
401767646,11,Valparaiso,San Diego,fcs,fcs,-16,-15.774681011242993,-17.38418134609134,-18.81619199872833,-20.46586913806653,-16.162199615581045,-17.32475542859515
401774233,11,Methodist,Brevard College,iii,iii,-27,-13.444913899305426,-13.245884982719932,-13.072045673488883,-12.975514542000237,-13.338605133873912,-13.019678837579292
401774243,11,Berry College,Maryville College (TN),iii,iii,29,10.815727222934827,11.959669667631326,14.4861284908077,16.85168906725953,11.882815687578036,15.084081081507817
401777280,11,Geneva,Washington & Jefferson,iii,iii,-42,-12.676824340057456,-17.219573571527413,-21.917837410895128,-25.339206527529633,-14.536644137480458,-20.116103529749374
401767694,11,Pennsylvania,Cornell,fcs,fcs,-22,10.956601706599486,10.743456638426466,10.975687386948909,11.35858963624468,10.891258401463498,10.695228486055496
401773056,11,Lincoln (PA),Bowie State,ii,ii,-11,-11.391332629438507,-11.66253966956942,-12.461831169306379,-13.547846651811795,-12.959391791187286,-17.663569276433865
401773723,11,Franklin Pierce,Southern Connecticut State,ii,ii,31,14.654591003131808,16.143714489824337,17.66666951290349,19.578850554470062,15.45202821805027,17.84433986280583
401767669,11,Fordham,Bucknell,fcs,fcs,-18,-0.3983104974096525,0.0601200954400416,0.831887294264205,2.1573284625314484,-0.2963719078508964,0.009443860825389727
401773414,11,Lincoln (MO),Missouri S&T,ii,ii,-59,-6.789361014824065,-8.078016114459492,-8.730303786651682,-9.73189791842275,-7.645529984597012,-10.214036893916074
401767199,11,Eastern Illinois,Tennessee Tech,fcs,fcs,-12,-19.07148896820185,-19.492798864410815,-20.767921629162338,-23.23638656844274,-20.260269281421706,-23.82661022108139
401773121,11,Chowan,Ferrum,ii,ii,-3,9.231218347788351,8.69376750612979,9.879095637700901,11.609035532643542,9.251991162544897,9.314309606814671
401777541,11,Elizabeth City State,Bluefield State,ii,ii,40,11.79620668740462,13.215013213911545,14.722521166751042,15.963962480530402,13.946621779658676,20.39786705642098
401776991,11,Lebanon Valley,Reading,iii,iii,31,26.93697177089543,29.31282442399131,32.53966302128206,35.1678903698586,27.733851596947616,30.124491075104117
401783901,11,Thiel,Bethany (WV),iii,iii,-5,13.246721448768433,13.564983498041492,14.759698209115228,17.2707927232361,13.612786099325149,14.710980050995197
401777287,11,Waynesburg,Saint Vincent,iii,iii,11,6.943904106623755,3.5852596724324357,1.9114913445085904,0.7760440423425408,6.654334142795864,5.785624251312441
401767137,11,UAlbany,Bryant,fcs,fcs,-3,-0.8292233174377559,0.7647837430704891,0.4993898831348256,-0.06889728188328981,-1.3044240939055998,-2.7300264233090203
401777083,11,Depauw,Wooster,iii,iii,59,23.806571167457356,25.7647079522594,26.19097057738027,27.593364538092498,25.639295521470387,31.1374685835096
401777986,11,Post University,St. Anselm,ii,ii,6,-3.128395382819093,-4.464907744966762,-5.8051617656259005,-6.465177946860791,-3.9659567403958746,-6.478640813126436
401783355,11,Widener,Kings College (PA),iii,iii,16,-7.390895366833849,-7.219234151633147,-6.098612780571624,-5.076339233544566,-7.821325182358374,-9.112614628932269
401777310,11,Minnesota Morris,Westminster College (MO),iii,iii,7,3.439356123315033,4.1620452885576995,4.056524142883966,3.7023004697797575,3.595779444597028,4.065049408443063
401777993,11,Dickinson (PA),Ursinus,iii,iii,25,-1.4336961694334658,-3.781707371546025,-6.956728737666779,-9.04905139374429,-2.404120186588015,-5.315392238051533
401777093,11,Westminster (PA),Hiram College,iii,iii,76,27.825785498420593,32.34812914691102,35.028611945374934,36.462432011429904,30.655671321813973,39.14532879199378
401777999,11,Gettysburg,Muhlenberg,iii,iii,-32,-24.114368588600783,-27.328176217504677,-30.8562655605348,-34.00647053822121,-25.114618419804824,-28.11536791341706
401777253,11,Washington and Lee,Roanoke College,iii,,21,12.745983229661295,12.802986931799394,13.587503573097425,14.396093874473364,13.52327336392862,15.85514376673063
401777234,11,Hampden-Sydney,Bridgewater (VA),iii,iii,-3,20.491555112815682,25.55671190824981,26.06581718549226,25.120744884517677,22.09694113016481,26.913099182212207
401777100,11,John Carroll University,Ohio Wesleyan,iii,iii,38,25.98689333711151,29.13532029435155,33.46933668129961,36.838680202173904,27.87213879734236,33.527875178034954
401777076,11,Kenyon,Denison University,iii,iii,-15,-14.790474829532247,-15.179135292005984,-15.573692268993074,-15.54722106316645,-15.991579932127209,-19.594895239911892
401777044,11,Rockford,Wisconsin-Lutheran,iii,iii,-45,-16.54350724917592,-19.795910927074097,-21.925158518120902,-24.981164356398708,-18.11352678488767,-22.82358539202304
401767703,11,Dartmouth,Princeton,fcs,fcs,3,9.870606428579798,10.342358325779344,11.101976411756812,11.950874853942402,10.13147715950555,10.914089352282712
401783820,11,Rhodes College,Southwestern University,iii,iii,-13,-7.406143296336207,-8.859326251421958,-10.088029987616466,-10.946382605974993,-8.498207675666624,-11.77440081365799
401773870,11,Shippensburg,West Chester,ii,ii,29,-10.359190938837301,-11.507184486789118,-12.143314269443902,-13.030793563412402,-11.337256029107746,-14.271451299919086
401776734,11,Augsburg,Gustavus Adolphus,iii,iii,-21,-5.4261318735051525,-8.141617702531924,-10.923882804978952,-13.587541726065467,-7.528083864552366,-13.833939837693705
401773855,11,Lock Haven University,Shepherd,ii,ii,-16,0.704193102181728,0.9505632966890971,-0.1235728707074184,-0.9800354087099405,0.5510528488297624,0.09163208877388129
401773749,11,Minnesota State Moorhead,Jamestown College,ii,ii,24,26.07556851152036,26.255240858042402,27.991500914768253,29.57407876510043,26.761824200470414,28.82059126732058
401773274,11,Alfred State,Alfred University,iii,iii,7,2.73968380340372,3.548462400703025,5.054081103786707,6.560235107844385,3.1397910572586376,4.340112818823446
401773178,11,Luther,Dubuque,iii,iii,-7,-20.9652033118889,-24.507912531871888,-27.49065253232073,-30.067057911572228,-22.09269131398306,-25.475155320265088
401767609,11,Davidson,Presbyterian,fcs,fcs,1,-21.61262678011004,-22.905259695701915,-26.700091484854994,-31.530037595341184,-23.61035852916813,-29.60355377634245
401774383,11,Wheaton,Millikin,iii,iii,47,33.443454557524646,36.298487126695,40.60942941752843,43.96535623981106,36.26314184926838,44.722203724499806
401777000,11,Misericordia,Delaware Valley,iii,iii,-31,3.2206476462327522,3.032048887382441,3.6733482240490734,4.347773062865324,2.777318471018903,1.4473309453773062
401776792,11,Alma,Kalamazoo,iii,iii,50,26.838937529086227,29.62580381307323,33.08163628886291,36.69871351209039,28.21417390345041,32.33988302654288
401777598,11,Lagrange College,Belhaven,iii,iii,32,6.6009940293284695,8.324740221841862,9.200167277987557,9.290215782512725,7.2014386057371915,9.002772334963403
401773103,11,Emory & Henry College,Shaw,ii,ii,48,35.005405915829996,36.3414940328748,38.818972486829495,41.453661839274204,37.0523287537235,43.19309726740397
401774128,11,Adrian,Trine University,iii,iii,23,14.014736559727767,14.381462450223346,16.36307726025678,18.10647107895683,14.809954584189132,17.195608657573377
401777615,11,Greenville,Northwestern (MN),iii,iii,-3,2.6854442213737926,3.316585146480577,4.444455325882611,5.486959282967113,3.1553517622574176,4.565074384908012
401776760,11,Macalester,Concordia Moorhead,iii,iii,-3,-7.902338727617666,-11.252235353530724,-12.284002543317964,-13.534622094607688,-9.971015850004292,-16.177047217163985
401773655,11,University Of Charleston (WV),West Liberty,ii,ii,17,22.91677006041153,22.928853648475553,23.89517666771579,25.184385016841116,23.649637527064698,25.848239927024128
401773493,11,Saginaw Valley State,Ferris State,ii,ii,-6,-15.14315007373958,-18.064910564585894,-19.70724706547749,-19.918735861765985,-17.23650693152312,-23.51657750487395
401773665,11,Concord University,Fairmont State,ii,ii,-14,-2.214566554852899,-2.9591122187398575,-3.720771907348876,-4.476207094455717,-2.524990556343651,-3.4562625608160324
401752897,11,Purdue,Ohio State,fbs,fbs,-24,-24.383824999532507,-25.067184434930695,-25.851762643854023,-26.231510726222854,-25.655222862188282,-29.469416450155663
401773092,11,Johnson C Smith,Livingstone,ii,ii,5,22.13528014916848,22.42937482610308,24.366223662239495,28.100699840082257,23.945354497853664,29.375577543909312
401776749,11,St. Olaf,Hamline University,iii,iii,7,14.443814506407335,15.076390146438488,16.963804524477347,20.512267039860653,16.295823738646185,21.85185143536286
401774060,11,Utica,Hartwick,iii,iii,57,31.565129156346316,34.289232268562905,39.850441427351385,44.137695618635846,33.110703792183045,37.74742769969326
401777974,11,American International,Pace,ii,ii,12,8.069190613203475,7.52914759624141,7.065117430147442,6.639900424965928,7.957676551796361,7.623134367574931
401773071,11,Virginia Union,Virginia St,ii,ii,11,14.641549655573144,14.860503187716038,15.891854627921738,16.750806628248906,16.429359660760596,21.79278967632326
401752761,11,Ole Miss,The Citadel,fbs,fcs,49,29.769094155930958,29.896209307464385,30.425575064814915,31.389250602086495,31.557868605465195,36.92419195406796
401773683,11,Frostburg State,West Virginia State,ii,ii,5,9.890824278850776,10.512057950968964,12.140355546808582,13.949415435774547,10.834850849463795,13.666930561303023
401767330,11,Towson,Villanova,fcs,fcs,-18,-5.254341901197382,-7.1369205815615295,-7.732886139194923,-7.471681340686377,-4.754309370296238,-3.254211777592877
401777555,11,University of Mary,Winona State,ii,ii,-7,3.6704897826653458,4.240135162887812,4.481666528340519,4.533360817998171,3.1914503585373684,1.7543320861535552
401762855,11,Eastern Michigan,Bowling Green,fbs,fbs,6,-2.546192649921027,-2.8820483989757637,-3.056297503989308,-2.8083740707314995,-2.69121819239005,-3.1262948197970726
401757299,11,Liberty,Missouri State,fbs,fbs,-4,3.4159377851592225,3.1259418870691373,3.1160931122900895,3.297330035090779,4.1191836516172735,6.228921250991247
401774420,11,Hanover College,Otterbein,iii,iii,41,29.330003693722954,35.47904511849061,39.910876664076156,44.48847080971473,33.5419956189803,46.177971394752404
401774405,11,Franklin,Bluffton,iii,iii,2,9.23680899602304,9.825481383792503,9.735795569435918,9.6160059366482,9.830217047612638,11.610441202381343
401777181,11,Ohio Northern,Baldwin Wallace,iii,iii,2,-0.9708427493448397,-1.4118230494369612,-0.67051145699158,0.233712820982392,-0.8800313989353992,-0.6075973477072161
401777196,11,Heidelberg,Wilmington (OH),iii,iii,3,12.02281224215521,11.295374130627287,11.916707841930336,12.773756107807735,13.902013808729425,19.539618508452214
401774426,11,Mount St. Joseph,Manchester,iii,iii,28,34.73267042117255,38.75761649571853,39.264357344043496,39.80889363003007,36.96533260071119,43.66331913932699
401777205,11,Marietta,University of Mount Union,iii,iii,-11,-23.99366989117093,-25.01427867973952,-26.60866402077696,-28.616378894077933,-26.792244452288273,-35.187968135640034
401767396,11,South Carolina State,Howard,fcs,fcs,30,12.50296142407035,12.913734683460696,14.018749506963614,15.642868920473589,12.95478751016259,14.310265768439395
401777189,11,Capital,Muskingum University,iii,iii,-4,-2.2086389535763065,-3.3429470632761458,-3.5901052956487103,-3.824497634179602,-3.431721423644058,-7.100968833847553
401767590,11,VMI,Wofford,fcs,fcs,-42,-11.081507256462569,-12.176117595409595,-14.102155156439025,-16.01967095067867,-12.183234949727527,-15.48841802952245
401767206,11,Gardner-Webb,Southeast Missouri State,fcs,fcs,3,8.395117398845532,8.467906052478998,7.979440286121871,7.463166198579529,7.967499004146413,6.6846438200490335
401773602,11,Central Oklahoma,Missouri Southern State,ii,ii,27,12.230862300219243,13.27275127044539,14.37256468993641,16.053712549691053,13.1681987240742,15.98020799563927
401773264,11,East Texas Baptist University,Howard Payne,iii,iii,-7,6.067100862501969,5.846650382408126,6.434821438911829,7.381714543935452,6.005947848233131,5.822488805426595
401773487,11,Roosevelt,Wayne State (MI),ii,ii,34,-0.6599962817759142,-2.1028103524238304,-4.016074640789046,-5.2657603917856655,-1.4263557321224027,-3.7254340831619572
401774364,11,Illinois Wesleyan,Carroll University (WI),iii,iii,-20,9.479227135889737,11.701940780105584,12.827657360084247,13.237172676049868,9.754674984393873,10.581018529906391
401774456,11,McMurry,Hendrix College,iii,iii,6,3.4863757796334394,4.509899680818119,4.345577942528832,3.644437044846998,3.936542538583266,5.287042815432507
401774279,11,LYONCOLL,Texas Lutheran,iii,iii,-44,-17.260239014490182,-18.90344234215567,-20.966365553507686,-23.29479682997987,-19.32878539217262,-25.53442452522015
401773436,11,Upper Iowa University,Quincy,ii,ii,33,15.033492752208046,15.872109028491629,18.135301715606335,20.403388048939515,16.485087176605525,20.83987044979793
401773562,11,Midwestern State,West Texas A&M,ii,ii,-14,-13.607522741540372,-16.89818487965813,-19.164186436550768,-22.07958186317948,-13.600339481416327,-13.57878970104409
401773256,11,Mary Hardin-Baylor,Hardin-Simmons,iii,iii,4,-7.536099506312567,-8.970093074334693,-10.489040230137691,-12.572653141043812,-8.817086232713066,-12.660046411914484
401774285,11,Sewanee,Centre College Kentucky,iii,iii,-28,-3.5966636719963914,-4.886529745741332,-5.094079118094909,-5.051485210971581,-4.400978554547928,-6.813923202202636
401773773,11,Augustana University (SD),Minnesota State Mankato,ii,ii,-24,-1.029011041688511,-0.4461843459178745,0.8345304909710425,1.7800173369848284,-1.198782955723134,-1.7080986978269816
401774166,11,Wisconsin-Whitewater,Wisconsin-Eau Claire,iii,iii,41,24.67391711420757,24.639253919417563,24.302685048992338,24.378086920886936,25.56528443908287,28.239386413708825
401773965,11,Greeneville,Wingate,ii,ii,-46,-25.11440116855402,-27.072233018276176,-28.839993194974884,-30.644934379366234,-26.23625117590106,-29.601801197942144
401767229,11,UT Martin,Tennessee State,fcs,fcs,19,8.57140153513026,9.905795863614408,10.213805483654301,9.50981662954905,9.259419815466618,11.323474656475572
401773611,11,Washburn,Emporia State University,ii,ii,-28,0.6490710752019648,0.5454361727513,-0.2412146627058993,-0.5298370953457074,0.699685204316169,0.8515275916587308
401767177,11,Elon,Rhode Island,fcs,fcs,-14,-3.221451692754189,-1.815257909315159,-1.1638486167280746,-0.6469635774717801,-3.01905310213011,-2.41185733025769
401767500,11,Northern Iowa,Murray State,fcs,fcs,17,13.031222860543094,12.555824442719274,12.570119792696545,13.201095036605707,13.277603462636327,14.016745268916008
401773468,11,Grand Valley State University,Michigan Tech,ii,ii,3,5.2430739101241794,5.537971877935519,5.680883267266314,5.750916481052199,5.4874338792899415,6.220513786787151
401767507,11,North Dakota,North Dakota State,fcs,fcs,-5,-7.090634396993998,-7.669101173781996,-7.472815727105317,-5.926117112621206,-7.6742904179446505,-9.425258480796717
401767409,11,North Carolina Central,Norfolk State,fcs,fcs,3,22.56536995138866,22.27802828128578,23.537607976118483,25.721491457469302,22.919200910445753,23.980693787617042
401767548,11,Youngstown State,Southern Illinois,fcs,fcs,10,0.2685665001342965,1.5204817765623595,1.6280471705829633,0.37635883816798277,0.42250867175373585,0.8843351866120415
401767214,11,Western Illinois,Lindenwood,fcs,fcs,3,-2.4784146806928264,-2.5342864866682984,-2.93867964886491,-4.25279066020651,-3.310174252786825,-5.805452969068908
401774180,11,Wisconsin-Oshkosh,Wisconsin-Stevens Pt,iii,iii,26,12.32425764341706,12.666941638124015,13.19036447875909,14.042941670577587,13.5202070650077,17.10805532977972
401777017,11,Aurora,St. Norbert,iii,iii,23,7.818683566196748,11.017683912097963,10.41058387790337,8.848679016326704,8.302166073468278,9.752613595282872
401776773,11,Bethel (MN),Carleton,iii,iii,42,16.805860773132647,19.57493615013798,23.464857732051037,26.57433181291604,19.50100348873476,27.586431635541068
401774173,11,Wisconsin-River Falls,Wisconsin-Lacrosse,iii,iii,34,7.644206732310272,8.4875344783481,9.600932308564207,10.82790526932591,9.799380346338074,16.264901188421433
401773986,11,Allen,Edward Waters,ii,ii,23,-2.6178685979379894,-2.906896620467819,-3.852804787831082,-4.740190129836746,-3.2068950307809727,-4.973974329309906
401773808,11,Bloomsburg,Kutztown University,ii,ii,-8,-27.824318131936806,-28.74307668077864,-32.79167126533684,-37.24316273027967,-29.644605707921144,-35.10546843587428
401773404,11,Southwest Baptist,Indianapolis,ii,ii,-45,-22.335905999551734,-24.09247900712943,-26.971842444433257,-30.054652648693313,-24.595986180240146,-31.376226722305404
401773792,11,Sioux Falls,Wayne State (NE),ii,ii,-29,4.011970955182454,0.7522808395010774,-1.1074548917900113,-2.033765510806113,3.5693586712396463,2.2415218194113145
401773645,11,Central Missouri,Pittsburg St,ii,ii,-13,-8.685922180217746,-8.1787518350552,-7.326157499353835,-6.2909218092344865,-8.167018329929416,-6.610306779064263
401773780,11,Southwest Minnesota State,Concordia University St Paul,ii,ii,-5,1.8021783230097483,1.1795341112463724,-0.8031131171068218,-2.6901607887680115,1.493607975765812,0.5678969340339819
401773042,11,Simpson College (IA),Central College,iii,iii,-25,-4.545997812957612,-4.880334446882529,-6.073216749643333,-7.2957013886805555,-4.119385245090003,-2.839547541487285
401773163,11,Buena Vista,Nebraska Wesleyan,iii,iii,13,1.2458506142471926,0.9045634817038,0.6501828921647572,0.5324689221139849,1.1150306865195923,0.7225709033368268
401766731,11,Cornell College (IA),Illinois College,iii,iii,-24,-11.852897183953239,-15.208684150176524,-17.548825858465598,-19.30602342545443,-14.134237110050545,-20.97825688834276
401766728,11,Monmouth (IL),Ripon,iii,iii,55,28.59534308370938,33.81121969703515,34.63152282094526,35.27074243179572,31.391522237588756,39.78005969922687
401773359,11,Henderson State,East Central (OK),ii,ii,10,6.0562173833549675,6.790372312932371,7.768027829364367,9.064139918566244,7.810061280068533,13.07159297020942
401774216,11,Huntingdon College (AL),Southern Virginia,iii,iii,23,0.4836058580409688,-0.7383746710867278,-2.3351999410537267,-4.103802110319605,0.6407950438937196,1.1123626014518724
401774466,11,Trinity University TX,Millsaps,iii,iii,18,15.52731591884017,17.364507823161684,19.87446936121134,22.024427365894002,17.529540987377622,23.536216192989826
401767146,11,Campbell,William & Mary,fcs,fcs,-3,-6.929465699202547,-8.609188298628899,-10.259395462915105,-11.109196065841854,-7.576848033754661,-9.518995037411099
401831243,11,West Alabama,Lincoln (CA),ii,ii,0,29.90589685655148,35.5718918631525,37.11921058770885,39.34256792922489,34.11940831335696,46.75994268377364
401762502,11,Rice,UAB,fbs,fbs,7,4.260519208278591,5.209106707207882,5.7308422245637995,6.385084087059218,3.792623243599202,2.388935349560917
401777607,11,Crown College,Martin Luther,iii,iii,13,6.18932634831949,7.024947596267474,7.217596500906382,6.77934734870853,6.186789023018655,6.179177047116099
401777038,11,Eureka College,Lakeland,iii,iii,-28,-16.873122741488974,-19.913343798683506,-23.68768613572842,-27.740877393628132,-19.278322782363265,-26.493922904986043
401777026,11,Benedictine University,Concordia University Chicago,iii,iii,31,21.50333076631297,19.64371665396776,20.034417603979264,20.927686617378242,22.91730199576798,27.159215684133045
401774437,11,Rose-Hulman,Anderson (IN),iii,iii,38,13.94374208536522,13.46487128621586,12.966172526515628,11.947914263156331,15.304853415002558,19.388187403914813
401773979,11,Fort Valley State,Albany State GA,ii,ii,-45,-15.98122922235192,-15.834915265594114,-16.98777870871477,-18.89459855231784,-16.62808808786904,-18.568664684420675
401773898,11,Colorado School Of Mines,CSU Pueblo,ii,ii,-7,-6.318815326026291,-7.540750838901651,-9.19185595269183,-10.205026190448717,-7.033852121140455,-9.178962506483142
401767480,11,Northwestern State,Incarnate Word,fcs,fcs,-35,-12.51470690484467,-17.703857522939167,-17.84295394887045,-17.53411421850005,-15.426899627969888,-24.163477797345802
401773878,11,Adams State,Black Hills State,ii,ii,-59,-13.642295891929741,-16.079017539427312,-18.35152385100215,-19.76434240314004,-15.903042331266153,-22.685281649275236
401766730,11,Beloit,Chicago,iii,iii,-40,-23.054630548645267,-26.566852645632398,-28.321759799354457,-30.461793895963908,-27.07123453893899,-39.121046509820374
401773171,11,Coe College,Loras College,iii,iii,56,21.5167503751169,25.852280200656715,29.564934487081587,31.576594103238364,23.32694680430268,28.757536091860015
401766729,11,Grinnell,Lawrence University,iii,iii,57,13.57036573743267,19.431226245195724,22.873562553485492,24.488239240909223,16.23251017676123,24.218943494746824
401773632,11,Northwest Missouri St,Missouri Western,ii,ii,31,24.924982473573007,24.27684052923647,24.247075529159236,24.31795295397963,25.677705630418664,27.935875100955712
401752894,11,Rutgers,Maryland,fbs,fbs,15,-1.555312274170518,-3.348811638707968,-5.734132897527843,-7.383125094608001,-1.2744194460773102,-0.4317409617977006
401767578,11,Western Carolina,Mercer,fcs,fcs,-2,-7.7183239659858796,-9.256678142753534,-10.801612859890245,-12.011055126235876,-8.371579328323168,-10.331345415335107
401767283,11,Eastern Kentucky,Southern Utah,fcs,fcs,-10,-5.157989249252601,-6.296764456345169,-7.7533482585231095,-9.356654924240075,-5.4079421141078186,-6.157800708673708
401767365,11,Alabama State,Texas Southern,fcs,fcs,18,17.35322890993625,18.719623915523968,19.220126242670627,18.958174460517654,17.169074802686467,16.616612480936894
401773389,11,Southwestern Oklahoma State,Ouachita Baptist,ii,ii,-4,-4.0422099196064405,-4.44537893369092,-5.516872478291834,-6.5254845674937485,-4.55450452054538,-6.091388323362308
401762504,11,East Carolina,Charlotte,fbs,fbs,26,27.319690148164433,27.641301339007846,29.1827097923383,31.36207130099772,28.41880841930458,31.71616323272492
401767069,11,Montana,Eastern Washington,fcs,fcs,5,25.597305999019397,26.418521928034256,29.198774801315302,32.5125123431929,26.96792578509513,31.07978514332237
401773392,11,Southern Arkansas,Southeastern Oklahoma State,ii,ii,2,10.53832194435946,9.88515293027497,9.736576052340673,9.930047296472127,10.480194010087152,10.305810207270264
401767424,11,Mississippi Valley State,Jackson State,fcs,fcs,-39,-22.207099557703078,-23.707847969593264,-25.706537678091237,-28.391084111745766,-23.264143268761394,-26.43527440193637
401773368,11,Southern Nazarene,Harding University,ii,ii,-38,-35.96897088112715,-39.152304214460486,-43.03355421446051,-46.31897088112709,-39.356470881127116,-49.518970881127146
401767110,11,Montana State,Weber State,fcs,fcs,52,26.105659073006937,26.66072525843464,27.844581654791853,29.603893919073844,27.857179887922992,33.111742332671156
401777225,11,Guilford College,Averett,iii,iii,-6,11.398626971862726,13.015610936880485,14.548379608204751,15.974147499122509,13.442079976057116,19.572438988640325
401773350,11,Northwestern Oklahoma State,Arkansas-Monticello,ii,ii,33,-1.3278225038108857,-3.343667574233507,-6.213928724468214,-9.19489996859965,-2.078145273763944,-4.329113583623151
401767356,11,Alabama A&M,Prairie View A&M,fcs,fcs,-43,-2.058842336447263,-3.483631722874378,-4.6982293651794995,-5.924806917168361,-2.6980625933093316,-4.615723363895591
401773340,11,Oklahoma Baptist,Arkansas Tech,ii,ii,-13,-9.666314717432897,-10.649648050766213,-11.955898050766192,-12.816314717432846,-10.653814717432894,-13.616314717432903
401774021,11,Lane College,Kentucky State,ii,ii,-55,-22.922941417662948,-23.321961772548576,-25.444154373816836,-27.70543570544973,-23.685899116778316,-25.97477221412447
401767392,11,Grambling,Bethune-Cookman,fcs,fcs,8,6.250305368770681,5.870531417749847,6.522670260241801,8.069880448651634,6.172729893451772,5.940003467494951
401767386,11,Arkansas-Pine Bluff,Florida A&M,fcs,fcs,-3,1.5207640631903434,0.29994473405603905,0.26698969643432413,0.38691601961769884,0.5090347067589622,-2.5261533625350907
401767474,11,Houston Christian,Stephen F. Austin,fcs,fcs,-47,-18.884352960140234,-22.186436422597637,-23.151291247061422,-24.203062556720838,-18.625545315433634,-17.84912238131384
401757295,11,Delaware,Louisiana Tech,fbs,fbs,1,-7.635011804819841,-7.919560782965185,-8.8311411386786,-9.677205197080866,-8.232672232747122,-10.025653516529138
401767245,11,Abilene Christian,Utah Tech,fcs,fcs,21,14.63484341390802,15.114934565813224,15.498112226659405,16.37277434843748,14.942418175506571,15.86514246030239
401762505,11,Florida Atlantic,Tulsa,fbs,fbs,19,3.0805259791253974,4.165998940744153,5.0724705698262955,5.829127298097809,3.2409905797622756,3.7223843816730025
401773757,11,Northern State,Minot State,ii,ii,-21,19.29360985374628,19.94941780529096,21.495235054140323,23.410031177645276,19.64584283162153,20.702541765247105
401773892,11,Chadron St,Western Colorado,ii,ii,3,-9.23084249111824,-9.328010149123276,-9.849625218017565,-10.581656399898257,-9.407806756231874,-9.938699551572906
401773905,11,New Mexico Highlands,Fort Lewis,ii,ii,17,7.267026462407529,5.590709695328703,4.2104853358000565,3.278704608876872,6.985327278804258,6.140229727994388
401774026,11,Miles College,Tuskegee,ii,ii,-1,-1.3307011426826865,-1.2505101213598184,-2.0787035724503955,-2.59689352078237,-1.727908370290292,-2.9195300531130357
401774187,11,Wisconsin-Platteville,Wisconsin-Stout,iii,iii,1,16.487237995758658,17.832406653112358,18.81971872144857,20.25308064361807,17.66775550394619,21.209308028508577
401773993,11,Savannah St,Benedict College,ii,ii,-3,-7.579996894592721,-7.179448622798482,-6.71785503599294,-6.002142910856737,-8.03650277622292,-9.406020421113235
401757297,11,UTEP,Jacksonville State,fbs,fbs,-3,-2.25039798153324,-2.4822347227146526,-2.3791828789467804,-2.0668289422854613,-2.3789623481776534,-2.7646554481107852
401757296,11,Middle Tennessee,Florida International,fbs,fbs,-26,-2.00682889503436,-2.125909294749592,-2.079255885741439,-2.281735990742586,-1.8242405706654186,-1.2764755975586617
401754587,11,Miami,Syracuse,fbs,fbs,28,23.454527871694523,23.789547801625318,23.95511260790095,24.998784221628902,24.216836571263403,26.50376266997005
401783279,11,New Haven,Merrimack,fcs,fcs,10,-6.799984224864263,-5.669428325848278,-5.1196414267101815,-5.182093725300717,-5.968098402146458,-3.472440933993063
401754590,11,UConn,Duke,fbs,fbs,3,-3.3497658220543656,-3.373834114542664,-3.148304524966637,-2.6639135839607277,-3.282598412453506,-3.081096183651084
401767562,11,Samford,East Tennessee State,fcs,fcs,-24,-15.880652283298943,-15.281728260294322,-15.986497686024286,-17.76887250208636,-15.937548848497656,-16.108238544093986
401752898,11,Iowa,Oregon,fbs,fbs,-2,-3.949115855910307,-6.227883643835291,-8.0470700629173,-8.551558317031962,-5.211375258574698,-8.99815346656797
401756944,11,TCU,Iowa State,fbs,fbs,-3,4.396312061351509,4.680161851756573,5.053606559498547,5.423166938521636,3.901924731148693,2.418762740540224
401752763,11,Missouri,Texas A&M,fbs,fbs,-21,-4.508249945063845,-4.9503381123507,-4.903360282194697,-4.8332765532060336,-3.6785573303418815,-1.189479486176026
401756943,11,Arizona,Kansas,fbs,fbs,4,7.686239343965095,8.031612144655966,9.103078356210379,9.956175364198852,7.767186888141222,8.010029520669598
401757298,11,New Mexico State,Kennesaw State,fbs,fbs,-3,-10.32116324957348,-10.604047454553516,-11.11403838212945,-11.586951842807217,-10.382327995203157,-10.56582223209189
401752764,11,Vanderbilt,Auburn,fbs,fbs,7,10.00255220731113,10.489716647819172,11.875889709588801,12.82786396848514,10.586658987862233,12.33897932951519
401767376,11,Alcorn State,Southern,fcs,fcs,18,13.528721613533117,11.254385063402571,11.18752905099167,12.003334608310926,13.076037264101014,11.717984215804847
401777165,11,Lewis & Clark College,Pacific Lutheran,iii,iii,-10,6.481654723945544,6.9001098595959425,7.957607109707915,8.696061498159038,6.876010857264534,8.05907925722154
401774271,11,La Verne,Chapman,iii,iii,-16,-19.435823542077824,-20.976055457328933,-22.896464966302887,-24.913947733081613,-20.71131971239328,-24.537808223339585
401774259,11,Redlands,Claremont-Mudd-Scripps College,iii,iii,-14,5.537392291673033,5.321433413066817,5.09036829213346,4.975236553521974,5.348874588665151,4.783321479641703
401777174,11,Willamette,Whitworth,iii,iii,-29,-22.396617097028276,-23.103552799216985,-23.953174020462402,-24.763877119067736,-22.939083430274565,-24.566482430013554
401773284,11,Bridgewater State,Anna Maria College,iii,iii,6,-1.4807747765633081,-1.5802310619971465,-1.7716430425626228,-2.1192275779595775,-1.2513258775528264,-0.5629791805215945
401761645,11,Coastal Carolina,Georgia State,fbs,fbs,13,13.212627783257538,13.205770822180918,12.542408064819663,11.840664345568634,13.313939092941506,13.617873021993226
401773913,11,Colorado Mesa,South Dakota Mines,ii,ii,26,14.013492253732343,14.033951564478787,14.598568289710647,15.562898587016763,14.81422467813346,17.21642195133707
401767254,11,Austin Peay,Central Arkansas,fcs,fcs,3,11.453209619892913,12.92488683013175,14.791044848549436,16.918707764833144,13.093774098429284,18.015467534038557
401767289,11,North Alabama,West Georgia,fcs,fcs,-7,-8.14208754206546,-8.463985027344368,-8.319871975123753,-8.93802267595644,-8.485350061003121,-9.515137617815924
401767542,11,South Dakota,South Dakota State,fcs,fcs,7,-4.387728653120879,-4.387975305152693,-3.622806865070846,-2.421364240423351,-5.358545031256346,-8.270994165662833
401773447,11,Truman State,William Jewell,ii,ii,18,23.784069535977153,24.084985605281222,25.795351085562416,27.851917035926924,24.378569925611995,26.162071094516584
401767487,11,Lamar,SE Louisiana,fcs,fcs,2,-1.4050536713328636,-3.9396757917131104,-6.908047609668808,-9.367215196913728,-3.3004108636618383,-8.986482440648732
401777151,11,Puget Sound,Linfield College,iii,iii,-63,-25.33052986559347,-25.89221540808167,-26.43072069548998,-26.923996504637813,-25.945612908635304,-27.79086203776093
401773519,11,Valdosta State,Delta State,ii,ii,4,-4.862544702495127,-4.887956237848136,-5.2697219346220265,-6.41098608633561,-5.4915424983186085,-7.378535885789086
401752899,11,Wisconsin,Washington,fbs,fbs,3,-12.567900898545684,-12.310738251701117,-12.76528724638257,-14.069462602799504,-13.345386709884473,-15.677844143900607
401777145,11,NEWBERG,Pacific (OR),iii,iii,6,4.116417481075317,4.830209260646292,5.480249583574167,5.854683699306754,3.9972672648064,3.6398166159996954
401754588,11,North Carolina,Stanford,fbs,fbs,5,4.155775130386768,3.334292993333486,2.1555460744967725,1.0470858386002888,3.8678373028872777,3.0040238203890013
401766732,11,Colby College,Bowdoin,iii,iii,10,15.188512218592116,15.188512218592104,15.5135122185921,16.138512218592055,15.288512218592098,15.588512218592092
401776798,11,Hope College,Calvin University,iii,iii,52,19.09931370221735,23.81215674153311,28.502431970592546,32.44487931925946,20.714186701794496,25.558805700525973
401773112,11,Wilson,ERSKINE,ii,ii,30,4.857682188798446,5.356212286057161,6.821493026576171,7.567425945651742,4.882033448570638,4.955087227887354
401761648,11,Louisiana,Texas State,fbs,fbs,3,-0.7789897006018087,-0.9454833757294558,-2.027852892019176,-3.3154774913222056,-1.038688768705292,-1.8177859730155177
401774325,11,Montclair State,College Of New Jersey,iii,iii,3,-5.1642745562986665,-3.6388433096758597,-3.1293513616830655,-3.2977934812665666,-5.213403118849756,-5.360788806502901
401767465,11,East Texas A&M,McNeese,fcs,fcs,-15,4.410282052689441,2.7930127910257028,1.9068310581794616,1.5574572441110348,2.5909988154459285,-2.8668508962845287
401767129,11,Portland State,Sacramento State,fcs,fcs,-28,-13.91248509372641,-15.690404232800574,-16.53902936335395,-17.43328991469929,-15.121596447804905,-18.748930510040204
401773140,11,Shorter,North Greenville,ii,ii,-2,-11.652156272727952,-10.784719669857541,-11.120739574767322,-11.945297120762799,-11.8718333944608,-12.530864759659245
401777247,11,Shenandoah,Gallaudet,iii,iii,38,26.21804733841993,30.357776196695017,34.00824390541098,37.328553058627314,29.45836029829116,39.17929917790507
401767077,11,Idaho State,Cal Poly,fcs,fcs,10,-0.3885704930291878,0.9522054101590278,0.5797038140394921,0.22724163700996414,0.546336953608261,3.351059293520944
401767518,11,UT Rio Grande Valley,Nicholls,fcs,fcs,7,13.689029869067983,20.207512748119814,22.860469703088892,24.240324752496033,16.65081628145672,25.53617551862311
401773925,11,Catawba,Anderson (Sc),ii,ii,24,7.051329873557747,7.024480627036119,6.942803757822899,6.878245154010882,7.130332641240754,7.367340944289692
401773999,11,Clark Atlanta,Morehouse College,ii,ii,3,4.643954687930474,4.839588325681634,5.211906094439753,6.022285070657086,4.875102090720196,5.568544299089103
401774312,11,Christopher Newport,Salisbury,iii,iii,3,-0.28198709702148506,1.4223009387166545,3.009979491825341,3.0827094552761096,0.09444461161865547,1.2237397375389918
401760406,11,San José State,Air Force,fbs,fbs,-10,4.099869799046239,4.199444208554974,4.444140395643254,4.091603080422777,3.9549867553828797,3.5203376243925852
401767117,11,Northern Arizona,Northern Colorado,fcs,fcs,39,6.586245244343285,6.564329486698336,6.3990360826485855,6.088698065574139,6.897677754695318,7.831975285751646
401773859,11,East Stroudsburg University,Millersville,ii,ii,24,25.98517200073779,27.301801391530073,28.845414373718945,30.047852672884446,26.72367401729519,28.93918006696739
401754586,11,Clemson,Florida State,fbs,fbs,14,-0.8633917270534113,-3.324571121038769,-4.183432567240928,-3.8420645605832675,-2.7646134626239878,-8.468278669335781
401767095,11,Idaho,UC Davis,fcs,fcs,-14,-2.8279117333709944,-2.8677253894251216,-1.9781269828233867,-0.562782535686086,-2.0107628272737976,0.44068389101769334
401777297,11,CENTENARY,Austin,iii,iii,-10,-1.3162644035529603,-0.5984145461196384,-0.4796098349379534,-1.0031245981698582,-1.8604538379244175,-3.493022141038434
401754585,11,Louisville,California,fbs,fbs,-3,18.557767776858633,18.96383792548207,19.917213622933204,20.853319559111327,18.811305118735948,19.571917144367813
401754589,11,Virginia,Wake Forest,fbs,fbs,-7,10.712236677846896,11.188958460990936,11.87099586788121,12.51754467097885,11.200893357936224,12.666863398204029
401773543,11,Angelo State,Western Oregon,ii,ii,-24,8.23525397940508,8.923016663646724,8.508754260396401,7.778572322150183,8.467154476717013,9.162855968652941
401752760,11,Kentucky,Florida,fbs,fbs,31,-1.9764687484790144,-2.8086677600206116,-3.6880576221695875,-4.494707542496069,-2.5432738713441836,-4.243689239939638
401757166,11,Notre Dame,Navy,fbs,fbs,39,20.655963818721244,21.142561985851785,21.962388914003462,22.931061186905318,21.293519753002627,23.20618755584675
401752759,11,Alabama,LSU,fbs,fbs,11,7.966876043103419,8.771204227965313,9.0146925385,8.769170988164653,8.654196277608825,10.716156981124719
401760409,11,Utah State,Nevada,fbs,fbs,37,12.227017443581818,12.531656791982272,13.689257736071252,15.370487503802465,12.827665515756497,14.629609732280368
401773571,11,Texas A&M-Kingsville,Western New Mexico,ii,ii,51,21.234802057672656,24.50442326428676,28.247890138555192,30.752949027742257,23.66116549335098,30.940255800385767
401773591,11,Sul Ross State,Central Washington,ii,ii,-66,-36.00331660468887,-47.03216078894465,-52.34607217791399,-55.13971064792396,-41.94725187846228,-59.779057699782605
401773553,11,UT Permian Basin,Eastern New Mexico,ii,ii,13,22.454956981231007,26.29455993276388,28.15127862074386,29.689234006497976,24.11886207835614,29.110577369731942
401752895,11,UCLA,Nebraska,fbs,fbs,-7,-4.005466459487117,-5.641199040646068,-7.520948199123545,-9.35119113771924,-5.879608657676126,-11.502035252243154
401760407,11,Colorado State,UNLV,fbs,fbs,-32,-4.4067780983850255,-5.2636919908340705,-5.349548754052671,-5.461357647563258,-4.276584977369783,-3.8860056143240804
401783817,11,Pomona Pitzer,California Lutheran University,iii,iii,10,-1.7766036096208335,-1.7807911122988784,-1.7372724916058724,-1.698967709230816,-1.747066833724432,-1.6584565060352139
401752944,11,Oregon State,Sam Houston,fbs,fbs,-4,15.697348611539647,16.517444908262874,17.047505042245497,17.35229476195802,16.846478332087983,20.29386749373303
401760408,11,Hawai'i,San Diego State,fbs,fbs,32,-6.832003791397543,-7.490141975568626,-8.257674909177513,-8.985418216523342,-7.634026230606288,-10.04009354823268
401762856,12,Akron,Kent State,fbs,fbs,-7,3.690512645958254,6.237841742301196,6.888489807004408,7.069114139422808,4.082664152686748,5.2591186728722
401762857,12,Western Michigan,Ohio,fbs,fbs,4,1.4065953704886311,1.3240358507699916,1.489132033804541,2.1981674576175543,1.681845608483016,2.507596322466039
401762858,12,Central Michigan,Buffalo,fbs,fbs,19,4.392716011137502,4.7024451482540375,4.87368761003445,4.117554035974106,3.981098810637439,2.7462472091370866
401762859,12,Massachusetts,Northern Illinois,fbs,fbs,-42,-8.398660146324724,-8.982673282082995,-9.332939126332434,-9.719089803161204,-9.155040731250475,-11.424182486027716
401762860,12,Miami (OH),Toledo,fbs,fbs,-21,-1.3274853625844614,-3.014083179834124,-5.119943358129387,-6.378551792245936,-2.165190075130507,-4.678304212768747
401761649,12,Old Dominion,Troy,fbs,fbs,33,9.540149838616,11.04581516245426,13.069322923466675,14.992271598754137,10.280366924204642,12.501018180970632
401767414,12,North Carolina Central,South Carolina State,fcs,fcs,-7,6.23224926941907,5.986647369652461,6.786786550666097,7.378120989829174,6.289415623915701,6.46091468740556
401774313,12,College Of New Jersey,Christopher Newport,iii,iii,-20,-7.670977400490257,-12.08313470324758,-15.775753439527563,-18.147985675025488,-9.709764364748938,-15.826125257524879
401774139,12,Salisbury,Castleton,iii,iii,50,42.82298156165061,44.2819694318168,47.37988262224548,51.575882577857115,45.76963307144555,54.60958760083035
401774155,12,MIT,Norwich,iii,iii,34,23.325951151365857,22.534625128239917,23.474494908933348,26.274155379252417,24.5840132923125,28.358199715152516
401754591,12,Louisville,Clemson,fbs,fbs,-1,11.577683804748538,11.633163330770493,11.355028684552721,10.600703228823534,11.74998494293785,12.266888357505977
401833370,12,Augsburg,Hamline University,iii,iii,40,14.872405974967023,16.04828885530353,17.451914149316334,19.300618254642572,16.450899305962132,21.186379298947593
401752904,12,Oregon,Minnesota,fbs,fbs,29,20.703978383384417,21.658851199190984,24.96825614079726,27.72810012308594,22.545158703852053,28.068699665254954
401834154,12,Austin,CENTENARY,iii,iii,2,4.31626440355296,3.5984145461196384,3.4796098349379534,4.003124598169858,4.8604538379244175,6.493022141038434
401767501,12,Murray State,North Dakota,fcs,fcs,-18,-29.27991622514029,-30.433271910517576,-32.78585299603801,-36.44803985348625,-29.97360365101879,-32.054665928654295
401767610,12,Marist,Davidson,fcs,fcs,27,11.567791041888533,11.754810043970512,13.366032020924976,15.120836885017077,12.949222308714273,17.09351610919183
401767138,12,Bryant,New Hampshire,fcs,fcs,-28,-8.039076082772706,-9.292568928977882,-10.008952735056852,-10.368506000380853,-7.663336436002918,-6.536117495693453
401767677,12,Columbia,Brown,fcs,fcs,-3,-3.94605919330151,-5.176096957988355,-6.428233597950843,-7.364852093599051,-4.818709826243487,-7.436661725069429
401773833,12,Millersville,Edinboro University,ii,ii,-53,-15.398121633694231,-16.99669866666905,-18.822091959635703,-20.19942146890127,-15.982737763256242,-17.73658615194232
401776786,12,Albion,Calvin University,iii,iii,-29,-4.679596237067539,-3.004971871844612,-2.2732225725862474,-1.8979289904469585,-5.674154201105308,-8.657828093218633
401773844,12,Kutztown University,Indiana-Pennsylvania,ii,ii,5,12.89649542633251,12.110671078503835,14.246747003495525,17.414583953908014,13.981387330777885,17.236063044114122
401777213,12,Otterbein,Ohio Northern,iii,iii,-42,-25.057745862352412,-27.491646492909865,-30.80648069199099,-35.17675167475259,-28.034483712254563,-36.9646972619609
401783343,12,FDU-Florham,Reading,iii,iii,49,6.841262339351548,8.576593519399168,9.460916594577874,9.629773317375658,7.446616982067301,9.262680910214662
401777968,12,Walsh,Northwood (MI),ii,ii,-4,-6.478389146415909,-7.75762045657247,-10.156960427645323,-12.582756582481121,-7.576510534071392,-10.870874697037781
401777323,12,Coast Guard,Merchant Marine Academy,iii,iii,-1,5.93041543205263,6.9296440421817564,7.211870189243832,7.602578578222786,5.504849250772981,4.228150706934123
401777010,12,Fitchburg State,Westfield State,iii,iii,-3,6.457508607513439,7.745354985233295,9.276556679005605,10.655410226451583,6.52928077384011,6.744597272820158
401774342,12,Southwestern University,Berry College,iii,iii,-42,-22.19749053878961,-22.9159600914648,-25.421951576352054,-28.617182928284173,-23.702586319986445,-28.217873663577038
401767775,12,Wagner,Stonehill,fcs,fcs,6,0.5141886208078685,0.50072177465597,0.16509784703545005,-0.20178929502995935,0.188292751042745,-0.7893948582524928
401774234,12,Greensboro College,Methodist,iii,iii,1,5.267622477401641,3.745104564444979,2.4191194134144,1.777519002494099,4.586118749718171,2.541607566667757
401767767,12,Mercyhurst,Robert Morris,fcs,fcs,14,7.137688598910742,8.396354874787768,8.890869417835187,8.931641440988816,7.516561129046857,8.653178719455203
401778003,12,Endicott College,Curry College,iii,iii,28,16.060224925635055,16.732776077765283,19.545217433590036,22.984336928760456,16.674052941727272,18.51553699000391
401767760,12,St. Francis (PA),Long Island University,fcs,fcs,-7,-12.340066895395669,-13.389415920095797,-14.150425634419442,-14.66308756081353,-12.815991907141608,-14.243766942379086
401786380,12,UMass Dartmouth,Plymouth State,iii,iii,21,1.3810532815542942,3.1317669483921744,4.821876364733345,5.889835569924161,2.0194240508025825,3.9345363585474864
401773809,12,Bloomsburg,Slippery Rock,ii,ii,6,-14.113650071045917,-15.19057932016344,-17.636564998890712,-19.970508235596046,-14.86118066782656,-17.103772458168688
401774050,12,Ithaca College,Cortland,iii,iii,5,-9.063578827526596,-9.936173190976321,-11.526387972466964,-13.640587342387718,-9.842249290208892,-12.178260678255498
401773477,12,Michigan Tech,Saginaw Valley State,ii,ii,-3,9.652489764150221,9.154381115357445,8.226701202857413,7.190152083423869,9.728109309641027,9.954967946113616
401767670,12,Bucknell,Holy Cross,fcs,fcs,-17,-1.584799965954768,-1.5354457480594235,-1.723395864284603,-2.409045881137044,-2.142613301859635,-3.8160533095743574
401777273,12,Case Western Reserve,Geneva,iii,iii,-27,11.819169514779738,16.27945087523191,21.21979599468728,23.9467293678537,13.00176538583039,16.549552998982044
401778021,12,Worcester Polytechnic Institute,Salve Regina,iii,iii,-36,-11.269975131846964,-11.04436491268806,-11.489614054469508,-12.121015602870798,-11.445803946443547,-11.973290390233176
401754597,12,Pittsburgh,Notre Dame,fbs,fbs,-22,-5.699164270803365,-5.198079490668384,-4.549685407987418,-4.38828635898841,-5.480489019967326,-4.82446326745923
401752901,12,Indiana,Wisconsin,fbs,fbs,24,29.61955822983042,31.30213199038291,33.40743103965236,35.64710846322887,32.36709255542007,40.60969553218889
401773724,12,Pace,Franklin Pierce,ii,ii,-14,-14.243226232531718,-14.884551789199332,-15.526866922287873,-16.25893956272356,-14.298716187418442,-14.465186052078629
401777265,12,Ursinus,Carnegie Mellon,iii,iii,7,-3.7990621543811525,-5.983108342274031,-6.572283017301059,-7.181578594308466,-4.62629279091518,-7.1079847005172585
401786486,12,Worcester St,Framingham State,iii,iii,-1,-5.957381791746709,-6.142317101242643,-6.246860941381918,-6.321477096156048,-6.193097339490617,-6.900243982722543
401773275,12,St John Fisher University,Alfred State,iii,iii,27,8.347053443031463,8.454399509164304,8.597948147603256,8.950343891667956,8.975812165695707,10.862088333688495
401774244,12,Maryville College (TN),Trinity University TX,iii,iii,-17,0.37405974114332086,-1.4182235345608571,-3.3223040435916023,-4.694488893975462,-1.6070489371133743,-7.550374971883469
401773285,12,Anna Maria College,Dean College,iii,iii,47,33.46981628162611,36.04371162784679,38.126100483843274,39.827985599534166,34.42846512320765,37.30441164795252
401773312,12,Hartwick,Hilbert College,iii,iii,52,14.34644426401016,13.453984820564976,13.104017156453125,13.88846159169794,15.39010239846285,18.521076801820964
401776983,12,Biddeford,New England College,iii,,56,41.86269963653396,46.1551220713618,52.122585850595875,56.86722381580866,46.584869687107904,60.75137983882986
401783281,12,West Chester,Assumption,ii,ii,-18,-2.798268941210143,-3.3409843255814042,-5.860539984439503,-8.369377674086184,-2.699794197873917,-2.404369967865266
401777001,12,Misericordia,Kings College (PA),iii,iii,6,6.487590437968574,6.918291967199931,9.048344696109577,11.739956426076251,6.4368724279309575,6.284718397817985
401773715,12,Bentley,American International,ii,ii,14,14.819079957514525,15.701386578385515,16.2713065953033,15.916869308057207,15.451059795759166,17.346999310493178
401773461,12,Davenport,Ferris State,ii,ii,-21,-13.551975269341629,-16.58549957028953,-18.606308749738893,-19.245519763044665,-15.793833845788551,-22.519409575129576
401773675,12,Fairmont State,Frostburg State,ii,ii,-17,-7.593292752020131,-7.6697915758464585,-8.22161357334099,-8.842416152809154,-7.8870380593129426,-8.76827398119151
401773695,12,West Liberty,Wheeling,ii,ii,1,-4.800209231630927,-4.367871970113647,-3.950407469280778,-3.504748494141502,-4.70316666061516,-4.412038947568071
401777616,12,Northwestern (MN),Westminster College (MO),iii,iii,-9,8.897766205388674,8.610759553105346,7.268590168857617,6.04903483845105,8.858079178044818,8.73901809601341
401783919,12,Bridgewater State,Mass Maritime,iii,iii,-13,4.139904412378346,4.256858153538175,4.185059781972853,3.62894559692306,4.180836378544331,4.303632277042148
401773656,12,West Virginia State,University Of Charleston (WV),ii,ii,-17,-5.294352605290804,-5.2336732904887455,-6.54000523482096,-8.28316089235766,-6.4144193086328976,-9.774619418659071
401774146,12,Wilkes,Western Connecticut St,iii,iii,38,8.96210254549553,10.44279711074001,10.813575182760047,10.183923755803987,9.284478825303067,10.251607664725602
401783348,12,Delaware Valley,Widener,iii,iii,21,16.65783815856967,17.105477231450635,17.47360925263213,18.46852259675549,17.480879139270428,19.950002081372947
401767619,12,Dayton,Drake,fcs,fcs,-8,-2.5653258688784755,-2.0705099956394406,-1.2559226300868644,-1.139598641219779,-3.255014780844748,-5.324081516743345
401767563,12,Western Carolina,East Tennessee State,fcs,fcs,-17,2.5672969188994355,3.40607401622305,3.903585444131574,3.3690459407492774,3.077765258285904,4.609170276445129
401767663,12,Sacred Heart,Merrimack,fcs,fcs,5,4.95689001280515,4.739127293982142,3.928959072924192,3.066502185803796,4.988266293719299,5.0823951364618445
401767748,12,Duquesne,Central Connecticut,fcs,fcs,5,3.5374097189348994,5.008917452871869,6.112342181393023,6.388396842715412,3.9062457473961008,5.012753832779902
401752772,12,Texas A&M,South Carolina,fbs,fbs,1,17.82302848208974,18.13339882613829,18.71060469843705,19.28115992790129,17.713125738459006,17.38341750756687
401767707,12,Harvard,Pennsylvania,fcs,fcs,2,19.268580411236357,21.868162524256444,24.735929920786695,26.575506361620107,20.214621801387576,23.0527459718411
401776992,12,Albright,Lebanon Valley,iii,iii,-3,-5.146217359049405,-5.748031427534874,-6.988371095721609,-7.718493964004782,-5.508588150792821,-6.595700526023004
401773241,12,Findlay,Tiffin,ii,ii,-2,7.226698285618259,5.978759169912076,5.0532586757102305,4.484586609214023,6.633557574448247,4.85413544093824
401767402,12,Norfolk State,Morgan State,fcs,fcs,-7,-3.627379521166711,-1.9647011026170764,-1.1976904873613075,-2.6052989302115384,-3.441938637160024,-2.885615985139788
401773731,12,Southern Connecticut State,Post University,ii,ii,7,4.1270079791622365,4.741112472442392,5.2610499367952475,4.767423003973867,4.299839112924531,4.818332514211551
401767452,12,Youngstown State,Indiana State,fcs,fcs,19,8.721595218986687,10.811517892149276,12.572117418489722,13.647282560594483,10.30250045630135,15.045216168245297
401767263,12,North Carolina A&T,Monmouth,fcs,fcs,-44,-19.49484867533263,-21.96473011347645,-23.833373717819548,-24.82671384534172,-21.249341554173142,-26.512820190694725
401773863,12,Shepherd,Seton Hill,ii,ii,8,11.920529062816577,11.808064739634988,12.685366008328092,13.77316077559679,12.317898573993975,13.510007107526153
401756951,12,Cincinnati,Arizona,fbs,fbs,-6,1.7422357735605942,3.3736594446421613,2.3448421741599255,1.231558102955276,2.162170404932027,3.421974299046333
401757174,12,UConn,Air Force,fbs,fbs,10,10.472734638695698,10.916380403106558,11.779574384020133,12.85810985060131,10.796112532722425,11.766246214802187
401762507,12,Charlotte,UTSA,fbs,fbs,-21,-15.226555273817048,-15.253312633747807,-16.72547644655156,-19.19856483253116,-15.814375498602175,-17.57783617295762
401762510,12,Navy,South Florida,fbs,fbs,3,-6.824252541046235,-7.209755387754377,-7.735455254384327,-8.031726392466247,-7.25178043210617,-8.534364105286041
401762861,12,Ball State,Eastern Michigan,fbs,fbs,-15,4.708825276975709,4.879395705402423,5.048305299116066,4.248721094731653,4.199063494941473,2.6697781488386454
401752905,12,Northwestern,Michigan,fbs,fbs,-2,-8.226404323869616,-8.678392933237209,-9.695236490676951,-10.198229051456646,-8.918330552012897,-10.994109236442803
401788998,12,Princeton,Yale,fcs,fcs,-3,-8.158629725745847,-7.584735076873116,-7.088064308699057,-7.202832790060953,-8.21320818936966,-8.376943580241075
401756952,12,Oklahoma State,Kansas State,fbs,fbs,-8,-17.121360279409643,-17.896282983509412,-19.525314743126742,-21.1983112891558,-18.356917905803968,-22.063590784986854
401774098,12,Moravian,Susquehanna,iii,iii,-41,-27.93862806728823,-31.39985746130325,-36.05969814043158,-39.616691495973285,-31.29301105388761,-41.35616001368552
401752768,12,LSU,Arkansas,fbs,fbs,1,8.946369742778725,10.035323809074388,11.840898022899314,12.962376752752036,9.321456781496789,10.44671789765114
401774129,12,Trine University,Kalamazoo,iii,iii,1,11.063346264745428,13.843223974398807,15.581871435666441,16.842874548467314,12.098307826177773,15.203192510474853
401767543,12,Southern Illinois,South Dakota,fcs,fcs,-2,5.388715872283308,5.0694000660075424,5.054548408044919,6.005924867555368,6.320757292599483,9.116881553548124
401767348,12,Delaware State,Howard,fcs,fcs,13,9.044382340199594,9.612035992764888,10.98511219239747,12.797032784760486,10.011714593850819,12.91371135480454
401783357,12,Stevenson,Eastern University,iii,iii,-6,-2.4631454750690214,-2.549718806308027,-2.2505706487821566,-2.1288780278422657,-2.6489705332305213,-3.206445707715149
401783910,12,Springfield,SUNY Maritime,iii,iii,16,12.768638352357804,11.623347566541192,9.946909159523823,8.927373178550424,12.797169689879258,12.882763702443684
401773303,12,Alfred University,SUNY Morrisville,iii,iii,13,11.98267653546192,13.040806975094242,12.78710879799649,11.53791084842478,12.042040648441331,12.22013298737943
401756948,12,Arizona State,West Virginia,fbs,fbs,2,14.409807079399972,14.592182716858073,15.451079290745309,16.261570055227576,14.315725355470217,14.033480183681007
401806686,12,Augsburg,Hamline University,iii,iii,40,14.872405974967023,16.04828885530353,17.451914149316334,19.300618254642572,16.450899305962132,21.186379298947593
401766738,12,Beloit,Illinois College,iii,iii,-31,-22.61641984507044,-27.971182588433642,-29.23474884225439,-30.430949412015053,-26.51921376826243,-38.22759553783874
401767737,12,Colgate,Lehigh,fcs,fcs,-20,-13.744350423510284,-13.943034041187758,-13.902608557960257,-13.887193596136967,-14.19753035739889,-15.55707015906491
401773215,12,Ashland,Lake Erie,ii,ii,20,30.274390802205613,32.736808616289366,36.36197938451421,39.951257382503485,31.915839828459738,36.84018690722212
401766739,12,Monmouth (IL),Knox College,iii,iii,69,41.982533373785785,48.18007307351201,50.97624967213524,53.6693516668645,47.39474824585541,63.63139286206409
401767331,12,UAlbany,Towson,fcs,fcs,-17,-8.969552849238191,-8.735298234331147,-9.756982766471598,-10.73931926806329,-9.702209664730795,-11.900180111208497
401774379,12,North Central College,Illinois Wesleyan,iii,iii,17,28.448749111485245,32.64317063642015,35.77489432626326,38.06434386261438,33.25126009198043,47.65879303346603
401774391,12,North Park,Wheaton,iii,iii,-46,-20.72170219947367,-23.27717865073094,-27.290174829385315,-29.902263480297087,-24.263153846688255,-34.88750878833201
401773503,12,Kentucky Wesleyan,Thomas More College,ii,ii,-3,-1.3691289074825548,-1.2527004245827023,-1.6806619709305082,-1.9498247107821953,-1.6261146489301197,-2.3970718732728677
401767695,12,Dartmouth,Cornell,fcs,fcs,10,13.771755252134763,14.59087166582312,16.111609161612193,17.719398389007672,14.171585750146088,15.371077244179919
401773750,12,Minnesota State Mankato,Minnesota State Moorhead,ii,ii,-8,12.793568212661567,13.338077458380981,13.303878645187424,13.924350219606492,12.619967730723301,12.09916628490842
401773781,12,Concordia University St Paul,Sioux Falls,ii,ii,-16,-21.692688844633317,-21.52833506564597,-21.64477292422749,-21.770075460716583,-22.79606291988084,-26.106185145623463
401767571,12,Furman,VMI,fcs,fcs,18,15.114777538144812,16.170638849231434,18.116706896359975,20.185644708964148,15.885284596784674,18.19680577270431
401767393,12,Jackson State,Bethune-Cookman,fcs,fcs,15,13.81326270370577,13.688325727989518,14.015065213943036,15.862597712881794,14.304487724385716,15.778162786425327
401767717,12,Georgetown,Fordham,fcs,fcs,14,9.53718228739027,8.708549582386844,7.493811636602725,6.689283416920778,9.211989489663939,8.23641109648505
401767654,12,Valparaiso,Stetson,fcs,fcs,1,0.1482862972360266,-0.1768274047152243,-0.7234721113953704,-2.138443514942278,1.0460482021370652,3.739333916840316
401774217,12,Southern Virginia,Lagrange College,iii,iii,-38,-4.6215386253144155,-4.154339302565095,-2.5311359800198305,-0.7542503359671602,-4.2383202356618535,-3.08866506670424
401774365,12,Carthage,Carroll University (WI),iii,iii,4,1.2833935908895722,3.635739865763707,4.648166337402985,4.6745830545663,1.3982656871837875,1.7428819760666272
401806932,12,Lawrence University,Ripon,iii,iii,-41,-13.332561835419597,-19.601212994995578,-23.757480550864983,-25.89224023893513,-17.510554214467895,-30.044531351612704
401773818,12,Shippensburg,PennWest California,ii,ii,-25,-17.08171348197321,-18.175898738624916,-19.782730265302952,-21.589604118066813,-18.34587104149836,-22.138343720073756
401777248,12,Shenandoah,Washington and Lee,iii,iii,3,0.38301464199899904,0.49361055925693353,0.37393789207171224,-0.08276335077946939,0.159407607199066,-0.5114134972006141
401778029,12,Greenville,Crown College,iii,iii,-18,0.6449023746933449,0.9947839155628415,1.4876446682063538,2.0266853862486656,1.1157582490199616,2.528325871999666
401788994,12,William Paterson,Montclair State,iii,iii,-3,-3.4268001624300126,-4.295722813652832,-5.910529845819969,-7.197164916676561,-4.481608679260226,-7.6460342297511
401806689,12,Gustavus Adolphus,Macalester,iii,iii,24,12.072806994123212,17.23516014316859,20.090037851993625,22.108173187640055,15.165803090167758,24.444791378301083
401777260,12,Allegheny,Bethany (WV),iii,iii,36,20.270799317839472,22.73338276943304,24.64467708960788,27.140827931536734,21.777700019929704,26.298402126200244
401783328,12,St. Lawrence,University of Rochester (NY),iii,iii,20,-10.044564097435893,-10.539372888694809,-12.683664081632012,-14.350547998802256,-10.829739268474741,-13.185264781591187
401806688,12,Carleton,Concordia Moorhead,iii,iii,-7,8.329120050654833,9.20192359185011,10.54337885558972,11.564839013995034,8.707341350148182,9.84200524862843
401777994,12,Muhlenberg,Dickinson (PA),iii,iii,13,12.237448693552196,16.38519200733051,19.621140830101492,21.288739912034345,13.651370273517923,17.893135013414998
401774357,12,Augustana (IL),Washington University (St. Louis),iii,iii,-22,0.1885342070916476,-3.304946513079985,-5.58601804405755,-6.0309659133113165,-1.1385992978233848,-5.119999812568585
401777226,12,Averett,Roanoke College,iii,,-1,-15.471026956692036,-18.264015687888566,-21.356045437687243,-23.870210437766517,-18.12704516020107,-26.09509977072829
401774384,12,Millikin,Elmhurst,iii,iii,7,11.676697375045705,12.953652503807259,13.570986955851414,13.23809998686118,13.18696101963792,17.71775195341423
401777094,12,Hiram College,Grove City College,iii,iii,-49,-24.819040658869724,-27.507483380414122,-29.162326123054903,-29.614650798987327,-27.527259783662274,-35.65191715803972
401777033,12,Concordia-Wisconsin,Eureka College,iii,iii,35,32.5847010652433,35.249148871055965,38.75414288496081,42.901902020279515,35.08208225865832,42.574225838903445
401777235,12,Randolph-Macon,Hampden-Sydney,iii,iii,28,3.711915245453488,-1.4106317409385305,-1.2463311652767128,0.292477076028403,2.549887220399885,-0.9361968547608601
401777291,12,Washington & Jefferson,Thiel,iii,iii,67,34.88978946402697,42.13658793247545,47.64042523372667,50.99784072259477,39.01083126150117,51.3739566539237
401777288,12,Saint Vincent,Westminster (PA),iii,iii,-43,-19.69964678936895,-20.61148896389357,-21.76975198485492,-23.038218580733222,-21.811061338779858,-28.145304987012672
401773469,12,Grand Valley State University,Roosevelt,ii,ii,56,31.17778704034268,33.64700096371003,36.28668845096645,37.90104062814481,33.54494491439996,40.646418536571886
401773935,12,Lenoir-Rhyne,Catawba,ii,ii,2,3.8221839965779214,3.8792166331890003,3.6906815413274945,2.6896619718220673,3.9170956281226976,4.2018305227571755
401777736,12,McDaniel College,Gettysburg,iii,iii,-13,6.34547849929281,5.1160434606632705,4.200910404611996,5.132127662920823,4.378641653420971,-1.521868884194454
401774071,12,Franklin & Marshall,Johns Hopkins University,iii,iii,1,-14.971102320300947,-17.86116358822295,-21.822872320175165,-24.423160292206312,-16.386760876490285,-20.63373654505827
401777779,12,Western New England,Nichols College,iii,iii,43,21.979975996902557,25.04158256932722,29.436737522564304,33.74251851804105,24.555244881435335,32.281051535033754
401773360,12,Southeastern Oklahoma State,East Central (OK),ii,ii,5,-1.8013661868480435,-0.6857558582096019,0.38726350798767584,1.4583169117435397,-0.5253685342658683,3.3026244234806237
401806690,12,Saint John's (MN),St. Olaf,iii,iii,42,31.54134684253588,37.47763829829276,40.98469600711927,43.79684920418789,35.74868695234648,48.37070728177809
401773797,12,Winona State,Southwest Minnesota State,ii,ii,24,17.23279990253433,18.773026356721324,21.415478399998193,23.338632995101094,18.622176490875127,22.79030625589744
401773483,12,Northern Michigan,Wayne State (MI),ii,ii,34,6.173169440303976,6.461655192109113,6.72910581406202,6.794818524050715,7.046575627226087,9.666794187992394
401773690,12,West Virginia Wesleyan,Glenville State,ii,ii,-40,-23.386411582585218,-25.518349896273833,-29.110812858873686,-32.61874093094233,-24.861475377267542,-29.286666761314734
401773638,12,Nebraska-Kearney,Central Missouri,ii,ii,-14,5.937612187450226,5.289310643755479,4.272318614788698,3.1996522490822192,5.2704796160878855,3.2690819020007176
401774105,12,Hobart College,Buffalo State,iii,iii,26,23.102400340092288,23.385445685177984,26.53624958704189,30.01003912386756,24.73696518449071,29.64065971768609
401773839,12,Lock Haven University,Gannon,ii,ii,21,13.291094434928329,13.18637160405985,12.569357243956507,12.349643917431962,13.625086889931822,14.627064254942319
401773330,12,Hillsdale,Ohio Dominican,ii,ii,17,5.310146239226635,5.380975186398194,6.625239382722608,7.448030635262077,5.726559742342178,6.975800251688749
401774090,12,Juniata College,Lycoming,iii,iii,-8,-15.774789928760526,-15.3340290478314,-17.085328215949968,-19.724159522625882,-16.607484024559707,-19.105566311957393
401766737,12,Grinnell,Cornell College (IA),iii,iii,-5,-1.0586461563915215,-0.6901190028469912,0.31252659192024623,1.2571988403260477,-1.2492071153265556,-1.8208899921315584
401774319,12,Kean,Rowan,iii,iii,-13,-21.353750985770223,-24.502297251092163,-27.369576635453956,-29.383482023886344,-22.792661762611516,-27.10939409313541
401777138,12,Wittenberg,Kenyon,iii,iii,35,18.291587745155507,18.58567470602744,19.138054846887307,19.469825759944506,19.931603226575703,24.851649670836323
401777101,12,Ohio Wesleyan,Oberlin,iii,iii,35,23.360651928017468,28.552835188762675,31.779095447832994,35.520076181909914,29.26390160793212,46.97365064767608
401777018,12,Concordia University Chicago,Aurora,iii,iii,-33,-17.901649995901472,-19.281410982903246,-19.680176115560663,-19.440203098115017,-19.615471900606337,-24.756937614720954
401773943,12,Carson-Newman College,Greeneville,ii,ii,26,30.781790202820673,31.04925747250982,32.65857629875794,34.87156915689384,31.228648576415072,32.56922369719805
401774308,12,Husson,Maine Maritime,iii,iii,41,26.899245646030785,33.62918641176434,38.287741660498824,40.419656351136595,31.6128166894025,45.753529819517865
401776800,12,Hope College,Olivet College,iii,iii,57,38.787771463279746,45.342932824653644,50.9073973050238,55.751101985565036,41.4552088438848,49.457520985700015
401774226,12,Brevard College,North Carolina Wesleyan,iii,iii,39,4.044474335514073,3.2163937075626343,1.894845911798127,0.7709417713367746,3.467578092466809,1.7368893633249805
401777077,12,Denison University,John Carroll University,iii,iii,-27,-11.165303387494479,-14.310441694563476,-17.84526914578104,-21.100019623140632,-13.14912302898157,-19.100581953443015
401774116,12,Union (NY),Rensselaer,iii,iii,7,-2.4274984194376827,-3.047590505501006,-3.0375637265308626,-2.7673942187016927,-3.772573944442204,-7.807800519455844
401807013,12,Lake Forest College,Chicago,iii,iii,6,3.4807236712234806,6.444757817596495,8.510851705217956,9.062924659460062,4.582124671878826,7.886327673844784
401767194,12,Maine,Rhode Island,fcs,fcs,-32,-3.3183200673957813,-2.0037883152171876,-1.467034861637277,-0.6248137083980545,-3.5997204263214106,-4.443921503098386
401767187,12,Hampton,William & Mary,fcs,fcs,-41,-13.565418947091665,-15.574973219437915,-16.51886300535104,-16.712802352622912,-13.905841351626371,-14.9271085652307
401767326,12,Villanova,Stony Brook,fcs,fcs,3,9.259663396087394,11.083377505623185,11.612124795976015,11.204367779053474,9.351563502349476,9.627263821135777
401833536,12,North Greenville,UNC Pembroke,ii,ii,14,-4.504659068378631,-4.969980592383634,-5.522686543428316,-6.468157292774411,-4.943898731253762,-6.2616177198791405
401833372,12,Albany State GA,Benedict College,ii,ii,6,9.528704814321333,9.72773550314275,11.253560967054295,13.812688300343066,10.113319192032808,11.867162325167635
401752945,12,Tulsa,Oregon State,fbs,fbs,17,0.7876332316089858,0.08905208702363154,0.7661662506666129,1.4321257907758493,0.3586590638024685,-0.9282634396171794
401773826,12,East Stroudsburg University,Clarion,ii,ii,8,6.912958351008302,6.0586845463699825,5.596534426002412,5.661100300925521,7.187337956959004,8.010476774810986
401777084,12,Wabash College,Depauw,iii,iii,-21,4.41087846118487,2.445564672803373,2.941362462642095,3.962366107954491,4.013986907430587,2.823312246167644
401777210,12,University of Mount Union,Muskingum University,iii,iii,44,32.253433315094576,33.20079291820907,35.16835142011182,37.269460992119214,34.86489683790288,42.69928740632748
401777182,12,Baldwin Wallace,Heidelberg,iii,iii,3,15.44015558199538,16.95927588301576,17.524375391459714,17.730525927515554,15.790589320048213,16.84189053420669
401774414,12,Hanover College,Franklin,iii,iii,33,16.354321311526054,20.706659206239248,24.244021355014816,27.33533752735257,18.489503478030556,24.89504997754414
401774427,12,Manchester,Anderson (IN),iii,iii,-6,-1.9024050915239847,-4.109286152027998,-2.6210102531774666,-1.6906748170707857,-2.03728646170412,-2.4419305722443525
401777190,12,Wilmington (OH),Capital,iii,iii,-1,3.7067219991345617,5.1677106674249025,5.931473784609437,6.978536312018678,3.971352449016031,4.765243798660464
401774433,12,Rose-Hulman,Mount St. Joseph,iii,iii,-48,-12.886523244283346,-15.183459057474671,-17.677174564350405,-20.170304549802957,-13.623192724004515,-15.833201163167821
401752767,12,Kentucky,Tennessee Tech,fbs,fcs,32,0.7031700506867828,1.4670817709559039,2.1561811480233786,1.8968537786667383,0.7825796965878453,1.0208086342910505
401773949,12,UVA Wise,Emory & Henry College,ii,ii,-57,-22.857340247417184,-22.877379197026315,-23.638820516609403,-24.790899340689336,-23.2326866252517,-24.358725758755384
401773879,12,South Dakota Mines,Adams State,ii,ii,24,16.517036234612647,18.79375268771024,20.482441970906933,20.894175649310526,18.16833601752326,23.122235366254763
401767222,12,Western Illinois,Southeast Missouri State,fcs,fcs,-5,-2.5638865477060193,-2.6644428404085403,-3.5402763561107378,-4.8243505670363716,-3.639223805068813,-6.865235577157392
401774174,12,Wisconsin-Stevens Pt,Wisconsin-Lacrosse,iii,iii,-52,-18.025522413765017,-18.209913930671533,-18.761037986362595,-20.58604171896236,-19.019409508437263,-22.001070792454
401773899,12,Fort Lewis,Colorado School Of Mines,ii,ii,-34,-13.102480389574445,-12.838461774721406,-13.065355377544183,-13.666673456377605,-13.757767490371009,-15.72362879276054
401774061,12,Brockport,Utica,iii,iii,-8,-0.45378937049775203,2.2362315106298336,1.1582766597875942,-0.4555099581316657,1.3544127362012635,6.779019056298349
401773437,12,Quincy,Southwest Baptist,ii,ii,2,4.571351741695508,4.507642038417426,4.238216858977454,4.411533562368838,4.41494286990172,3.9457162545203683
401777039,12,Lakeland,St. Norbert,iii,iii,10,-2.64183902199348,-2.130099970768793,-2.6103759099160158,-3.165525228530802,-3.220822715062413,-4.957773794269386
401777593,12,Belhaven,Huntingdon College (AL),iii,iii,-17,9.536938737944977,8.56797375180996,7.666168643085999,7.56783666377404,8.396086586030943,4.973530130288966
401773563,12,Western New Mexico,Midwestern State,ii,ii,-47,-3.707329909268509,-5.4085421124014434,-6.926191254641367,-6.739727815881405,-5.607107116121686,-11.306438736681157
401773257,12,Hardin-Simmons,East Texas Baptist University,iii,iii,49,25.666456251053962,26.875493637923558,27.636309814867147,29.822557082933734,27.694111129551356,33.77707576504338
401767740,12,Richmond,Lafayette,fcs,fcs,-7,0.5356062722645856,-0.210083159249014,-1.0197669554640267,-2.1253740777535963,0.11361672716645232,-1.1523519081279137
401773265,12,Howard Payne,Mary Hardin-Baylor,iii,iii,-56,-12.197457607243365,-11.752050945996992,-11.582091023641286,-12.631618485825374,-12.88297274507142,-14.939518158555487
401767303,12,West Georgia,Utah Tech,fcs,fcs,23,13.486503997259568,13.438936767348963,13.343197546272384,13.27665328772848,13.503544788709725,13.554667163060124
401773405,12,Indianapolis,Upper Iowa University,ii,ii,7,14.731061505648182,15.712727940220375,16.598323869849466,17.239731037384963,15.695956133732901,18.59064001798711
401767255,12,Austin Peay,Samford,fcs,fcs,14,25.499238955810114,26.150695597929758,27.847820272609173,29.51797410535644,26.476247319762088,29.407272411618095
401767147,12,Campbell,Elon,fcs,fcs,-7,-4.517487869162346,-7.676354498411952,-10.178493577547483,-11.509075715905391,-5.835621207170226,-9.79002122119407
401773758,12,Minot State,Minnesota Duluth,ii,ii,-26,-19.6567579718692,-21.978071784492023,-24.474131246457887,-26.758355889978485,-20.289683111679928,-22.188458531111927
401778027,12,Bridgewater (VA),Guilford College,iii,iii,1,14.547178950053167,16.27464175731324,19.27043734401782,22.001338755110723,15.68580906613974,19.10169941439955
401773184,12,Loras College,Luther,iii,iii,33,22.612360154947062,24.625777222417007,26.790017978695353,29.249615342894472,22.98589451420111,24.106497591962903
401806687,12,St. Scholastica,Bethel (MN),iii,iii,-62,-29.345177317135928,-33.419187161610935,-38.84727273437649,-44.479254529086845,-33.201958430095715,-44.7723017689751
401773774,12,Wayne State (NE),Augustana University (SD),ii,ii,7,-2.023890635306911,-0.3194919532365166,-0.5095306504527422,-1.4706142920680403,-1.5588429358745604,-0.16369983757759599
401767169,12,UT Martin,Charleston Southern,fcs,fcs,3,2.5799774949235244,2.0077871336052437,1.6052581479251318,0.7967218968417837,2.713593025565343,3.1144396174907794
401773741,12,Bemidji State,University of Mary,ii,ii,13,1.1955708991983034,-0.0850127035164352,-0.9774139595848146,-1.7542194900128578,1.62408727949882,2.9096364204003144
401773766,12,Jamestown College,Northern State,ii,ii,-6,-25.478451131903604,-26.294995521144912,-28.66046445738,-31.31259692033249,-26.03486139227884,-27.70409217340447
401834132,12,Kentucky State,Shorter,ii,ii,28,17.996385856475488,16.898623305719877,17.42024251582813,18.7878138902745,18.055574317007476,18.23313969860337
401773193,12,Nebraska Wesleyan,Simpson College (IA),iii,iii,-1,-14.503021700536529,-13.98474444439871,-12.927348997807687,-12.022595728251051,-15.325847712207821,-17.794325747221798
401773626,12,Missouri Southern State,Washburn,ii,ii,-5,0.6381974898446927,-0.26527752296319385,-1.3335620352972102,-2.616782592081698,-0.0668806453811488,-2.1821150510587186
401776781,12,Alma,Adrian,iii,iii,1,7.760854704613031,7.401117388451077,7.136687592939694,7.749367884666249,7.305911493083503,5.9410818584946465
401773666,12,Ferrum,Concord University,ii,ii,-22,-3.0894628751439104,-2.70556566320883,-4.035320029864883,-6.042808952888755,-3.4060403169586255,-4.355772642402606
401774349,12,Rhodes College,Centre College Kentucky,iii,iii,-25,-12.575684414184828,-14.657858866115973,-16.345860323369962,-18.02087919368051,-14.561593308698136,-20.519319992238266
401783912,12,Benedictine University,Wisconsin-Lutheran,iii,iii,-4,11.062638697635203,10.600829893769497,10.722832174866797,10.657033703632452,11.939667066992172,14.570752175063037
401773612,12,Emporia State University,Fort Hays State,ii,ii,-6,0.583986630021502,0.7203082854897263,1.54495319824583,2.246027206095783,0.9545893184941647,2.0663973839120864
401774467,12,Millsaps,Sewanee,iii,iii,14,11.907510210019064,12.098003266279964,11.219906550266026,10.412544012372164,12.234871503660578,13.216955384585223
401773528,12,West Alabama,Northeastern State,ii,ii,-13,4.3995611544257045,2.072259937253164,3.1920945020798124,4.095456271604766,3.3276952741625445,0.11209763337317558
401774181,12,Wisconsin-Oshkosh,Wisconsin-Whitewater,iii,iii,-17,-10.39225771636319,-10.220503723918487,-10.194460376172842,-10.770997088066027,-10.374756416184958,-10.32225251565029
401774196,12,Wisconsin-Stout,Wisconsin-River Falls,iii,iii,-10,-14.082764123654286,-14.559129145888747,-15.299276227103167,-16.75524039312686,-16.315093187879754,-23.012080380556053
401774167,12,Wisconsin-Eau Claire,Wisconsin-Platteville,iii,iii,-27,-18.031604772606975,-19.722534473618307,-20.80027298333261,-22.475935401022802,-19.841773128731987,-25.272278197106775
401777311,12,Martin Luther,Minnesota Morris,iii,iii,22,7.309625580434599,5.7455678991979084,4.9512801827435275,5.02766091668121,7.115104223666592,6.531540153362595
401773043,12,Central College,Coe College,iii,iii,-6,2.472657652396691,-0.9001508537161431,-3.666432714149007,-5.17203008281834,1.2934441690415142,-2.244196281023754
401773375,12,Ouachita Baptist,Henderson State,ii,ii,-27,8.753416752585267,9.059167926294203,9.150321095308287,8.918029428641626,8.233287644604086,6.672900320660409
401773164,12,Wartburg,Buena Vista,iii,iii,43,37.158926818237745,38.289637234494144,39.249552510193254,40.297653153898636,38.016627026327505,40.58972765059693
401773415,12,William Jewell,Lincoln (MO),ii,ii,36,8.067251559488053,9.487439753227587,10.370065703379703,11.581151486007801,8.769469570835891,10.876123604879501
401774406,12,Marietta,Bluffton,iii,iii,23,13.58842777973819,14.06366563456571,14.323168086341234,14.400672892935155,13.53265824931785,13.365349658056822
401761651,12,Georgia State,Marshall,fbs,fbs,-12,-10.5058636301709,-11.324188174107821,-12.434833750187334,-13.091153057529933,-11.22675953031404,-13.3894472307433
401767586,12,The Citadel,Wofford,fcs,fcs,-2,3.519670578221559,3.8445799379416714,4.064163118380067,4.108668569604131,3.331950092828282,2.768788636648382
401762506,12,UAB,North Texas,fbs,fbs,-29,-17.6595577254145,-20.181009317051686,-23.400482706161753,-26.496998256776234,-19.050280575568188,-23.22244912602916
401767643,12,St. Thomas (MN),Presbyterian,fcs,fcs,-14,2.153847082632648,2.065490313723526,1.9049798501326514,1.7306202044900658,2.891609458410363,5.104896585743527
401767207,12,Tennessee State,Gardner-Webb,fcs,fcs,-16,-8.958271381522838,-10.921792542550577,-12.106455007568814,-12.302165585740099,-9.496172192515346,-11.109874625492768
401773642,12,Pittsburg St,Northwest Missouri St,ii,ii,13,-0.28058736315204413,0.05690169236239484,0.3499448458451262,0.42624882105829087,-0.6123691855721063,-1.6077146528325237
401773886,12,Black Hills State,New Mexico Highlands,ii,ii,27,2.5418096975820657,3.612316211657662,4.830842043564234,5.844276167569275,2.998271867519847,4.367658377333264
401773554,12,Eastern New Mexico,Texas A&M-Kingsville,ii,ii,-17,-4.994361864490777,-7.946646061894215,-9.331195294431424,-10.1841206178646,-6.39433902698128,-10.594270514452848
401773915,12,Western Colorado,Colorado Mesa,ii,ii,14,18.87774623413779,18.815153284016496,18.932244826887782,19.635634623048333,19.232564647081293,20.297019885911688
401773893,12,CSU Pueblo,Chadron St,ii,ii,3,13.077323216176346,14.940356858981755,17.40377793238607,19.002008814042853,13.903744209947376,16.38300719126065
401773969,12,Wingate,Mars Hill,ii,ii,15,16.153998053532764,18.00220037057303,18.740140694231997,18.815144753275362,17.14800822889395,20.130038754977754
401773603,12,Missouri Western,Central Oklahoma,ii,ii,-44,-5.511650672393731,-5.188489306503678,-5.430951445610162,-6.150185643862493,-6.098646098410038,-7.859632376459118
401773523,12,West Florida,Valdosta State,ii,ii,-3,16.879831946478042,16.35832292436345,15.889860283807778,15.674859689910868,16.77774092007997,16.47146784088585
401773396,12,Southern Nazarene,Oklahoma Baptist,ii,ii,30,-1.8427832137492732,-0.8594498804159194,0.3843001195840703,1.0572167862507555,-1.1886165470825851,0.773883452917417
401773341,12,Arkansas Tech,Harding University,ii,ii,-34,-18.459872949944977,-21.643206283278353,-25.46195628327839,-28.559872949945003,-21.514039616611637,-30.676539616611656
401773351,12,Southern Arkansas,Arkansas-Monticello,ii,ii,39,21.738322434160402,22.01590459378476,23.05600142477073,24.69870975810404,23.06678487547495,27.052172199418607
401777171,12,Whitworth,Puget Sound,iii,iii,28,28.050016269843965,28.548183561931104,29.005973964123136,29.413296788463754,28.62339404610259,30.343527374878573
401767556,12,Mercer,Chattanooga,fcs,fcs,46,18.153266116315013,19.315115019709815,20.532174157554195,21.691246284539133,18.226262889903634,18.44525321066948
401767200,12,Lindenwood,Eastern Illinois,fcs,fcs,30,5.838460757859047,6.110793255594655,6.95468242965905,8.118794867256932,5.9868817412762185,6.432144691527764
401760411,12,New Mexico,Colorado State,fbs,fbs,3,11.633305544938143,11.917250670280767,11.743840666019048,11.501011825968348,11.650364542887576,11.701541536735984
401767387,12,Prairie View A&M,Arkansas-Pine Bluff,fcs,fcs,47,12.694561262704582,14.643466515365489,16.348568968968102,17.660220397541707,14.196503741908657,18.70233117952089
401767377,12,Alcorn State,Grambling,fcs,fcs,11,-4.917643807567554,-6.985921672184153,-8.057082890201794,-8.43985621522578,-5.535002537314119,-7.387078726553694
401767357,12,Alabama A&M,Florida A&M,fcs,fcs,-3,6.156482989447662,5.45977952654715,5.917329300222926,6.122329499991045,6.0074758553582885,5.560454453090209
401767246,12,Eastern Kentucky,Abilene Christian,fcs,fcs,-7,-3.448693786945105,-4.683892276834651,-6.14984737038697,-7.969649906203353,-3.7245910249587615,-4.552282739000051
401767444,12,South Dakota State,Illinois State,fcs,fcs,-14,10.835650824660735,10.969753525849645,10.777309278268046,10.563646191936385,11.334104284829525,12.829464665336014
401767481,12,Incarnate Word,SE Louisiana,fcs,fcs,-3,-8.640981602996069,-10.314187655346359,-13.60976118568404,-16.964319863448946,-9.7099601565956,-12.916895817394007
401767457,12,Southern,Texas Southern,fcs,fcs,-5,-7.934644971773171,-8.049977037086725,-9.541874978648595,-10.999601738853967,-9.049876565527722,-12.395571346791465
401757304,12,Missouri State,UTEP,fbs,fbs,14,9.264636214209943,9.883235816435006,10.059006400632216,9.662505198905368,8.63974692729423,6.765079066547273
401752907,12,USC,Iowa,fbs,fbs,5,5.302926010266525,5.420248732950618,5.820483474371798,5.224221461773851,5.58338079265814,6.424745139833327
401752906,12,Illinois,Maryland,fbs,fbs,18,10.165668737510938,9.460999631349758,8.435617972409688,7.213642592259738,10.696149164360591,12.287590444909569
401761652,12,James Madison,App State,fbs,fbs,48,19.462047819036172,19.477643787914694,19.726315718648802,20.336010551534823,20.064376551345326,21.87136274827278
401760413,12,Nevada,San José State,fbs,fbs,45,-4.3571858563536825,-4.919038878900233,-6.025553693727282,-7.232537296268447,-4.534701747229945,-5.0672494198586975
401761653,12,UL Monroe,South Alabama,fbs,fbs,-12,-2.0386049215809567,-3.1302568272022686,-4.301148420751872,-5.005154901228687,-3.067703742440255,-6.155000205018158
401761654,12,Southern Miss,Texas State,fbs,fbs,-27,8.052999533592839,7.922533392718044,7.424919931745993,6.802430311287399,7.954368030656866,7.658473521849178
401767514,12,North Dakota State,Northern Iowa,fcs,fcs,32,35.33932776159119,37.546548641580294,39.68854893044678,41.17306192950175,36.37029060632711,39.463179140535004
401756953,12,Texas Tech,UCF,fbs,fbs,39,20.924210850242005,23.24992709481295,25.19147893891095,25.772039407648386,21.480206477154418,23.148193357891728
401754595,12,Miami,NC State,fbs,fbs,34,15.783391461086183,15.097088487996498,14.731822470478274,15.523687086093627,16.267266244730216,17.718890595662334
401754593,12,Duke,Virginia,fbs,fbs,-17,-0.9681727315148123,-1.5943776698987264,-2.7570022606742413,-3.472224328766522,-1.2634370378062592,-2.149229956680493
401752765,12,Alabama,Oklahoma,fbs,fbs,-2,4.5080868273728285,6.3670098549949685,7.649991167584901,7.330334488377659,5.095432115739399,6.857467980838642
401754592,12,Boston College,Georgia Tech,fbs,fbs,-2,-16.143330121098536,-16.06450863925624,-16.556972082961238,-17.897797236151764,-16.128032107236578,-16.082138065650845
401752903,12,Michigan State,Penn State,fbs,fbs,-18,-7.602929110145759,-7.049223863100899,-6.556322661942229,-6.88912325522271,-7.981261593597949,-9.116259043954614
401757303,12,Western Kentucky,Middle Tennessee,fbs,fbs,16,14.974039070862162,15.643581703463685,15.822730638725432,15.95486383404813,15.46206640208296,16.926148395745308
401773422,12,McKendree,Truman State,ii,ii,-32,-15.324396140436207,-15.646662285696536,-17.012962206112455,-18.91463478058192,-16.14882135878888,-18.622097013846943
401834155,12,Hendrix College,LYONCOLL,iii,iii,27,15.308612435029193,15.799532321473,17.641087755347115,19.771125398719676,17.31565306568867,23.3367749576673
401834160,12,Allen,ERSKINE,ii,ii,18,12.255399652665236,12.169449799885967,12.906558380601606,13.580173717903094,12.374525777009492,12.731904150042357
401767078,12,Northern Arizona,Cal Poly,fcs,fcs,8,2.40452163757789,1.748553147660589,1.150098989102208,0.5661846817900269,2.460274611058951,2.627533531502351
401834157,12,Chapman,California Lutheran University,iii,iii,10,10.514288339372737,11.295038592217239,12.307532154522445,13.37822137665917,11.238536656260155,13.411281606922476
401767067,12,Eastern Washington,Northern Colorado,fcs,fcs,20,0.8857989559182684,0.4548071708185395,-0.43564416144929075,-1.9801611022012846,0.19433817597083403,-1.880044163871319
401777146,12,Pacific Lutheran,NEWBERG,iii,iii,34,7.551265585378864,7.746436620961115,7.71981389121432,8.699398279795961,7.453225588974902,7.159105599763006
401773381,12,Northwestern Oklahoma State,Southwestern Oklahoma State,ii,ii,-42,-19.096613396793664,-21.564336401488553,-24.547567035291415,-27.961930298202144,-20.678949077544853,-25.42595611979839
401777158,12,Pacific (OR),Lewis & Clark College,iii,iii,-7,-6.149337790399725,-7.476755741203348,-9.157670584496403,-11.250143477261753,-6.326503711045836,-6.858001472984242
401762508,12,East Carolina,Memphis,fbs,fbs,4,-0.5644351603653774,-0.09406185336048267,0.31134776888153937,0.21399989577906453,-0.004386256940094313,1.675760453335748
401834158,12,Claremont-Mudd-Scripps College,La Verne,iii,iii,5,14.037702940427279,15.019487841254296,16.181201939211686,17.193422245671883,14.816709156207171,17.153727803546673
401834159,12,Redlands,Pomona Pitzer,iii,iii,-12,6.43016363901606,6.440695501508298,6.419909911170574,6.331900152002229,6.439867522463629,6.468979172806481
401762509,12,Tulane,Florida Atlantic,fbs,fbs,11,16.117719595627992,15.125469743404313,14.402250487034488,14.198602870024093,16.271870331853727,16.734322540531
401777152,12,Linfield College,Willamette,iii,iii,46,31.67713069277778,32.447584645367556,33.37792075182925,34.274576835241795,32.26130229280728,34.01381709289591
401767600,12,San Diego,Butler,fcs,fcs,22,4.652073602418834,4.322917532404264,3.6402096624350904,2.5437151004761924,4.286309075596684,3.1890154951300627
401767519,12,Nicholls,Northwestern State,fcs,fcs,5,15.495773554432983,20.70499557155945,21.202135016648818,21.413716985280693,18.232639565520486,26.443237598783004
401773592,12,Western Oregon,Central Washington,ii,ii,-2,-11.315401333145438,-16.493021444659785,-19.47340830680207,-21.057625050182136,-13.39020796297416,-19.61462785246038
401752771,12,Tennessee,New Mexico State,fbs,fbs,33,25.81271960163085,27.883164675969,30.10921771802219,32.042387649460316,27.346002249415058,31.94585019276738
401754596,12,Wake Forest,North Carolina,fbs,fbs,16,11.066895565137095,11.630176401795646,13.05704197313236,14.481167313170747,11.153404413139874,11.412930957148202
401767366,12,Mississippi Valley State,Alabama State,fcs,fcs,-38,-21.485650683376736,-24.41934787637756,-27.73153200451576,-30.11295222335052,-22.740297004626505,-26.50423596837581
401757301,12,Florida International,Liberty,fbs,fbs,7,-2.9683366195973058,-2.902858538538979,-3.074589256796287,-3.233596534488477,-3.319884766838806,-4.374529208563249
401773544,12,West Texas A&M,Angelo State,ii,ii,1,-0.7388546553981286,1.5393038292381518,2.723321764914613,4.049294120407321,-0.8877503419373642,-1.3344374015552596
401767488,12,Stephen F. Austin,Lamar,fcs,fcs,11,7.49484076123642,11.131632657452318,12.156847440404873,13.06289618033576,8.796380388371873,12.700999269778265
401767466,12,East Texas A&M,Houston Christian,fcs,fcs,5,10.847379477530303,8.900337375796298,8.423246645254597,8.653496341764779,8.470405584775298,1.3394839065103117
401767103,12,Portland State,Montana,fcs,fcs,-46,-26.061188224445893,-28.422186783199074,-31.372777002266993,-34.12237326937086,-27.921899492046773,-33.504033294849194
401834161,12,Wilson,Chowan,ii,ii,-14,-0.7724498720142723,-0.1497586205339072,0.19908648407384355,0.014301167083910826,-0.7592210385323952,-0.7195345380868332
401767087,12,Idaho State,Weber State,fcs,fcs,28,7.111847996887975,9.83546656255038,11.01963550780312,12.48131434268269,8.699029273750005,13.460573104336243
401761650,12,Georgia Southern,Coastal Carolina,fbs,fbs,5,0.5982675498105117,1.1705213077232184,2.576347836975616,3.9726491606106613,1.261530749687184,3.251320349317524
401757300,12,Sam Houston,Delaware,fbs,fbs,3,-11.618453143117126,-11.700567566608022,-12.769410844913478,-13.993742874026616,-12.421958644144356,-14.832475147225965
401756949,12,Baylor,Utah,fbs,fbs,-27,-11.770358732820881,-13.4300982962698,-15.138335895165852,-15.933485162781892,-13.219670241984822,-17.56760476947659
401752769,12,Ole Miss,Florida,fbs,fbs,10,11.976537281833906,10.757974263133583,9.49345538864042,8.512641052494917,11.934987154690468,11.81033677326014
401752902,12,Washington,Purdue,fbs,fbs,36,18.755556459907737,18.99841621499486,19.741177203011766,20.088911037528998,19.5119426088717,21.781101055763596
401767290,12,Tarleton State,North Alabama,fcs,fcs,61,28.12377902873328,28.782944483540376,30.091811362807064,32.731059800731956,29.75449399755565,34.646638904022645
401760414,12,UNLV,Utah State,fbs,fbs,3,6.004979031746297,7.086822519119661,7.201932690114036,7.232936945077174,5.588138582216992,4.337617233629189
401767495,12,McNeese,UT Rio Grande Valley,fcs,fcs,-15,-8.386583361056044,-15.781618113481574,-17.995965414433442,-18.56695013147279,-10.996765083805945,-18.827310252055774
401752766,12,Georgia,Texas,fbs,fbs,25,6.834787505247917,6.7709553078577756,6.448566567803063,6.062635649806168,6.4704838330223,5.377572816345477
401752900,12,Ohio State,UCLA,fbs,fbs,38,28.66920066633684,29.233797777751843,30.298197166225794,31.447662144461354,30.414198300392005,35.64919120255738
401754594,12,Florida State,Virginia Tech,fbs,fbs,20,13.812169349522499,17.31566020403941,19.450774666858088,20.81110575293882,15.613191646391261,21.016258536997427
401752770,12,Missouri,Mississippi State,fbs,fbs,22,7.981888048998709,6.710879755225513,6.661883939231032,7.267748630590603,8.361719821451874,9.501215138811247
401773578,12,UT Permian Basin,Sul Ross State,ii,ii,64,35.564859119154384,43.5470699802666,47.08233567009842,49.348704777614074,40.3146899974556,54.56418263235952
401757302,12,Jacksonville State,Kennesaw State,fbs,fbs,9,-4.816451460977941,-5.016993262529532,-5.530740098684182,-5.721584821830044,-4.54403622838946,-3.7267905306240614
401767296,12,Southern Utah,Central Arkansas,fcs,fcs,7,11.853851819465675,13.169586200065464,14.524137055144077,16.17840608758641,13.15467281876093,17.057135816646856
401767096,12,Sacramento State,Idaho,fcs,fcs,3,5.794721198578509,5.838754820964052,5.522278843285745,4.9799607352361885,5.426141533861999,4.320402539712578
401834156,12,Texas Lutheran,McMurry,iii,iii,-8,4.4652507998275475,4.59401033986455,4.979699855631741,5.879234386413195,4.076589787900682,2.9106067521203434
401752953,12,Washington State,Louisiana Tech,fbs,fbs,25,3.5241233841340787,2.8026379778158415,1.7159056796985404,0.6899312312432642,2.964165094223052,1.284290224489741
401756950,12,BYU,TCU,fbs,fbs,31,8.696421260231894,10.055642239466003,10.292515732517437,9.787305654437535,9.714277829329696,12.767847536623094
401760412,12,Fresno State,Wyoming,fbs,fbs,21,3.87824884540467,4.372174024807228,5.213121256271213,5.4365229124993135,4.191938289970631,5.13300662366855
401760410,12,San Diego State,Boise State,fbs,fbs,10,4.753951275512325,5.287316690608275,5.994104579227919,6.290568232323935,5.013642603917106,5.792716589131349
401767111,12,Montana State,UC Davis,fcs,fcs,21,11.4193718308445,11.422723328165663,12.26835591408399,13.446244910415281,13.19530850118172,18.52311851219337
401762863,13,Ohio,Massachusetts,fbs,fbs,28,26.035947356345453,26.49117590919967,26.581683280101416,26.74818784573123,26.846342682359037,29.277528660399668
401762864,13,Northern Illinois,Western Michigan,fbs,fbs,-16,-7.0438825805093614,-6.832538477886667,-6.737876187573525,-7.227265500187583,-7.373147559591576,-8.36094249683799
401762862,13,Bowling Green,Akron,fbs,fbs,-3,5.3268896748326835,5.237128822739008,5.784832467342801,6.253707656941124,6.104343176929589,8.436703683220232
401762866,13,Kent State,Central Michigan,fbs,fbs,-12,-3.894642746045406,-6.172479780781149,-7.38654618506521,-8.273927957224599,-4.554053590315265,-6.53228612312474
401762865,13,Buffalo,Miami (OH),fbs,fbs,-17,-0.47139399728293796,-0.8092075677955162,-0.8459622596450398,-0.1141226818569816,-0.7799196218757611,-1.7054964956540157
401767520,13,SE Louisiana,Nicholls,fcs,fcs,12,17.659914953407757,19.313049606726075,22.25058011790567,25.084717096668303,18.904220219045,22.637136015956806
401767522,13,Northwestern State,Stephen F. Austin,fcs,fcs,-48,-24.245475597744296,-32.21000204402473,-33.701514965290556,-35.19411506537103,-27.63282930927552,-37.79489044386934
401761655,13,Arkansas State,Louisiana,fbs,fbs,-4,4.842782408690995,4.860317962440025,5.485527130522021,5.874052929496381,4.7167122004596305,4.338501575765429
401835275,13,Curry College,Merchant Marine Academy,iii,iii,-3,4.349118747015641,6.127013339976731,6.3593123212829,5.285695511067528,4.822567570045715,6.242914039135936
401754598,13,NC State,Florida State,fbs,fbs,10,-1.8192682919255887,-3.594052896364474,-4.374076806243973,-4.912922954109359,-3.335502379590981,-7.884204642587161
401760418,13,UNLV,Hawai'i,fbs,fbs,28,4.872409260434097,5.802020285604275,6.087800309957526,6.472634183499682,5.1029602994434455,5.794613416471655
401767139,13,Stony Brook,Bryant,fcs,fcs,7,13.135008036910424,14.553625053339982,15.377133992825332,15.937735547812903,12.800531438771955,11.797101644356577
401835277,13,St John Fisher University,Rensselaer,iii,iii,-11,-7.836862296504995,-9.33824202042412,-10.32763650534887,-10.982094192460766,-9.164542410827869,-13.147582753796499
401835278,13,Carnegie Mellon,Misericordia,iii,iii,7,13.78633326584614,14.713346419670536,14.84940618785833,14.843588828220355,14.496226333710045,16.625905537301712
401835280,13,Lycoming,Washington and Lee,iii,iii,-2,-3.6711074037702556,-5.485886071463369,-7.332247065307435,-8.168855260812894,-5.16199133901438,-9.634643144746658
401835276,13,Delaware Valley,Dickinson (PA),iii,iii,1,3.2257774117357254,7.019420406767079,10.006257343060433,12.039268096967076,4.756868172774247,9.350140455889775
401835281,13,Brockport,Geneva,iii,iii,36,16.389591245899773,21.051436082943205,24.16344971411221,26.143654725027297,18.602051028818494,25.23943037757463
401752781,13,Texas A&M,Samford,fbs,fcs,48,49.85871835134279,50.94473171690703,53.8452692457655,57.020190117956965,51.12974576427367,54.94282800306644
401767678,13,Brown,Dartmouth,fcs,fcs,7,-5.184346351547896,-5.6295394933986636,-6.488290014858547,-7.483481633861839,-5.279635666292169,-5.565503610524999
401767403,13,Morgan State,North Carolina Central,fcs,fcs,-19,-9.93799043022195,-11.313327178668704,-13.339917488757177,-14.116192527257763,-10.477262273285728,-12.095077802477253
401756958,13,Iowa State,Kansas,fbs,fbs,24,7.216653077552053,7.100127605296436,7.120442807024716,7.022411474373765,7.29269896049286,7.520836609315275
401752778,13,Oklahoma,Missouri,fbs,fbs,11,5.753616518396612,5.689689923215255,5.077094805852312,5.469572085111963,5.48314038722831,4.6717119937235125
401767761,13,Long Island University,Wagner,fcs,fcs,7,8.819934573412514,8.443337952780189,8.573595340904713,9.21837940770798,9.001218134028585,9.545068815876448
401767749,13,Central Connecticut,Mercyhurst,fcs,fcs,7,10.098160030419173,9.667574266277674,9.717512957595996,9.855068318380823,9.828043335007873,9.017693248773934
401767718,13,Merrimack,Fordham,fcs,fcs,1,12.575061882849647,12.567528532118335,12.74231857803946,12.84459596267914,13.014008327673432,14.330847662144757
401767708,13,Yale,Harvard,fcs,fcs,17,-6.16540356853503,-8.778370745766019,-11.61392024918117,-12.962739672738564,-6.852563422840877,-8.914042985758318
401767591,13,VMI,Western Carolina,fcs,fcs,-42,-14.068735688919226,-15.24393302050822,-17.199851754649494,-19.066680329692407,-15.522832502816907,-19.885122944509973
401767264,13,Monmouth,UAlbany,fcs,fcs,-7,26.821907688682867,26.350724163755118,27.242596302007733,28.169254691359278,27.04178839163738,27.70143050050088
401754606,13,Wake Forest,Delaware,fbs,fbs,38,14.801275154022859,15.352657840822772,16.431413393295937,17.235159012222077,15.156261508039533,16.221220570089706
401835279,13,Illinois College,Aurora,iii,iii,-35,-1.6975308116205827,-2.902637295073994,-3.0708092707713357,-2.5337223297652685,-1.4926372760430073,-0.8779566693100858
401752909,13,Northwestern,Minnesota,fbs,fbs,3,1.5338170698751057,-0.17909318333851942,0.5899446567313298,1.671476472670271,1.4962852917026481,1.3836899571852328
401752912,13,Ohio State,Rutgers,fbs,fbs,33,27.742423244415757,29.215346394328634,30.813312117138743,31.75049159139616,28.970047668062897,32.6529209390043
401754602,13,SMU,Louisville,fbs,fbs,32,-0.7007289787333342,-0.5180001107201768,-0.6500267039710579,-0.6585974642442238,-1.1431010605104177,-2.470217305841661
401754603,13,Virginia Tech,Miami,fbs,fbs,-17,-15.776292518683093,-16.818695795671434,-17.80852033109239,-19.421869884923087,-16.544955511530496,-18.8509444900726
401762512,13,Army,Tulsa,fbs,fbs,-1,12.814208951576028,12.95774330668847,12.625947698057203,12.391945769133095,13.326083072810285,14.86170543651308
401767738,13,Lafayette,Lehigh,fcs,fcs,-10,-12.2725333010413,-11.696913105721116,-11.028268404975652,-10.040082103748324,-12.331267791916423,-12.507471264541895
401752776,13,Georgia,Charlotte,fbs,fbs,32,37.073408528316655,37.57231829139327,39.009485106388986,41.37003182728205,38.0949986774402,41.15976912481079
401756954,13,Arizona,Baylor,fbs,fbs,24,7.411602756902074,7.883026291295874,8.489260373688392,9.063395487961742,7.840496976293746,9.127179634468519
401761657,13,Georgia Southern,Old Dominion,fbs,fbs,-35,-7.92183532503541,-9.174291425715364,-10.991776041781481,-12.894305557942005,-8.766488250193625,-11.300447025668012
401752954,13,James Madison,Washington State,fbs,fbs,4,11.253552547306857,11.73863025703389,12.025829500566395,12.519487656131101,11.552812893203622,12.450593930893994
401767188,13,Rhode Island,Hampton,fcs,fcs,28,23.37489280980565,25.457397328536125,26.601809736711495,26.759645580158228,24.18366762717205,26.60999207927136
401767633,13,Presbyterian,Marist,fcs,fcs,4,19.044835738221508,20.150449651731403,22.334059463930018,25.40920071032411,19.66113622045386,21.51003766715062
401767696,13,Cornell,Columbia,fcs,fcs,-17,7.358650292714643,8.214764785563899,8.804914451197199,9.128935338453216,7.926759742389569,9.63108809141451
401835285,13,Utica,Rowan,iii,iii,-6,3.5248266006290603,3.098085917711982,4.395503094260722,5.680093947985371,2.980674250082192,1.3482171984414855
401835283,13,Wabash College,Ohio Northern,iii,iii,1,4.144422220237136,3.551089829272051,2.5178043820713665,1.7520773696356553,3.824122272167113,2.8632224279570426
401767647,13,Stetson,San Diego,fcs,fcs,-34,-12.92296730847902,-14.207353941376113,-15.092719887332962,-15.327425623124252,-14.20824781771811,-18.064089345435466
401767671,13,Colgate,Bucknell,fcs,fcs,19,11.104491847384146,11.178588397294464,11.645702998014098,12.594841496844392,11.367200472491863,12.155326347814942
401767564,13,East Tennessee State,The Citadel,fcs,fcs,2,5.900260935335661,4.817161470933903,4.129948035698828,4.569294868660328,5.929882201975195,6.018746001894013
401767445,13,Illinois State,Southern Illinois,fcs,fcs,-30,0.16336195617683558,0.3488217132955054,-0.20905082124211916,-2.1482068190684025,-0.2963165461726618,-1.6753520532213049
401767349,13,Delaware State,South Carolina State,fcs,fcs,-11,-0.4585790838707551,-0.30169869069580724,-0.03363731456614438,0.15416386428689766,0.05692708368822874,1.6034455863651464
401767338,13,Villanova,Sacred Heart,fcs,fcs,24,11.484877071763643,13.625377195071522,14.868641104678533,15.317439693158605,11.551790884398592,11.752532322303383
401767625,13,Drake,Morehead State,fcs,fcs,7,20.09512039005843,22.227762507223286,24.386419511258744,26.26913345538979,21.867467198737643,27.184507624775144
401767195,13,New Hampshire,Maine,fcs,fcs,6,5.0701556490864625,4.050757157181877,3.40898924980859,2.619748057167417,5.0561788283879485,5.014248366292312
401767148,13,Towson,Campbell,fcs,fcs,4,9.592028592634945,11.746094298115555,13.531716496996443,14.452889627945682,11.045581846189151,15.40624160685171
401767770,13,Stonehill,St. Francis (PA),fcs,fcs,10,15.005943701175287,16.445356192659638,17.411732446479277,17.646497448135506,15.626481022070278,17.48809298475513
401767234,13,Tennessee Tech,UT Martin,fcs,fcs,3,23.13930879087666,23.79993988153309,25.1248517300501,27.875214551967463,24.213591360765815,27.436439070433302
401767340,13,William & Mary,Richmond,fcs,fcs,-7,7.589698433261296,7.503700362051762,7.866322681095451,8.253912489903344,7.687570650068919,7.981187300491841
401767367,13,Alabama State,Arkansas-Pine Bluff,fcs,fcs,31,21.809702982483053,25.283134955902298,27.945684235787276,29.31325702790496,23.641735129950888,29.137831572354216
401767453,13,Indiana State,Murray State,fcs,fcs,-14,18.940479912039812,17.975333787308458,17.217098808609844,17.330440828426767,18.12954656039723,15.696746505469493
401835284,13,SUNY Maritime,Hobart College,iii,iii,-28,3.8516242392165996,3.6493447368935055,3.7354117475297315,3.971057273688354,4.092976715657073,4.817034144978374
401835282,13,Ursinus,Lebanon Valley,iii,iii,18,7.798694423382408,7.234700196586106,8.379009578290368,9.404659018104477,7.753658843522645,7.618552103943395
401788996,13,Pennsylvania,Princeton,fcs,fcs,11,7.055452883044519,6.494943298382691,5.966054637093529,5.590066101179407,6.851149810822959,6.238240594158291
401767601,13,Butler,Valparaiso,fcs,fcs,7,20.12260740882416,22.061263813687074,24.175982336293238,26.92215403759034,20.87589053998436,23.135739933465086
401767611,13,Davidson,Dayton,fcs,fcs,-28,-15.634021934833012,-17.098950696495095,-20.627026463158415,-23.928718689484068,-17.456279928757795,-22.923053910532314
401767557,13,Wofford,Chattanooga,fcs,fcs,22,4.447713717872478,3.9906214518576544,3.6328646994534797,3.633181779289523,3.5150860084910844,0.71720288034685
401767208,13,Gardner-Webb,Western Illinois,fcs,fcs,-5,13.959003946551551,14.132348892887538,14.51971664223261,15.287516765615901,14.606722809215224,16.549879397206425
401767215,13,Southeast Missouri State,Lindenwood,fcs,fcs,-17,3.085471867013193,3.130156353740242,3.6015967072458275,3.5715599068298616,3.329049552281987,4.059782608088486
401767540,13,Northern Iowa,Youngstown State,fcs,fcs,-3,-8.630852270483407,-10.231027236738463,-11.219096434403022,-11.776628352415543,-9.154443554062254,-10.725217404798782
401767104,13,Montana,Montana State,fcs,fcs,-3,3.6961407650824967,4.280088653771763,6.109543585291409,7.66001664380639,3.0203732496483475,0.9930707033458965
401767756,13,Robert Morris,Duquesne,fcs,fcs,-3,-8.773258348264815,-11.07284659393731,-12.720724556824207,-13.175106602085052,-9.25085021145083,-10.68362580100904
401767170,13,Charleston Southern,Tennessee State,fcs,fcs,1,8.991424040206734,10.898008730009163,11.60854733572917,11.713094732707267,9.545826789901275,11.20903503898479
401767291,13,North Alabama,Southern Utah,fcs,fcs,-2,-10.999722421021408,-11.752855005319146,-12.078287543646915,-13.421148754702166,-11.607574536949024,-13.431130884731846
401767125,13,Northern Colorado,Portland State,fcs,fcs,11,11.578083269508225,13.548857684346276,14.609646362400978,15.59002202837924,12.75963553098081,16.304292315398147
401767178,13,Elon,North Carolina A&T,fcs,fcs,38,14.567953112415355,18.279564384348873,20.994537262834456,22.452964510005444,16.69980218824763,23.095349415744703
401767508,13,North Dakota,South Dakota State,fcs,fcs,-3,5.887394813410516,6.8483267684770475,9.056425482495477,12.431235929764998,5.926277567417081,6.042925829436836
401757306,13,Kennesaw State,Missouri State,fbs,fbs,7,9.802213228301238,9.615992168809179,9.850916576998747,10.125908565210137,10.283251649272884,11.726366912187574
401762867,13,Toledo,Ball State,fbs,fbs,29,17.120771146929684,18.82100750868989,20.81343412333122,22.885879574989325,18.823211844516333,23.93053393727641
401760419,13,Wyoming,Nevada,fbs,fbs,-6,11.861021759219156,11.916115724013085,12.514890049386295,13.752088866750082,12.116876206978166,12.884439550255
401752773,13,Alabama,Eastern Illinois,fbs,fcs,56,37.590351297355696,40.21683994446266,43.49248600986337,46.53858084482849,39.98533568895605,47.170288863756845
401752774,13,Auburn,Mercer,fbs,fcs,45,8.488609821175519,7.386015996138397,6.700609688566608,6.917064178056087,8.597041689671858,8.922337295161096
401761656,13,App State,Marshall,fbs,fbs,2,-1.8285161333955244,-2.134644157908994,-2.8049580132177816,-3.0992156968125997,-1.8209747027026495,-1.7983504106239714
401757308,13,Middle Tennessee,Sam Houston,fbs,fbs,14,8.082765739406954,8.302405002264134,9.470176101906032,10.48832975125978,8.755218772618946,10.772577872254914
401757175,13,Florida Atlantic,UConn,fbs,fbs,-3,-7.248518599143672,-6.501476147949681,-6.280371457711341,-6.996760793668614,-7.786950084207621,-9.402244539399273
401757309,13,UTEP,New Mexico State,fbs,fbs,-3,3.2543138070622994,3.104819469309332,3.204115404498488,3.7985380786917116,3.4593294186360435,4.074376253357044
401762511,13,UAB,South Florida,fbs,fbs,-30,-19.079347667980187,-20.326381194784258,-22.790632704674877,-25.10127136316522,-19.84256043708686,-22.132198744406878
401835286,13,Wisconsin-Stout,Washington University (St. Louis),iii,iii,8,1.8201775342168016,1.2795742011921654,1.1853971208207472,1.9660137673991134,1.416762832309571,0.20651872658767267
401767430,13,Prairie View A&M,Mississippi Valley State,fcs,fcs,53,18.370508963598265,19.77967943584075,22.134416737696586,24.459915592987265,19.295065616584278,22.068735575542483
401767358,13,Texas Southern,Alabama A&M,fcs,fcs,17,2.8207551462894873,4.403676247887219,6.075218389328047,7.619669087013962,3.974219178665095,7.434611275792024
401767118,13,Weber State,Northern Arizona,fcs,fcs,20,-3.9049401274950526,-4.631814300051941,-5.5900306828658355,-6.820257387462753,-4.612966931200695,-6.73704734231765
401767475,13,Houston Christian,Incarnate Word,fcs,fcs,-21,-7.1535842672406105,-7.680291901512071,-7.292730230641315,-6.543061709849859,-6.419615634127998,-4.217709734790302
401757307,13,Louisiana Tech,Liberty,fbs,fbs,6,9.195533693898348,9.288955514020502,9.97653073914832,10.667285794616639,9.755286766768307,11.434545985378278
401767394,13,Florida A&M,Bethune-Cookman,fcs,fcs,-4,-7.238653216293969,-8.183254055184522,-9.17261439185404,-9.115707223036111,-7.370128376459023,-7.7645538569543575
401767515,13,North Dakota State,St. Thomas (MN),fcs,fcs,55,25.674693257890382,26.987348662582395,27.762390988761958,27.102373631871377,25.79907969858111,26.172239020653542
401767378,13,Alcorn State,Jackson State,fcs,fcs,-6,-12.480601142502643,-14.803715982423824,-15.54947784390303,-16.23257347945594,-13.666760368248063,-17.22523804548407
401767397,13,Howard,Norfolk State,fcs,fcs,29,6.830159257899242,6.377646228172624,5.7320719184887725,5.70050154716654,6.674997776367462,6.209513331772086
401754600,13,North Carolina,Duke,fbs,fbs,-7,-8.810959511469179,-9.224757192887855,-10.171035580339328,-11.526487655383075,-9.090860733269839,-9.930564398671738
401754604,13,Notre Dame,Syracuse,fbs,fbs,63,26.46582988203449,26.638454617442974,26.978233681776096,27.711800927809286,27.001290671035623,28.607673038039025
401762513,13,UTSA,East Carolina,fbs,fbs,34,-3.0931348743473848,-3.387988705260039,-3.45723334578674,-3.163506468466558,-3.604432920702404,-5.138327059767299
401752782,13,Vanderbilt,Kentucky,fbs,fbs,28,15.860955723089589,16.026078989557867,17.16758368387115,18.3124220750912,16.483319886687816,18.350412377482353
401757305,13,Florida International,Jacksonville State,fbs,fbs,6,-1.5381606017613798,-1.3759155577494884,-1.2786726228207623,-1.3405902427777914,-1.9399165361049562,-3.1451843391355148
401752780,13,Texas,Arkansas,fbs,fbs,15,11.083928572025865,11.699689363409053,12.967616617261452,13.905173931733835,11.615166159278093,13.208878921034916
401752911,13,Oregon,USC,fbs,fbs,15,7.646189845643782,9.807634910884673,11.226586588545501,12.32733685525811,8.627994465916558,11.573408326734643
401752913,13,Iowa,Michigan State,fbs,fbs,3,17.462082066838043,17.078247313880617,17.029705742321983,18.072969113889283,17.8746872308755,19.112502722987834
401761658,13,South Alabama,Southern Miss,fbs,fbs,7,-7.987066944623157,-8.08852613192433,-8.2060039508949,-8.28508474102678,-8.042548926936547,-8.208994873876822
401762515,13,Temple,Tulane,fbs,fbs,-24,-3.7947323603445895,-3.9887149348537054,-4.23385702092984,-4.116624253944284,-3.4755498720064573,-2.518002406992153
401761660,13,Troy,Georgia State,fbs,fbs,12,15.19258081948746,15.50476839316524,16.041209020110085,16.715347465367163,16.061591168617674,18.66862221600813
401756957,13,Houston,TCU,fbs,fbs,-3,0.6769759109763385,0.4954529376342869,-0.17288672552099982,-1.0307272046241316,0.5859376644426817,0.31282292484172913
401756960,13,Utah,Kansas State,fbs,fbs,4,14.811316379959273,16.23282816766578,17.998421669733965,18.926424494913224,16.115829739596503,20.02936981850845
401756959,13,UCF,Oklahoma State,fbs,fbs,3,17.108605701854074,18.407781914415132,20.138300879658566,21.704809505474458,18.817126007479636,23.942686924356284
401752914,13,Maryland,Michigan,fbs,fbs,-25,-3.3247213069466817,-2.844907566303487,-2.2433500677840286,-1.7101618503505094,-4.343772842763514,-7.400927450214077
401767489,13,Lamar,McNeese,fcs,fcs,-2,13.952414774062953,13.947479180374724,13.478028219581413,13.044127278731333,12.94975815773239,9.941788308740735
401767725,13,Holy Cross,Georgetown,fcs,fcs,35,1.4459281759741505,1.766776070232538,2.3976969334176728,2.562434001684817,2.2269957200465917,4.570198352263919
401835287,13,Shenandoah,Wilkes,iii,iii,-2,0.3175685483575421,0.680856500135909,1.7763480034499821,2.6198608636723755,1.0585235306422813,3.2813884774966624
401767284,13,Utah Tech,Eastern Kentucky,fcs,fcs,-23,-2.1861496269629157,-1.4310422889785723,-0.348264856272436,0.5968755577658693,-2.2178271505478087,-2.31285972130234
401767134,13,UC Davis,Sacramento State,fcs,fcs,4,6.033190534792485,6.0289705684610695,5.4558481395376415,4.5828218004498975,5.584621293411798,4.238913569269728
401767088,13,Idaho,Idaho State,fcs,fcs,-21,7.746527511903467,5.534809978293474,5.578463250081358,6.113552130289786,6.952079285717469,4.568734607159238
401752779,13,South Carolina,Coastal Carolina,fbs,fbs,44,11.017420140259283,11.828962165592914,13.914743123125943,16.11209292407461,12.708231643617454,17.780666153692103
401754605,13,Clemson,Furman,fbs,fcs,35,22.49592699155781,23.48542299231461,25.189058990338392,27.192822542302935,23.629322540165887,27.029509185989976
401767247,13,Central Arkansas,Abilene Christian,fcs,fcs,-21,-4.144556357158178,-5.556714020554946,-6.920636167007938,-8.791401069549687,-5.471321729611875,-9.451617846973198
401767068,13,Cal Poly,Eastern Washington,fcs,fcs,9,9.295924650847127,10.360969168219206,11.684581254995669,13.502674485985397,10.243064967665532,13.084485918120613
401767276,13,Tarleton State,Austin Peay,fcs,fcs,1,14.524698807284633,14.274788848154941,14.746616025754792,15.569609368783055,15.207818180938272,17.257176301899097
401761659,13,Texas State,UL Monroe,fbs,fbs,17,13.972672332611275,15.296249566408553,17.08223243990078,18.48780933096807,15.155884638719936,18.705521557045802
401767467,13,UT Rio Grande Valley,East Texas A&M,fcs,fcs,19,12.976301308366603,21.98860532245587,25.08913435625398,26.009492887361755,17.40576626836002,30.6941611483403
401835288,13,Westminster (PA),Mount St. Joseph,iii,iii,19,2.936386196346307,3.3051386135381398,3.9311865101628554,4.339020793788929,3.3133137887155426,4.444096565823189
401760415,13,Air Force,New Mexico,fbs,fbs,-17,-4.201207864573789,-4.55244332020337,-4.704069040067637,-4.502144411439058,-4.209868671644216,-4.2358510928553486
401760416,13,Boise State,Colorado State,fbs,fbs,28,16.612421353836147,16.664496990190145,16.52531877404474,16.683573448262983,16.79400830461552,17.338769156953756
401752908,13,Penn State,Nebraska,fbs,fbs,27,4.936832720588271,3.4736159024658804,2.1040416653673013,1.5622567835649548,4.208476227778064,2.023406749347437
401754601,13,Georgia Tech,Pittsburgh,fbs,fbs,-14,2.4317106674955866,1.5502418714939026,-0.02604439772474265,-0.7594054185548416,1.8272190728483544,0.013744288906707425
401752775,13,Florida,Tennessee,fbs,fbs,-20,-3.0767112093475397,-3.7799296277025007,-4.2567723696893935,-4.44534330442843,-3.089540068587766,-3.1280266463083564
401762514,13,Rice,North Texas,fbs,fbs,-32,-16.39903851713591,-17.971902609843802,-20.669640481597952,-23.111914169717018,-18.257657331968986,-23.833513776468244
401754599,13,Stanford,California,fbs,fbs,21,-0.8988800870856899,-0.39810936785646334,0.2458415179002209,0.7374135745378787,-0.6957883250681078,-0.08651303901561391
401752915,13,Wisconsin,Illinois,fbs,fbs,17,-11.174727205436152,-10.973971347366042,-11.232311440023615,-12.058338386964941,-11.48918790557606,-12.432570005995643
401752777,13,LSU,Western Kentucky,fbs,fbs,3,16.674594516505977,17.05151132638793,18.669978006732364,20.540601690585248,17.4652776806945,19.837327173260118
401756956,13,Colorado,Arizona State,fbs,fbs,-25,-3.923986476583007,-5.779390226278267,-7.706237670644867,-8.68472857161553,-4.39456275542457,-5.8062915919492255
401756955,13,Cincinnati,BYU,fbs,fbs,-12,-4.880911281609766,-4.430660107220884,-5.018644568670396,-5.045150600178808,-4.979544227898,-5.275443066762662
401760417,13,Fresno State,Utah State,fbs,fbs,-11,3.5122531610420076,3.7566329568380414,4.038753569586257,3.8181242754469302,3.4811489811923018,3.3878364416431808
401760420,13,San Diego State,San José State,fbs,fbs,22,15.83440514993788,16.387562122166052,17.035511331677995,17.883671185634853,16.412168281906386,18.145457677811883
401752910,13,UCLA,Washington,fbs,fbs,-34,-11.040932126712072,-11.165029557816009,-12.187611725383537,-13.305062455767498,-12.270918047075423,-15.96087580816532
401762868,14,Massachusetts,Bowling Green,fbs,fbs,-31,-10.844858709896577,-11.440058061330788,-11.596977861018495,-11.589155996426735,-11.560251616954003,-13.70643033812614
401762869,14,Eastern Michigan,Western Michigan,fbs,fbs,-10,-10.143876666858535,-10.257202097614638,-10.530134956876772,-11.165573377653551,-10.659154866278097,-12.204989464536641
401767368,14,Alabama State,Tuskegee,fcs,ii,37,27.14757140242702,28.237713347769194,29.647151983616844,30.580216649074885,27.202710527878622,27.36812790423338
401762516,14,Memphis,Navy,fbs,fbs,-11,11.25558769283867,11.244372277776883,11.493556824189348,12.316631980547559,11.273553453448727,11.32745073527887
401762871,14,Northern Illinois,Kent State,fbs,fbs,-4,3.5712037572190845,6.017585785792411,7.409283539661148,8.452755603098401,4.781796443912809,8.41357450399401
401752916,14,Nebraska,Iowa,fbs,fbs,-24,-2.795985677280555,-1.5026393532455984,-0.5774247457470558,-0.7461026422315271,-2.1019018650556163,-0.01965042838065756
401762870,14,Buffalo,Ohio,fbs,fbs,-5,-3.7065642323319103,-4.0560537803819745,-4.145169118399371,-3.325479724417937,-3.900143615343543,-4.480881764378308
401752788,14,Mississippi State,Ole Miss,fbs,fbs,-19,-5.380905146614008,-4.077262247493984,-3.0020996908005984,-2.6696633013522018,-5.476066639507739,-5.76155111818877
401756964,14,Kansas,Utah,fbs,fbs,-10,-12.044995319883903,-13.578684149629893,-15.752153877687839,-16.826265039019003,-13.146360153832298,-16.450454655677667
401760421,14,Colorado State,Air Force,fbs,fbs,-21,1.567902319635646,1.6351926499226028,1.9602283740485884,2.0011325854707103,1.5595041287566396,1.5343095561193643
401762442,14,North Texas,Temple,fbs,fbs,27,16.77484228956775,18.50662428294691,20.197259929435607,21.182562521235944,17.718450746643256,20.549276117869724
401752786,14,Georgia Tech,Georgia,fbs,fbs,-7,-6.05636069721205,-6.58660301012452,-7.2450207988302715,-7.755222993248886,-6.305107648760597,-7.051348503406267
401760426,14,New Mexico,San Diego State,fbs,fbs,6,-3.7330670844103295,-4.034563010517655,-4.7755826872536105,-5.47312985461857,-4.157286365645049,-5.42994420934912
401760422,14,Utah State,Boise State,fbs,fbs,-1,-6.210622287197419,-6.487627518475737,-6.377702710106105,-6.4551527457769,-6.105561909462729,-5.790380776258864
401752792,14,Texas,Texas A&M,fbs,fbs,10,-3.075863813150683,-3.0004770077711242,-3.0642482528953465,-2.859743788899266,-2.4604717272016927,-0.6142954693548148
401752924,14,Purdue,Indiana,fbs,fbs,-53,-23.807213791192474,-25.989809953676655,-28.383320996281554,-29.66655689795836,-26.5336484544073,-34.71295244405188
401756961,14,Arizona State,Arizona,fbs,fbs,-16,2.387566400226323,2.1608578030997094,1.4778448734682321,0.6043409265247135,1.987743075674004,0.7882731020169906
401756968,14,West Virginia,Texas Tech,fbs,fbs,-49,-19.48113654781962,-22.50699477678518,-25.428353344463343,-26.879431932576832,-20.53174038472087,-23.683551895424795
401762519,14,Florida Atlantic,East Carolina,fbs,fbs,-39,-13.384519458843897,-12.72930600589211,-12.825252732739939,-13.367719727565117,-14.324437832411665,-17.144192953114864
401752790,14,South Carolina,Clemson,fbs,fbs,-14,2.0457718262712703,1.7114017932135468,1.13866728512372,0.28932482564536244,2.4095312848974544,3.500809660776138
401762875,14,Miami (OH),Ball State,fbs,fbs,21,12.793285784345223,12.806924328855764,12.693490765201833,13.507327782743388,13.658021769385826,16.252229724507664
401752921,14,Michigan,Ohio State,fbs,fbs,-18,-10.862389663298558,-11.02162718931718,-10.835829151826871,-10.657204646437648,-11.351855379222073,-12.820252526992519
401756966,14,Oklahoma State,Iowa State,fbs,fbs,-7,-18.104334417037066,-18.650554606841734,-19.892025342197584,-21.320882219423787,-19.619086452061033,-24.16334255713291
401756965,14,Kansas State,Colorado,fbs,fbs,10,9.083859672316219,10.932776260486705,12.87904664892013,14.024052824997742,9.670163205845139,11.429073806431855
401756962,14,Baylor,Houston,fbs,fbs,-7,-0.015304462816878583,-0.1271565413272029,0.6126553415197229,1.4779286679658412,0.1461285557632408,0.6304276115038512
401833975,14,Youngstown State,Yale,fcs,fcs,-1,-1.2172060017524569,-0.13627962646922143,0.7129901771945839,0.7838445305790618,-0.8266421925797545,0.3450492349383403
401754611,14,Pittsburgh,Miami,fbs,fbs,-31,-2.6878622604633975,-2.3491726748507276,-1.5265643341122725,-1.6752696528080264,-2.696034920195107,-2.720552899390256
401836055,14,Villanova,Harvard,fcs,fcs,45,-9.578271940594284,-10.13508940607825,-12.228771938598758,-14.215955061857663,-10.606638397750547,-13.691737769219209
401836102,14,Rhode Island,Central Connecticut,fcs,fcs,8,9.486693835518308,9.494425969244773,10.142557148840352,10.805611391933892,10.179353808410495,12.257333727087133
401762872,14,Central Michigan,Toledo,fbs,fbs,-18,-3.4061633487298977,-5.120845599375603,-7.092218007739977,-8.375120438128812,-4.964010886368829,-9.637553499285676
401752787,14,Louisville,Kentucky,fbs,fbs,41,15.771122374148995,15.93896035465508,16.25041424242709,16.468928952712304,15.669799457902059,15.365830709161248
401836037,14,PennWest California,Frostburg State,ii,ii,-2,8.133841362030413,8.315572521148502,8.627937307645734,8.75497047129939,8.317478968033733,8.868391786043569
401836015,14,University of Mount Union,Muhlenberg,iii,iii,42,15.445585685218512,15.208089719182155,14.856472030095114,15.315880363971162,17.249992222273665,22.663211833439064
401836021,14,Johns Hopkins University,Springfield,iii,iii,20,19.79089304234332,23.10578088150563,27.79945552907838,30.943812706594763,20.33606774956806,21.971591871242172
401836018,14,Christopher Newport,Susquehanna,iii,iii,-14,3.3506235113316656,3.8124931572050027,4.336418845226522,4.932591691317949,3.187830289672169,2.6994506246937533
401836017,14,Berry College,Lagrange College,iii,iii,4,17.145933917304294,18.539491325461306,22.145468345842872,25.954044601845236,18.94252780620077,24.332309472890092
401836035,14,Kutztown University,Assumption,ii,ii,37,21.271558766576423,21.020298192020373,21.84692351885769,23.048472908088463,23.026193783189587,28.29009883302903
401836019,14,North Central College,Hanover College,iii,iii,32,24.970508917928626,25.00217174770769,25.369423716420435,25.27990790523394,27.0624868078054,33.3384204774357
401836036,14,Ferris State,Ashland,ii,ii,32,10.263154867517049,11.944588563878684,12.806224261148373,12.4325675095171,12.106185265896558,17.635276461035115
401836075,14,Wisconsin-River Falls,Chapman,iii,iii,51,22.723281503299745,23.488554664761256,24.43923119123597,25.914756056489512,24.466309538795443,29.695393645282397
401836020,14,Bethel (MN),Coe College,iii,iii,25,13.264142375733837,13.093069134851454,14.602836696152014,17.0039109647632,15.116528599504763,20.673687270817837
401836041,14,Albany State GA,Benedict College,ii,ii,2,9.528704814321333,9.72773550314275,11.253560967054295,13.812688300343066,10.113319192032808,11.867162325167635
401836016,14,Wartburg,Wheaton,iii,iii,-4,1.3125942951460914,0.04263044007335104,-2.5533469845182655,-3.6527860449896146,-0.5835425567352797,-6.271953112379322
401836040,14,West Florida,Newberry,ii,ii,-7,12.018794689779135,10.8786631752601,10.123279707900387,9.785240701003255,11.694854574440345,10.723034228424215
401833969,14,Abilene Christian,Lamar,fcs,fcs,18,2.7695817262315927,4.058556005538243,4.587350708876757,5.168958186956287,3.5757914776646764,5.994420731964048
401836116,14,South Dakota State,New Hampshire,fcs,fcs,38,15.281704001235182,15.362966126411086,15.24835920679963,14.849737780883686,16.03147035435156,18.2807694137008
401757310,14,Delaware,UTEP,fbs,fbs,30,5.241095888447672,5.3785724345594605,5.320489113392025,4.94991583153192,5.2815451129326885,5.40289278638766
401756963,14,BYU,UCF,fbs,fbs,20,17.088462036766394,17.978576783649178,18.099846754555006,17.8265453069085,17.41816300505979,18.407265909939944
401757311,14,Sam Houston,Florida International,fbs,fbs,-40,-10.089594634441314,-10.428314297013726,-11.549431987647472,-12.770065742002366,-10.579459343284364,-12.049053469813575
401836195,14,South Dakota,Drake,fcs,fcs,21,4.876061453396192,4.883234732461567,5.3324651558326845,5.515996818189228,3.6306399599389874,-0.10562452043252257
401836115,14,Tennessee Tech,North Dakota,fcs,fcs,-25,1.3142650068741695,0.260892937085611,-1.4596363140243902,-2.8730509836684917,1.5883003062154977,2.4104062042394503
401836095,14,SE Louisiana,Illinois State,fcs,fcs,-18,6.7700588602275324,8.41556350322542,10.727776382291875,13.026129696208514,8.122401966038783,12.179431283472615
401761663,14,Marshall,Georgia Southern,fbs,fbs,-5,8.69496829710285,8.947896044203684,9.316077848392055,9.277839551350638,8.651289687685349,8.520253859432552
401761664,14,Old Dominion,Georgia State,fbs,fbs,17,21.73273065810346,23.5505835556195,26.11053194357676,28.7076190641213,23.341958092822317,28.169640396978764
401757314,14,Missouri State,Louisiana Tech,fbs,fbs,-12,-3.6114714790575704,-3.4148974010896396,-4.092623851438409,-4.964615829707418,-4.874470418385581,-8.663467236369526
401757312,14,Jacksonville State,Western Kentucky,fbs,fbs,3,0.570950425933578,-0.14175685096460455,-0.46480213016323013,-0.3325376005277523,0.30209070468741395,-0.5044884590511316
401767420,14,Southern,Grambling,fcs,fcs,1,-18.446365421100673,-18.240306735586724,-19.244611941193465,-20.443190823536703,-18.61103980141513,-19.10506294235854
401836039,14,Harding University,Pittsburg St,ii,ii,16,11.767720209811738,14.173305150436626,17.347503519629033,20.16020540631281,14.475977239511426,22.600748328610685
401836038,14,Indianapolis,Minnesota State Mankato,ii,ii,-8,3.9640331599449397,5.282289499392766,7.233627625320045,8.454992198894018,5.396739060479211,9.694856762082086
401761661,14,App State,Arkansas State,fbs,fbs,-1,2.118588048619424,2.255556462647281,2.1141435033491316,2.1411587205749303,2.229633949798954,2.562771653337551
401767428,14,Mississippi Valley State,Florida A&M,fcs,fcs,4,-4.15518363770334,-4.836268186419224,-5.51885807229416,-6.412779175827859,-4.589527167916657,-5.892557758556684
401754608,14,Syracuse,Boston College,fbs,fbs,-22,7.944953842371826,8.073891640987748,9.154468206897304,10.33368808588573,7.780011383319927,7.285184006164343
401762517,14,Tulsa,UAB,fbs,fbs,-7,3.4812022214379503,4.371631284810018,5.962358740795203,7.4033298213626715,3.2945187893153847,2.73446849294759
401757315,14,New Mexico State,Middle Tennessee,fbs,fbs,-7,7.0402777082002,6.914770660475096,6.774630225116933,6.7569592125432045,6.925865339956678,6.582628235226347
401761665,14,Louisiana,UL Monroe,fbs,fbs,3,10.193682632009466,11.350766190679098,12.054379547881602,12.172331839645864,11.117195870014644,13.887735584030285
401761667,14,Texas State,South Alabama,fbs,fbs,23,8.934067411030318,9.165992739206285,9.781084019148906,10.482654429739382,9.088180896279681,9.550521352027644
401836155,14,UT Permian Basin,Western Colorado,ii,ii,6,-2.017850960618757,-1.2824917889362304,-0.44168837408094674,-0.17797660594310294,-1.9413307404987155,-1.711770080138427
401752789,14,Oklahoma,LSU,fbs,fbs,4,6.45878921573059,5.404194372970345,4.3647013709151,4.438836499786994,6.558764161869426,6.858689000286077
401752918,14,Minnesota,Wisconsin,fbs,fbs,10,6.5735583811271745,7.858579532421082,6.754862387989675,6.6851521209287945,6.722195740263437,7.168107817672116
401752791,14,Tennessee,Vanderbilt,fbs,fbs,-21,1.1922242347369654,2.5625183981652455,2.7772463079878307,2.627628771833301,1.1494940532441333,1.0213035087656408
401761666,14,Southern Miss,Troy,fbs,fbs,-10,7.3553854541721435,7.436917966393782,7.4417689067534845,7.379286047888463,7.390904308097291,7.497460869872917
401756967,14,TCU,Cincinnati,fbs,fbs,22,5.184490021377872,3.375017867754881,3.7261288361529594,4.257844945741272,4.265266398568304,1.507595530139568
401752920,14,Rutgers,Penn State,fbs,fbs,-4,-5.0155217581543035,-6.09636355968874,-7.140104815403795,-8.216277368219,-5.643934253125082,-7.529171738037505
401762441,14,UTSA,Army,fbs,fbs,-3,3.557701612045882,3.5495729346877525,4.814542258722291,6.641394788063273,3.6349124186612514,3.8665448385074868
401754610,14,Duke,Wake Forest,fbs,fbs,17,6.7440639463320835,6.594580791092209,6.113993607206968,6.045320342212328,6.937456320129964,7.517633441523536
401752783,14,Arkansas,Missouri,fbs,fbs,-14,-3.651542440112703,-3.749828258829478,-5.128504587962102,-5.931641167427067,-4.3970805561379045,-6.633694904213705
401752917,14,Washington,Oregon,fbs,fbs,-12,-2.7096358659659074,-5.206692479910949,-6.9578312824043635,-8.343789641215231,-3.9219677342310177,-7.558963339026462
401757313,14,Liberty,Kennesaw State,fbs,fbs,-6,-3.386275443142015,-3.490050281740041,-3.734823464708658,-3.8285785301193584,-3.1640679976556108,-2.497445661196327
401761662,14,Coastal Carolina,James Madison,fbs,fbs,-49,-11.92676753255401,-12.461416981932603,-13.81378339079869,-15.487283566683523,-13.156222286015208,-16.844586546398887
401752785,14,Florida,Florida State,fbs,fbs,19,-0.08036154797485295,-1.8217003849027442,-2.39076050294571,-2.215582741975968,-1.141154106244013,-4.323531781051415
401752946,14,Washington State,Oregon State,fbs,fbs,24,13.080239720531399,11.905321419126174,12.268952621045122,13.008584540392725,12.772317639026548,11.848551394511816
401754613,14,Virginia,Virginia Tech,fbs,fbs,20,16.004720936644063,17.41573297655267,19.03458259464724,20.499636259355523,16.313604756864443,17.240256217525427
401752923,14,Michigan State,Maryland,fbs,fbs,10,-7.142719626161973,-7.301671942120127,-8.150350744066277,-9.055970981611711,-6.611746786550178,-5.0188282677148095
401762520,14,South Florida,Rice,fbs,fbs,49,23.818828459701596,24.117274487576374,26.059790480111076,27.716187276106005,25.049937193487658,28.74326339484596
401752922,14,Illinois,Northwestern,fbs,fbs,7,12.067351754433872,12.29448499828348,12.88750439530261,12.701709793365875,12.270706873609974,12.880772231138295
401762518,14,Tulane,Charlotte,fbs,fbs,27,24.052890284948525,24.03746507652005,24.75970754663285,26.192954443456692,24.36624091874664,25.306292820141056
401752784,14,Auburn,Alabama,fbs,fbs,-7,-5.957288762688602,-7.7205969673572525,-9.276689258395304,-9.920782391112951,-7.045825812120913,-10.311436960417247
401754612,14,NC State,North Carolina,fbs,fbs,23,11.767312363936838,13.12500919390885,14.970153106980444,16.397258523623535,12.318382281011935,13.97159203223707
401752919,14,USC,UCLA,fbs,fbs,19,18.104378147034197,18.564087126842285,19.9188564192424,21.32151524172462,19.564891315389882,23.946430820457138
401754609,14,California,SMU,fbs,fbs,3,-8.857038798125298,-9.445837814761894,-10.267186918962146,-11.194722094867103,-8.66820405822553,-8.101699838526152
401760425,14,Nevada,UNLV,fbs,fbs,-25,-9.231996475328115,-10.618479311101932,-11.89119042618529,-13.60342444887964,-9.415804097973488,-9.967226965909557
401754614,14,Stanford,Notre Dame,fbs,fbs,-29,-22.717780965749757,-22.40529749105649,-22.880642725830636,-23.681048154497834,-23.237939928401648,-24.798416816357378
401760423,14,San José State,Fresno State,fbs,fbs,-27,0.6179152517298565,0.63074913007992,0.2975423880697736,0.04392551701905312,0.2258872502811471,-0.9501967540648515
401760424,14,Hawai'i,Wyoming,fbs,fbs,20,4.498565455674862,4.900343301484572,5.288500066841467,5.378701398629875,4.1959675915518755,3.288173999182902
