id,week,home,away,homeClass,awayClass,actualMargin,baseline,candidate
401773471,2,South Dakota Mines,Michigan Tech,ii,ii,-36,-22.201638612379714,-22.201638612379742
401773700,2,West Virginia Wesleyan,Clarion,ii,ii,-28,-22.462862999782626,-22.462862999782637
401777552,2,East Stroudsburg University,Pace,ii,ii,19,13.808602876944045,13.808602876944052
401773613,2,CSU Pueblo,Fort Hays State,ii,ii,-1,9.28120279056013,9.281202790560148
401754528,2,Louisville,James Madison,fbs,fbs,14,3.7477531055851543,3.7477531055851863
401752817,2,Northwestern,Western Illinois,fbs,fcs,35,7.53618821183977,7.536188211839746
401752826,2,Maryland,Northern Illinois,fbs,fbs,11,7.0633805426137055,7.063380542613704
401760363,2,Boise State,Eastern Washington,fbs,fcs,37,6.744745285532423,6.743757179778417
401773535,2,Angelo State,Emporia State University,ii,ii,21,0.28857910112284735,0.28857910112285623
401752812,2,Indiana,Kennesaw State,fbs,fbs,47,16.50775019551458,16.507750195514575
401754529,2,Pittsburgh,Central Michigan,fbs,fbs,28,9.645070520914318,9.64507052091428
401752693,2,Texas,San José State,fbs,fbs,31,9.884666927023707,9.884666927023718
401752822,2,Iowa State,Iowa,fbs,fbs,3,1.2447990420783626,1.248257412217427
401754525,2,SMU,Baylor,fbs,fbs,-3,9.97521467833082,9.97521467833082
401756885,2,Texas Tech,Kent State,fbs,fbs,48,12.472364912099945,12.472364912099948
401754524,2,NC State,Virginia,fbs,fbs,4,-5.309299350349683,-5.309299350349681
401773104,2,West Virginia State,Wilson,ii,ii,14,0.8476659624002068,0.8476659624001712
401779511,2,Mercyhurst,New Haven,fcs,fcs,34,-0.9035461427805416,-0.903546142780538
401757227,2,Jacksonville State,Liberty,fbs,fbs,10,-5.112901401310965,-5.112901401310927
401767750,2,Duquesne,Lincoln (PA),fcs,ii,41,15.325031030102362,15.325031030102341
401767612,2,Dayton,Thomas More College,fcs,ii,38,9.084837288191778,9.084837288191778
401752813,2,Minnesota,Northwestern State,fbs,fcs,66,22.816447086589548,22.816447086589577
401754618,2,Syracuse,UConn,fbs,fbs,7,-6.822354345779473,-6.822354345779457
401754621,2,Florida State,East Texas A&M,fbs,fcs,74,18.818957078278373,18.818957078278352
401752825,2,Duke,Illinois,fbs,fbs,-26,-1.6252594183387359,-1.6252594183387359
401767658,2,Lehigh,Sacred Heart,fcs,fcs,18,10.045293164831694,10.045293164831707
401773087,2,Johnson C Smith,Valdosta State,ii,ii,12,0.6662710854572993,0.6662710854572902
401752811,2,Penn State,Florida International,fbs,fbs,34,12.238930456395897,12.238930456395911
401752694,2,Texas A&M,Utah State,fbs,fbs,22,8.99518863722232,8.995188637222311
401773114,2,Chowan,West Alabama,ii,ii,-10,-10.742200560996853,-10.74220056099681
401773927,2,Emory & Henry College,Catawba,ii,ii,28,10.70166214200815,10.701662142008164
401773658,2,Bluefield State,Concord University,ii,ii,7,-9.380075297635061,-9.380075297635043
401767332,2,Delaware State,UAlbany,fcs,fcs,5,-9.185299101482787,-9.185299101482784
401769891,2,Butler,Truman State,fcs,ii,10,-0.5700548484420844,-0.5700548484420853
401767231,2,Tennessee Tech,Chattanooga,fcs,fcs,28,-1.1606717422751307,-1.1507906847349296
401767719,2,Georgetown,Wagner,fcs,fcs,11,8.662129365735396,8.661141259981388
401767172,2,Indiana State,Eastern Illinois,fcs,fcs,24,-0.27519026241051536,-0.27519026241051314
401769067,2,Merrimack,St. Anselm,fcs,ii,25,3.040462296317395,3.04046229631742
401767771,2,Stonehill,Lafayette,fcs,fcs,-16,-7.944117803174928,-7.944117803174937
401767626,2,Marist,Bucknell,fcs,fcs,-11,0.10721995291207076,0.10721995291206188
401773692,2,West Liberty,Seton Hill,ii,ii,-21,-10.14032939872799,-10.140329398727978
401767587,2,VMI,Ferrum,fcs,ii,35,16.482755860867833,16.482755860867854
401767565,2,Furman,Presbyterian,fcs,fcs,-1,-0.1937454374772547,-0.1937454374772345
401773972,2,Kentucky State,Albany State GA,ii,ii,-28,-9.922572851262844,-9.922572851262894
401773732,2,Winona State,Bemidji State,ii,ii,4,-5.318383758654132,-5.318383758654139
401767550,2,Youngstown State,Robert Morris,fcs,fcs,39,6.9961013503054605,6.996101350305457
401773489,2,Saginaw Valley State,Gannon,ii,ii,21,5.694995394606316,5.694995394606319
401762462,2,Temple,Howard,fbs,fcs,48,12.432616552692702,12.432616552692693
401773751,2,Minnesota State Mankato,Minot State,ii,ii,18,15.408928808389287,15.408928808389295
401773640,2,Washburn,Northwest Missouri St,ii,ii,-27,0.16302163265496894,0.1630216326549796
401754620,2,Wake Forest,Western Carolina,fbs,fcs,32,6.1450138909773,6.145013890977274
401767224,2,Tennessee State,North Dakota State,fcs,fcs,-56,-13.906599557982048,-13.906599557982027
401760366,2,New Mexico,Idaho State,fbs,fcs,10,8.161634095725109,8.15789531719639
401752686,2,Kentucky,Ole Miss,fbs,fbs,-7,-8.345503818080529,-8.345503818080518
401761596,2,App State,Lindenwood,fbs,fcs,7,19.438060589662772,19.43806058966274
401767579,2,Samford,The Citadel,fcs,fcs,-27,-3.0727082586216214,-3.072708258621632
401756880,2,Cincinnati,Bowling Green,fbs,fbs,14,-1.7535950597708485,-1.7535950597708094
401752692,2,Tennessee,East Tennessee State,fbs,fcs,55,9.530312445818517,9.530312445818518
401752815,2,Ohio State,Grambling,fbs,fcs,70,18.53337476501641,18.533374765016408
401762461,2,Western Michigan,North Texas,fbs,fbs,-3,-11.152718229878161,-11.152718229878154
401752689,2,Missouri,Kansas,fbs,fbs,11,-1.3488786683646907,-1.3523370385037552
401762458,2,Navy,UAB,fbs,fbs,14,9.06789648845345,9.067896488453492
401762816,2,Massachusetts,Bryant,fbs,fcs,-1,1.6706884750686815,1.670688475068669
401752824,2,Oregon,Oklahoma State,fbs,fbs,66,10.61265440997766,10.612654409977655
401761603,2,UTSA,Texas State,fbs,fbs,-7,-11.535856197802612,-11.535856197802614
401762794,2,Buffalo,St. Francis (PA),fbs,fcs,39,14.645996359448683,14.645996359448706
401754622,2,Georgia Tech,Gardner-Webb,fbs,fcs,47,10.625360921760349,10.625360921760347
401756881,2,Colorado,Delaware,fbs,fbs,24,4.661469006592855,4.661469006592874
401752685,2,Georgia,Austin Peay,fbs,fcs,22,15.67655863819634,15.676558638196324
401752937,2,Oregon State,Fresno State,fbs,fbs,-9,-7.015321678058344,-7.018780048197443
401754637,2,Clemson,Troy,fbs,fbs,11,1.6064343865471518,1.6054462807931156
401752818,2,Rutgers,Miami (OH),fbs,fbs,28,7.268061324623698,7.26806132462368
401752820,2,Wisconsin,Middle Tennessee,fbs,fbs,32,19.576298626716557,19.57629862671655
401756883,2,Ohio,West Virginia,fbs,fbs,7,-5.817769416183822,-5.817769416183829
401767089,2,Idaho,St. Thomas (MN),fcs,fcs,7,2.459174020596409,2.4591740205963912
401774024,2,Edward Waters,Miles College,ii,ii,32,1.3297012806003092,1.3297012806002932
401760367,2,Wyoming,Northern Iowa,fbs,fcs,24,1.2587325722161529,1.2587325722161378
401752684,2,Florida,South Florida,fbs,fbs,-2,0.94328507274491,0.9432850727448958
401767112,2,Northern Arizona,Utah Tech,fcs,fcs,7,2.67969978078928,2.679699780789287
401752682,2,Arkansas,Arkansas State,fbs,fbs,42,3.5304667107068948,3.53046671070687
401760365,2,Nevada,Sacramento State,fbs,fcs,3,2.67667808755996,2.6766780875599183
401761602,2,Southern Miss,Jackson State,fbs,fcs,18,-9.385558812906147,-9.38555881290617
401767189,2,William & Mary,Maine,fcs,fcs,1,3.022615305343461,3.0226153053434563
401767404,2,Norfolk State,Virginia St,fcs,ii,3,-9.522919146983192,-9.522919146983185
401767277,2,Eastern Kentucky,Houston Christian,fcs,fcs,10,-3.8561136198722052,-3.8561136198721924
401767180,2,Hampton,Elizabeth City State,fcs,ii,7,16.39879243590965,16.398792435909627
401767266,2,New Hampshire,Holy Cross,fcs,fcs,3,5.160082044549252,5.161070150303264
401773142,2,Savannah St,Shorter,ii,ii,13,-1.2842408688079843,-1.284240868808002
401773094,2,Allen,Livingstone,ii,ii,-11,0.3741839993947025,0.37418399939475044
401767593,2,Wofford,Richmond,fcs,fcs,-4,-1.0844678783111479,-1.084467878311135
401767149,2,Elon,Davidson,fcs,fcs,48,12.833794485289477,12.833794485289463
401754530,2,California,Texas Southern,fbs,fcs,32,17.792628832812746,17.79262883281273
401762459,2,East Carolina,Campbell,fbs,fcs,53,8.683594563810438,8.683594563810459
401773704,2,Wheeling,Walsh,ii,ii,-16,-14.912261312582139,-14.91226131258215
401762460,2,Florida Atlantic,Florida A&M,fbs,fcs,42,-2.0152434717877568,-2.015243471787765
401761599,2,Old Dominion,North Carolina Central,fbs,fcs,48,7.42832555126741,7.42486718112832
401756887,2,Utah,Cal Poly,fbs,fcs,54,12.425267179437537,12.425267179437528
401773950,2,Greeneville,Lenoir-Rhyne,ii,ii,-21,-1.1085604625182643,-1.1085604625182413
401773080,2,UNC Pembroke,Fayetteville State,ii,ii,7,-0.16943619266587717,-0.16943619266586474
401767317,2,Stony Brook,Rhode Island,fcs,fcs,-14,-11.365566439611534,-11.36556643961155
401767257,2,Fordham,Monmouth,fcs,fcs,-21,-9.940975929012943,-9.940975929012936
401757228,2,Marshall,Missouri State,fbs,fbs,-1,4.702920954272816,4.702920954272804
401760364,2,Colorado State,Northern Colorado,fbs,fcs,4,5.503600566609368,5.503600566609369
401761598,2,Georgia State,Memphis,fbs,fbs,-22,-17.331423076756455,-17.331423076756433
401767379,2,Central Arkansas,Arkansas-Pine Bluff,fcs,fcs,24,10.087919183434618,10.087919183434634
401773798,2,Wayne State (NE),University of Mary,ii,ii,35,16.727625586002834,16.717744528462617
401774012,2,Tuskegee,Central State (OH),ii,ii,33,11.380884558591253,11.38088455859125
401767216,2,Southeast Missouri State,North Alabama,fcs,fcs,9,4.077670980362679,4.076602757925844
401767432,2,Prairie View A&M,UT Rio Grande Valley,fcs,fcs,-6,7.366996073745924,7.3373529011252545
401767437,2,Illinois State,Morehead State,fcs,fcs,28,3.9450801032527525,3.945080103252762
401769868,2,Nicholls,West Georgia,fcs,fcs,-24,-7.900694537452926,-7.897236167313844
401767455,2,Murray State,SE Louisiana,fcs,fcs,-21,-4.634538929228823,-4.634538929228825
401767482,2,Lamar,South Dakota,fcs,fcs,7,-7.743356020920817,-7.744344126674822
401767309,2,Alabama A&M,Alcorn State,fcs,fcs,10,1.164572615726609,1.1645726157266116
401757232,2,Toledo,Western Kentucky,fbs,fbs,24,-7.8412876112053365,-7.845026389734059
401756884,2,Rice,Houston,fbs,fbs,-26,-6.745444133486021,-6.745444133485973
401767328,2,Morgan State,Towson,fcs,fcs,-5,-11.46309379013912,-11.463093790139116
401767127,2,North Dakota,Portland State,fcs,fcs,30,13.660097578668523,13.657627314283452
401767304,2,Tarleton State,Mississippi Valley State,fcs,fcs,56,24.538560533535133,24.541030797920172
401773424,2,Northeastern State,Missouri S&T,ii,ii,-3,12.852289308929569,12.842408251389358
401773462,2,Grand Valley State University,Black Hills State,ii,ii,12,17.349697924218837,17.349697924218844
401756886,2,UCF,North Carolina A&T,fbs,fcs,61,15.485030766401279,15.485030766401263
401762795,2,Eastern Michigan,Long Island University,fbs,fcs,-5,4.521355515797552,4.521355515797522
401754527,2,Charlotte,North Carolina,fbs,fbs,-17,-2.275626921460718,-2.275626921460737
401767359,2,Southern,Alabama State,fcs,fcs,-23,-6.441329748734935,-6.437871378595832
401756882,2,Kansas State,Army,fbs,fbs,-3,0.9081876253978152,0.9106578897828843
401752691,2,South Carolina,South Carolina State,fbs,fcs,28,13.840035899227054,13.840035899227043
401761601,2,South Alabama,Tulane,fbs,fbs,-2,-5.691477317492092,-5.691477317492099
401754641,2,Miami,Bethune-Cookman,fbs,fcs,42,26.54312563862242,26.54312563862245
401752683,2,Auburn,Ball State,fbs,fbs,39,17.89729022778352,17.897290227783532
401752688,2,Mississippi State,Arizona State,fbs,fbs,4,-6.44915939428749,-6.449159394287452
401752687,2,LSU,Louisiana Tech,fbs,fbs,16,5.936543058708466,5.936543058708507
401752816,2,Michigan State,Boston College,fbs,fbs,2,-1.5298493099566546,-1.5298493099566937
401752814,2,USC,Georgia Southern,fbs,fbs,39,18.852833614413754,18.851845508659753
401752819,2,Purdue,Southern Illinois,fbs,fcs,17,6.004858467098542,6.004858467098538
401773775,2,Concordia University St Paul,Minnesota Duluth,ii,ii,-54,-26.275659326445506,-26.27565932644549
401761597,2,Coastal Carolina,Charleston Southern,fbs,fcs,13,6.7589937489185825,6.758993748918621
401752810,2,Nebraska,Akron,fbs,fbs,68,11.254470950100966,11.254470950100972
401752690,2,Oklahoma,Michigan,fbs,fbs,11,0.8575621686532173,0.8575621686531925
401752695,2,Virginia Tech,Vanderbilt,fbs,fbs,-24,-7.106417948949062,-7.106417948949044
401752681,2,Alabama,UL Monroe,fbs,fbs,73,-2.7055535270324533,-2.7055535270324533
401761600,2,Louisiana,McNeese,fbs,fcs,24,2.6180506087093827,2.6180506087093764
401752823,2,UNLV,UCLA,fbs,fbs,7,6.913924359310556,6.918464304666845
401773546,2,Colorado Mesa,Eastern New Mexico,ii,ii,21,3.341106312858493,3.3411063128584786
401767105,2,Montana State,South Dakota State,fcs,fcs,-6,-8.303291990071726,-8.303291990071711
401773595,2,Central Oklahoma,Pittsburg St,ii,ii,3,-4.5204779422867105,-4.520477942286732
401773586,2,New Mexico Highlands,Western New Mexico,ii,ii,14,-0.6279377549367435,-0.6279377549367524
401773556,2,Midwestern State,Western Colorado,ii,ii,-25,-18.270025188273177,-18.270025188273188
401767238,2,Abilene Christian,Stephen F. Austin,fcs,fcs,8,-0.4664190365247376,-0.46641903652473893
401773573,2,Adams State,UT Permian Basin,ii,ii,-34,-23.619792200254324,-23.61979220025431
401767292,2,San Diego,Southern Utah,fcs,fcs,3,-15.402701404846523,-15.403769627283289
401773634,2,Nebraska-Kearney,Chadron St,ii,ii,20,15.838521745832388,15.83852174583239
401757229,2,New Mexico State,Tulsa,fbs,fbs,7,-4.305665502359208,-4.305665502359233
401757231,2,UTEP,UT Martin,fbs,fcs,25,-1.3203302692394396,-1.3203302692394294
401756879,2,Arizona,Weber State,fbs,fcs,45,18.95699940790387,18.95775948925312
401752948,2,Washington State,San Diego State,fbs,fbs,23,-0.5998187436329392,-0.5998187436329516
401754526,2,BYU,Stanford,fbs,fbs,24,14.013599201915309,14.013827226320085
401752821,2,Washington,UC Davis,fbs,fcs,60,7.91371206553837,7.913712065538379
401757230,2,Hawai'i,Sam Houston,fbs,fbs,17,-0.13764336966209467,-0.13952303029606483
401754531,3,Wake Forest,NC State,fbs,fbs,-10,-4.305056891160632,-4.305050824962471
401773362,3,Harding University,Southwestern Oklahoma State,ii,ii,55,25.500543389578016,25.500543389578013
401773995,3,Clark Atlanta,Fort Valley State,ii,ii,5,2.033930949386636,2.0351414115649265
401777559,3,Central Missouri,CSU Pueblo,ii,ii,-5,-1.570336411912887,-1.5722791513665983
401773332,3,Arkansas Tech,Northwestern Oklahoma State,ii,ii,44,13.079507860414944,13.079507860414974
401752836,3,Indiana,Indiana State,fbs,fcs,73,14.878243535318827,14.878469999140025
401754532,3,Syracuse,Colgate,fbs,fcs,42,15.933311505548716,15.933820455672375
401756893,3,Houston,Colorado,fbs,fbs,16,2.2507947349696664,2.2507826154003006
401756888,3,Arizona,Kansas State,fbs,fbs,6,5.340235454120727,5.330738552205489
401752837,3,UCLA,New Mexico,fbs,fbs,-25,0.9249051414392184,0.9181598212453093
401773707,3,American International,Assumption,ii,ii,-18,-8.987639634209815,-8.987140288956615
401774219,3,Apprentice School,North Carolina Wesleyan,iii,iii,-33,-15.480939634301855,-15.480939634301894
401773100,3,Ferrum,Shaw,ii,ii,8,-12.59232493688969,-12.590536424230917
401773058,3,Winston-Salem,Lincoln (PA),ii,ii,37,19.251880051981544,19.251339608385678
401754623,3,Georgia Tech,Clemson,fbs,fbs,3,4.714613591027213,4.714550369571384
401756891,3,Baylor,Samford,fbs,fcs,35,23.367056171160314,23.366992418758244
401776788,3,Alma,Denison University,iii,iii,26,1.8970138246766712,1.897013824676658
401752696,3,Alabama,Wisconsin,fbs,fbs,24,-0.22663772013049766,-0.22663784219501082
401774037,3,St John Fisher University,St. Lawrence,iii,iii,5,4.633990956342132,4.633990956342115
401773810,3,PennWest California,West Chester,ii,ii,2,2.227661702482232,2.2281610062795316
401773267,3,Hilbert College,Alfred State,iii,iii,-36,-4.936110437002924,-4.936110437002874
401774159,3,Kenyon,Wisconsin-Eau Claire,iii,iii,-29,-14.143538227788849,-14.143538227788842
401773800,3,Seton Hill,Bloomsburg,ii,ii,3,-4.046763000428809,-2.678842781508942
401774045,3,Cortland,Union (NY),iii,iii,24,9.441570107849433,9.441570107849389
401752703,3,Temple,Oklahoma,fbs,fbs,-39,-7.871140403795678,-7.871031104247194
401767742,3,Central Connecticut,St. Francis (PA),fcs,fcs,24,13.23129093047469,13.230743918244311
401767659,3,Long Island University,Sacred Heart,fcs,fcs,-3,3.5779874660015887,4.257714350542202
401754619,3,Virginia,William & Mary,fbs,fcs,39,14.83187130974183,14.83190938049145
401774052,3,SUNY Morrisville,University of Rochester (NY),iii,iii,-16,-5.9283077922802745,-5.928307792280274
401777996,3,Endicott College,Muhlenberg,iii,iii,-8,-9.760675451015718,-9.76067545101575
401774300,3,Springfield,Husson,iii,iii,32,2.604846412230458,2.6048464122304216
401767733,3,Duquesne,Lehigh,fcs,fcs,-14,-8.150101885571669,-7.968035602581378
401773233,3,Findlay,Wayne State (MI),ii,ii,4,16.944140524205856,16.945977345769485
401773277,3,Anna Maria College,Framingham State,iii,iii,-6,5.702957990860398,5.702957990860408
401773287,3,Dean College,Mass Maritime,iii,iii,-28,-14.471153451013048,-14.471153451013056
401773296,3,Alfred University,Ithaca College,iii,iii,-31,6.033900430215878,6.033900430215917
401773686,3,Millersville,Glenville State,ii,ii,-16,-1.497318551746341,-1.4987130544876521
401774092,3,Susquehanna,Bridgewater (VA),iii,iii,39,16.486907816020082,16.486907816020064
401774099,3,Brockport,Hobart College,iii,iii,4,6.800259260658361,6.800259260658378
401774131,3,Castleton,Norwich,iii,iii,22,2.8412366297096305,2.8412366297096305
401774321,3,College Of New Jersey,Wilkes,iii,iii,14,-1.7654015402545613,-1.765401540254599
401774398,3,Bluffton,Albion,iii,iii,-6,-4.042194081274205,-4.042194081274211
401776994,3,Misericordia,Albright,iii,iii,21,0.3310939140024516,0.3310939140024409
401777780,3,Buffalo State,Hartwick,iii,iii,-2,-6.155749104969011,-6.155749104968999
401752839,3,Michigan,Central Michigan,fbs,fbs,60,14.107892896217216,14.107490743607627
401752838,3,Maryland,Towson,fbs,fcs,27,10.828823158161212,10.828831695298604
401752831,3,Northwestern,Oregon,fbs,fbs,-20,-18.617210763604675,-18.57169340638721
401752828,3,Nebraska,Houston Christian,fbs,fcs,52,19.34703480859475,19.396379320564062
401778014,3,Salve Regina,Western New England,iii,iii,6,1.5837722596535597,1.5837722596535393
401783338,3,Eastern University,Reading,iii,iii,10,13.222859235756333,13.222859235756356
401762817,3,Kent State,Buffalo,fbs,fbs,-3,-10.31889838279479,-10.318894819987458
401774073,3,Johns Hopkins University,John Carroll University,iii,iii,14,9.250468622550542,9.250468622550525
401761608,3,Troy,Memphis,fbs,fbs,-21,-10.422766701828806,-10.426874621077905
401752697,3,Auburn,South Alabama,fbs,fbs,16,6.884204111679125,6.884204297819583
401776802,3,Kalamazoo,Bethany (WV),iii,iii,43,11.855493599357471,11.855493599357485
401776984,3,Lebanon Valley,FDU-Florham,iii,iii,24,4.075978321562156,4.075978321562161
401777103,3,Wooster,Saint Vincent,iii,iii,14,-10.240461946850084,-10.240461946850091
401776794,3,Calvin University,Concordia-Wisconsin,iii,iii,27,-1.0032971917714288,-1.00329719177142
401773834,3,Gannon,East Stroudsburg University,ii,ii,-47,-9.047863514132276,-10.474954415763646
401774422,3,Manchester,Concordia University Chicago,iii,iii,-21,-8.003604951496683,-8.003604951496662
401774429,3,Mount St. Joseph,Aurora,iii,iii,-7,3.5123536106480158,3.512353610648053
401778001,3,Coast Guard,Curry College,iii,iii,10,-4.073918573989166,-4.073918573989181
401783308,3,Rowan,Moravian,iii,iii,56,4.129875984373458,4.1298759843735
401804601,3,SUNY Maritime,Anderson (IN),iii,iii,48,9.774753793289532,9.774753793289527
401767648,3,Northern Michigan,St. Thomas (MN),ii,fcs,-13,-16.324565433106606,-16.32525141472202
401777775,3,Nichols College,Merchant Marine Academy,iii,iii,-32,-18.385425909311238,-18.385425909311294
401773445,3,Truman State,Davenport,ii,ii,1,-9.366903813231524,-8.9572994927751
401767627,3,Wagner,Marist,fcs,fcs,-11,4.063080739929674,4.063521360678996
401752702,3,Missouri,Louisiana,fbs,fbs,42,10.993475238190769,10.993915844879481
401773130,3,UNC Pembroke,Delta State,ii,ii,4,-15.764911558400954,-15.764540661739094
401767232,3,Tennessee Tech,Davidson,fcs,fcs,58,30.58663040545632,30.5920139076488
401767720,3,Georgetown,Lafayette,fcs,fcs,-5,5.633067771476641,3.0972480830499354
401767351,3,Howard,Morehouse College,fcs,ii,28,12.937192774617486,12.939000394782752
401783304,3,Montclair State,Lycoming,iii,iii,3,-3.296707105362124,-3.29670710536214
401773243,3,Hillsdale,Michigan Tech,ii,ii,-13,-9.246071115835544,-9.247867040442491
401773819,3,Clarion,Shippensburg,ii,ii,7,14.585990588248592,14.55973300915394
401773828,3,Edinboro University,Kutztown University,ii,ii,-34,-13.459389680845721,-13.458890333565584
401777228,3,Hampden-Sydney,Washington & Jefferson,iii,iii,7,11.002566360777637,11.00256636077763
401774063,3,Franklin & Marshall,Westminster (PA),iii,iii,-20,6.383131267485805,6.383131267485792
401774082,3,Juniata College,Allegheny,iii,iii,2,6.158495861068889,6.158495861068937
401783344,3,Delaware Valley,Kings College (PA),iii,iii,42,-8.019204185546537,-8.019204185546503
401783356,3,Stevenson,Widener,iii,iii,16,-3.446483386505232,-3.4464833865052578
401773115,3,Chowan,Valdosta State,ii,ii,-53,-8.716877787866348,-8.716731599673782
401777620,3,Dickinson (PA),Waynesburg,iii,iii,33,10.884697617531495,10.884697617531561
401773987,3,Central State (OH),Benedict College,ii,ii,-10,-14.688025317005613,-14.686267216366094
401777135,3,Wittenberg,Washington and Lee,iii,iii,3,-5.237789077377384,-5.237789077377389
401774287,3,Gettysburg,Christopher Newport,iii,iii,-35,-15.79086114891556,-15.790861148915559
401776977,3,Biddeford,Worcester Polytechnic Institute,iii,iii,38,3.3125921665983054,3.3125921665983302
401774314,3,Ursinus,Kean,iii,iii,28,14.012520793642764,14.01252079364276
401777206,3,Grove City College,University of Mount Union,iii,iii,-35,-5.388507159051019,-5.388507159051067
401773936,3,Mars Hill,Carson-Newman College,ii,ii,7,-7.704679957071889,-7.70468073634718
401773088,3,Elizabeth City State,Johnson C Smith,ii,ii,-4,-23.42639397919347,-23.425847127065623
401777109,3,Wabash College,Case Western Reserve,iii,iii,10,7.548425406346926,7.548425406346907
401776775,3,Adrian,Thiel,iii,iii,76,14.803854497780408,14.804207732696497
401769892,3,Hanover College,Butler,iii,fcs,-9,-12.793368636719642,-12.795916141104403
401774408,3,Franklin,Hope College,iii,iii,-24,-17.374543063376414,-17.37454306337642
401777175,3,Baldwin Wallace,Wilmington (OH),iii,iii,42,6.934682344125512,6.934682344125505
401767318,3,Holy Cross,Rhode Island,fcs,fcs,-2,-4.317058667732997,-4.31697911553017
401773917,3,Anderson (Sc),Greeneville,ii,ii,30,9.925458447557503,9.924957314717933
401773793,3,Jamestown College,Southwest Minnesota State,ii,ii,-5,-2.2878328778004686,-2.2879388482752674
401773733,3,Bemidji State,Sioux Falls,ii,ii,-33,-10.302925262988584,-10.30237976939991
401773646,3,Colorado School Of Mines,Washburn,ii,ii,14,8.790366918001698,8.835424274045797
401773525,3,West Alabama,University Of Charleston (WV),ii,ii,4,-1.9601386331477109,-1.960138488489232
401773166,3,Indianapolis,Ashland,ii,ii,7,-3.504784076459403,-3.498355200986655
401773073,3,Edward Waters,Virginia Union,ii,ii,3,-5.095447959419542,-5.093807940166236
401766656,3,Knox College,Ripon,iii,iii,-43,-2.0307328188073406,-2.030732818807298
401766654,3,Cornell College (IA),Chicago,iii,iii,-16,-3.805577209553551,-3.8055772095535154
401774450,3,Huntingdon College (AL),Hendrix College,iii,iii,-2,-1.0079463388043202,-1.0079463388042953
401767120,3,South Dakota,Northern Colorado,fcs,fcs,7,1.2946943070187862,1.2949673697338735
401762818,3,Ball State,New Hampshire,fbs,fcs,5,-12.375403478845298,-12.37570038661131
401773186,3,Martin Luther,Luther,iii,iii,34,13.173910607514342,13.173910607514319
401774236,3,Ohio Wesleyan,Maryville College (TN),iii,iii,-24,-3.4941054999160026,-3.4941054999159844
401773036,3,Central College,Randolph-Macon,iii,iii,10,-8.661969143416192,-8.661969143416183
401773743,3,Minnesota State Moorhead,Winona State,ii,ii,24,8.338089072052103,8.33741081245533
401774246,3,Sewanee,Brevard College,iii,iii,-16,11.106661914533458,11.106661914533467
401774189,3,Wisconsin-Stevens Pt,St. Norbert,iii,iii,24,8.532141708561177,8.532141708561197
401777768,3,New England College,MIT,,iii,-55,-40.747127712162296,-40.733351550434875
401766653,3,Monmouth (IL),Lawrence University,iii,iii,71,13.738707572666751,13.738707572666767
401766655,3,Grinnell,Beloit,iii,iii,24,-0.08376740438069419,-0.08376740438072616
401766657,3,Illinois College,Lake Forest College,iii,iii,3,5.16072708083438,5.160727080834376
401773045,3,Wisconsin-River Falls,Coe College,iii,iii,12,6.35130733272838,6.351307332728392
401773205,3,Crown College,Simpson College (IA),iii,iii,-38,-9.974673931655651,-9.97467393165567
401773207,3,Wisconsin-Stout,Wartburg,iii,iii,-16,-2.244056200690988,-2.2440562006909786
401773156,3,Buena Vista,Wisconsin-Lutheran,iii,iii,11,-6.908584247153549,-6.908584247153527
401773440,3,Roosevelt,Southwest Baptist,ii,ii,-6,8.386212113790613,8.433090020658327
401777732,3,McDaniel College,Salisbury,iii,iii,-55,-22.072963479530486,-22.07296347953052
401777034,3,Lakeland,Greenville,iii,iii,-1,2.0475950424551215,2.047595042455118
401773191,3,Nebraska Wesleyan,Mayville State,iii,,-7,-0.19272185716848966,-0.19272185716845058
401783914,3,Bridgewater State,Westfield State,iii,iii,13,2.942945416389943,2.942945416389911
401773565,3,Northwest Missouri St,Texas A&M-Kingsville,ii,ii,29,7.593832573548137,7.595674232985908
401767150,3,Western Carolina,Elon,fcs,fcs,-6,-5.2697451603439305,-5.269749250548712
401773393,3,Southern Nazarene,Southern Arkansas,ii,ii,-8,-22.507168750426175,-22.507168750426207
401773752,3,Minot State,Concordia University St Paul,ii,ii,-6,11.846538824851955,11.846686093551149
401757168,3,Delaware,UConn,fbs,fbs,3,-10.11142144625356,-10.11126876495864
401767421,3,Jackson State,Tuskegee,fcs,ii,30,4.9805203171857295,4.980674932757347
401767106,3,Montana State,San Diego,fcs,fcs,34,9.121904754033022,9.110271644047081
401767341,3,Delaware State,Bowie State,fcs,ii,22,-3.829806892300046,-3.827489391020464
401767098,3,Montana,North Dakota,fcs,fcs,1,2.4748259553777068,2.472533702414239
401773768,3,University of Mary,Augustana University (SD),ii,ii,-1,-23.905007069077584,-23.8989049391706
401767173,3,Eastern Illinois,Illinois State,fcs,fcs,-12,-8.541271008286326,-8.541278473195774
401752833,3,Rutgers,Norfolk State,fbs,fcs,50,22.1446568646416,22.144667400634074
401752835,3,Penn State,Villanova,fbs,fcs,46,20.19109489801968,20.192818160609356
401752705,3,Tennessee,Georgia,fbs,fbs,-3,0.9233793685067546,0.9233673206011979
401762467,3,UTSA,Incarnate Word,fbs,fcs,28,4.667178302749143,4.679136415714364
401762819,3,Toledo,Morgan State,fbs,fcs,60,15.194497108157904,15.966270493420453
401752938,3,Texas Tech,Oregon State,fbs,fbs,31,15.390847492114794,15.390519951591681
401773911,3,Upper Iowa University,South Dakota Mines,ii,ii,44,4.2081075449036405,4.205811720400163
401752832,3,Purdue,USC,fbs,fbs,-16,-7.461342787902463,-7.461422158561412
401752949,3,North Texas,Washington State,fbs,fbs,49,-2.980082741311083,-2.9800612689343744
401754638,3,West Virginia,Pittsburgh,fbs,fbs,7,-9.882644543193678,-9.88264323127732
401767141,3,Campbell,Furman,fcs,fcs,-4,-7.272607737193675,-7.272460841664326
401767322,3,Stony Brook,Fordham,fcs,fcs,23,3.355280044865032,3.3553192853734286
401767217,3,North Dakota State,Southeast Missouri State,fcs,fcs,27,22.336857841837688,22.386025083862364
401767588,3,Bucknell,VMI,fcs,fcs,7,-0.8358544840899265,-0.8364059481962669
401752834,3,Michigan State,Youngstown State,fbs,fcs,17,7.103158592456291,7.103160134082099
401754615,3,Missouri State,SMU,fbs,fbs,-18,-11.276971184101024,-11.27694996832561
401754639,3,North Carolina,Richmond,fbs,fcs,35,1.0630178066879576,1.1112548129009578
401756892,3,Cincinnati,Northwestern State,fbs,fcs,70,23.37259494064592,23.554732157397098
401777003,3,UMass Dartmouth,Fitchburg State,iii,iii,1,-0.4656787516675287,-0.46567875166752337
401767090,3,Idaho,Utah Tech,fcs,fcs,14,14.424171335319521,14.424170447854998
401777191,3,Ohio Northern,Heidelberg,iii,iii,20,-8.972938742989907,-8.972938742989871
401777153,3,Willamette,Pacific (OR),iii,iii,-42,-9.44371122351862,-9.443711223518617
401767161,3,Charleston Southern,Lindenwood,fcs,fcs,-7,-3.359044094963625,-3.359051601730966
401777139,3,Lewis & Clark College,NEWBERG,iii,iii,28,10.554336207748545,10.554336207748523
401773840,3,Indiana-Pennsylvania,Lock Haven University,ii,ii,32,2.6238544134161037,2.6233550597997706
401756890,3,Arkansas State,Iowa State,fbs,fbs,-8,-13.540172433481427,-13.554597851641148
401773705,3,Lake Erie,Wheeling,ii,ii,-4,3.719442478768258,3.8239472050963563
401752706,3,Texas,UTEP,fbs,fbs,17,15.838272691103747,15.20425871294626
401767225,3,Tennessee State,Alabama A&M,fcs,fcs,-2,1.270110533477844,1.2710575311353036
401754535,3,Miami,South Florida,fbs,fbs,37,-1.5199629446064264,-1.5205338534312212
401767060,3,Northern Iowa,Eastern Washington,fcs,fcs,3,9.121965224602107,9.12283879640845
401773782,3,Minnesota Duluth,Minnesota State Mankato,ii,ii,3,-2.2933251162938433,-2.2933657800595775
401757256,3,Bowling Green,Liberty,fbs,fbs,10,0.3977899653324979,1.0772847097837008
401773463,3,Pittsburg St,Grand Valley State University,ii,ii,3,-8.150325851673136,-8.150433405740797
401767360,3,Alabama State,Miles College,fcs,ii,28,17.25086054580864,17.251721944520526
401757258,3,Nevada,Middle Tennessee,fbs,fbs,-1,9.347551211278772,9.347313644329784
401773716,3,Franklin Pierce,Pace,ii,ii,24,13.144148293110781,13.141999158738747
401773928,3,Catawba,UVA Wise,ii,ii,10,7.925413751612608,7.92592386266527
401773980,3,Allen,Lane College,ii,ii,8,-2.4512355810513817,-2.449440214222575
401777301,3,LYONCOLL,Little Rock,iii,,-1,-6.507737497148852,-6.508233737207302
401767380,3,Arkansas-Pine Bluff,Lincoln (CA),fcs,ii,26,16.370347189345548,16.371056881185275
401761606,3,Marshall,Eastern Kentucky,fbs,fcs,31,1.3158864630023768,1.316080987057802
401757235,3,Kennesaw State,Merrimack,fbs,fcs,14,-1.865105839229539,-1.8650743811476937
401767300,3,West Georgia,East Tennessee State,fcs,fcs,4,4.953003306196088,4.953243956408167
401767573,3,Mercer,Wofford,fcs,fcs,1,4.2952386761873385,4.306513982864811
401767762,3,Robert Morris,West Liberty,fcs,ii,14,14.802017819764378,16.282323776727658
401767529,3,Chattanooga,Stetson,fcs,fcs,63,5.560243861489351,5.563741170970771
401773944,3,Lenoir-Rhyne,Emory & Henry College,ii,ii,3,-11.56260820075661,-11.562611134602848
401774058,3,Utica,Rensselaer,iii,iii,27,0.6243383790118839,0.6243383790118773
401767030,3,Bryant,Bentley,fcs,ii,36,3.205282378202461,3.2075783927008032
401757233,3,Florida International,Florida Atlantic,fbs,fbs,10,1.4271175683741326,1.4270598278811022
401774228,3,Methodist,Guilford College,iii,iii,-2,-1.2645752308598652,-1.2645752308598617
401773490,3,Saginaw Valley State,Northwood (MI),ii,ii,-24,0.7781696603463568,2.275366111606754
401773864,3,Slippery Rock,Shepherd,ii,ii,7,10.936067523737073,10.935714288820968
401777086,3,Hiram College,Oberlin,iii,iii,37,3.5007549425538222,3.5007549425537867
401774209,3,Averett,Southern Virginia,iii,iii,-32,-8.177563412090658,-8.177563412090645
401778030,3,Westminster College (MO),Eureka College,iii,iii,23,-0.20280299614125852,-0.2028029961412514
401773509,3,Ferris State,Tiffin,ii,ii,7,6.28853381772446,6.2902815219046975
401752701,3,Mississippi State,Alcorn State,fbs,fcs,63,25.24854445089238,25.24879767309249
401783234,3,Wingate,Bluefield State,ii,ii,65,23.626039846634175,23.624252938700003
401767411,3,North Carolina Central,Fayetteville State,fcs,ii,30,8.707480045963269,8.70941189559947
401762464,3,Charlotte,Monmouth,fbs,fcs,7,-10.175992635958792,-10.175992665542594
401767190,3,Maine,Stonehill,fcs,fcs,-3,11.05840041072273,13.594288248780039
401767388,3,South Carolina State,Bethune-Cookman,fcs,fcs,14,11.523428428240727,11.520077223636882
401783278,3,UAlbany,New Haven,fcs,fcs,-7,8.940642028961022,8.940761532444075
401762466,3,Rice,Prairie View A&M,fbs,fcs,21,6.593590628790636,6.591554188723757
401761607,3,Southern Miss,App State,fbs,fbs,16,-5.1995954908894895,-5.199556880012851
401767235,3,UT Martin,Southern Illinois,fcs,fcs,-27,-9.628017595538237,-10.261991435416554
401752829,3,Illinois,Western Michigan,fbs,fbs,38,19.189423421492357,19.18941882998575
401767426,3,SE Louisiana,Mississippi Valley State,fcs,fcs,53,15.134520519831492,15.133926091755209
401761605,3,Georgia State,Murray State,fbs,fcs,16,11.514744262842731,11.529690407299846
401769832,3,Florida A&M,Albany State GA,fcs,ii,8,-11.333163591386558,-11.332612134973338
401767305,3,Central Arkansas,Tarleton State,fcs,fcs,-46,-11.317280380878309,-11.318482242189042
401773449,3,William Jewell,Kentucky Wesleyan,ii,ii,27,7.602881351983804,7.602735450605449
401774121,3,Trine University,Rose-Hulman,iii,iii,17,3.1004101343697474,3.1004101343697634
401778033,3,Trinity University TX,Belhaven,iii,iii,49,3.8597793387431687,3.8597793387431296
401773105,3,North Greenville,Wilson,ii,ii,13,13.279003610063171,13.277207739656816
401773425,3,Missouri Western,Missouri S&T,ii,ii,17,7.485242008364267,7.342347918452508
401752700,3,Ole Miss,Arkansas,fbs,fbs,6,-1.3391916374384714,-1.2802248838565333
401767458,3,Texas Southern,Lamar,fcs,fcs,-24,-4.88786327173721,-4.887388637985428
401767285,3,North Alabama,Northeastern State,fcs,ii,28,1.7101530800247664,1.1175977695623978
401774344,3,Centre College Kentucky,Depauw,iii,iii,-21,-6.830346156865465,-6.8303461568654384
401773956,3,Newberry,Point University,ii,,49,16.586283630057792,16.586782766352254
401773343,3,Arkansas-Monticello,East Central (OK),ii,ii,-25,-12.876142991670724,-12.876142991670676
401767395,3,Grambling,Kentucky State,fcs,ii,6,19.052731306508466,19.052340428340806
401767159,3,McNeese,Weber State,fcs,fcs,-1,7.812154314556105,7.813793238463187
401767202,3,Gardner-Webb,The Citadel,fcs,fcs,10,-4.552424662004681,-4.552441221559129
401773209,3,Hardin-Simmons,McMurry,iii,iii,5,17.240753346012276,17.240753346012315
401767639,3,Presbyterian,ERSKINE,fcs,ii,28,23.97323008008307,23.974479222209723
401777243,3,Geneva,Shenandoah,iii,iii,-1,-15.009608836571651,-15.009608836571665
401767248,3,Austin Peay,Morehead State,fcs,fcs,49,14.719218772072878,14.719237519429338
401773180,3,Benedictine University,Loras College,iii,iii,7,11.756409034418814,11.756409034418798
401773173,3,Dubuque,Wisconsin-Platteville,iii,iii,-29,-19.673469266373388,-19.673469266373385
401773760,3,Northern State,Wayne State (NE),ii,ii,19,-5.076661206387368,-5.079809002251166
401773143,3,West Florida,Shorter,ii,ii,22,30.81837763548621,30.81798602741062
401777294,3,Rhodes College,Austin,iii,iii,14,0.06088689455011931,0.060886894550140624
401767544,3,South Dakota State,Drake,fcs,fcs,16,8.11178334215514,8.110811169070928
401752827,3,Ohio State,Ohio,fbs,fbs,28,11.422437455796437,11.422290584078791
401757234,3,Georgia Southern,Jacksonville State,fbs,fbs,7,-12.629325219527555,-12.629029027822106
401777201,3,Marietta,Otterbein,iii,iii,16,19.615004096860503,19.615004096860524
401754536,3,Virginia Tech,Old Dominion,fbs,fbs,-19,-6.918141570970334,-6.918689901904749
401767237,3,Western Illinois,Valparaiso,fcs,fcs,21,1.8231523823040563,1.8242121918452605
401773259,3,Texas Lutheran,Howard Payne,iii,iii,-10,-3.4432790093340806,-3.4432790093340593
401767181,3,North Carolina A&T,Hampton,fcs,fcs,3,-1.5980603415806638,-1.5980495188984594
401774336,3,Lagrange College,Berry College,iii,iii,-48,-7.91915213023851,-7.919152130238509
401757257,3,Louisiana Tech,New Mexico State,fbs,fbs,35,0.09154795368111834,0.09155253003705432
401761604,3,Coastal Carolina,East Carolina,fbs,fbs,-38,-9.733451403348738,-9.733456147897268
401752699,3,LSU,Florida,fbs,fbs,10,2.943005579912093,2.942958550967049
401752698,3,Kentucky,Eastern Michigan,fbs,fbs,25,16.865660745979067,17.071587416050907
401752707,3,Notre Dame,Texas A&M,fbs,fbs,-1,-4.531896848911966,-4.579211194027991
401752830,3,Iowa,Massachusetts,fbs,fbs,40,20.62776007759118,20.62805914308356
401752704,3,South Carolina,Vanderbilt,fbs,fbs,-24,0.6900836173879235,0.6892124740149157
401773614,3,Fort Hays State,Nebraska-Kearney,ii,ii,19,-3.467491124478686,-3.4678531622027853
401767527,3,UT Rio Grande Valley,Langston University,fcs,,80,27.472099106823535,27.481329364177284
401773385,3,Ouachita Baptist,Southeastern Oklahoma State,ii,ii,20,0.2649442357692804,0.26494423576925463
401767524,3,Stephen F. Austin,Sul Ross State,fcs,ii,63,15.888847284373178,15.88836059853594
401762465,3,Tulsa,Navy,fbs,fbs,-19,-10.573956582698905,-10.573978314320819
401767071,3,Cal Poly,Western Oregon,fcs,ii,49,9.348613787789816,9.350209156090921
401777167,3,Southwestern University,Puget Sound,iii,iii,8,13.740325133434187,13.740325133434162
401754534,3,Tulane,Duke,fbs,fbs,7,6.148693422631705,6.148691862387757
401756895,3,Wyoming,Utah,fbs,fbs,-25,-9.544132664328679,-9.538390676643338
401773581,3,Western New Mexico,West Texas A&M,ii,ii,-31,-6.712712150598652,-6.876219741364635
401773370,3,Oklahoma Baptist,Henderson State,ii,ii,-14,-22.07355080455742,-22.073550804557435
401773880,3,Chadron St,Black Hills State,ii,ii,3,-7.1153919376874555,-7.115148006560998
401773536,3,Eastern New Mexico,Angelo State,ii,ii,-11,-34.25414198494019,-34.25418142787332
401756894,3,TCU,Abilene Christian,fbs,fcs,21,20.5039058512234,20.502109926704314
401762463,3,UAB,Akron,fbs,fbs,3,6.542599669657824,6.529610651434199
401767113,3,Southern Utah,Northern Arizona,fcs,fcs,-3,2.6286916487259013,2.627139183290746
401767131,3,Sacramento State,Mercyhurst,fcs,fcs,21,0.3319165833930162,0.3310507174088846
401760368,3,Utah State,Air Force,fbs,fbs,19,-5.056862448104038,-4.885192784820896
401760369,3,Fresno State,Southern,fbs,fcs,49,21.963037069244372,21.96297448123933
401754533,3,Stanford,Boston College,fbs,fbs,10,-11.707306674358358,-11.71537959624048
401752840,3,California,Minnesota,fbs,fbs,13,-1.7921443804767598,-1.7919043984977385
401756889,3,Arizona State,Texas State,fbs,fbs,19,0.792353814054028,0.7890857485844194
401760370,3,Hawai'i,Portland State,fbs,fcs,20,13.177183127219294,13.142242195809924
401773988,4,Benedict College,Tuskegee,ii,ii,21,-3.3875729613242065,-3.373403157074435
401762468,4,Charlotte,Rice,fbs,fbs,-11,-8.622241715708407,-8.621500807093252
401773708,4,Assumption,St. Anselm,ii,ii,22,6.007526544357298,6.014578857445153
401756900,4,Oklahoma State,Tulsa,fbs,fbs,-7,2.279176032889115,2.508166983595771
401752844,4,Rutgers,Iowa,fbs,fbs,-10,2.067965103324127,1.9593277489624938
401762469,4,Army,North Texas,fbs,fbs,-7,-6.995331763893766,-7.00516823555488
401754642,4,Louisville,Bowling Green,fbs,fbs,23,9.598991272856953,9.1473495864889
401754537,4,Clemson,Syracuse,fbs,fbs,-13,0.18972221142020018,0.17963717690613024
401756901,4,Utah,Texas Tech,fbs,fbs,-24,4.793481859594017,4.792988264099193
401774199,4,Mary Hardin-Baylor,Wisconsin-Whitewater,iii,iii,-20,0.25450817464838416,0.2506443981523159
401800975,4,Endicott College,SUNY Maritime,iii,iii,34,0.911074085089516,1.3111222874907646
401773510,4,Ohio Dominican,Tiffin,ii,ii,6,-13.179405554549938,-13.184090905941703
401754636,4,TCU,SMU,fbs,fbs,11,4.146160310100736,4.139881212110357
401754617,4,Virginia Tech,Wofford,fbs,fcs,32,4.875866550164949,2.8621944143731035
401774013,4,Morgan State,Central State (OH),fcs,ii,27,19.197740023724432,19.298892361323315
401783331,4,Albright,Delaware Valley,iii,iii,-7,-13.653057614925935,-15.085170430581684
401773835,4,Kutztown University,Gannon,ii,ii,39,35.35771013727211,36.745822896127194
401774220,4,North Carolina Wesleyan,Sewanee,iii,iii,-33,9.139076161784462,9.139166156578574
401783302,4,Western New England,Worcester St,iii,iii,35,14.355030188647232,14.35570245895523
401752845,4,Wisconsin,Maryland,fbs,fbs,-17,-8.812219704656965,-9.682974584201325
401762470,4,South Florida,South Carolina State,fbs,fcs,49,13.91873400298747,11.375190297063492
401760376,4,Miami (OH),UNLV,fbs,fbs,-3,-10.270766246349606,-10.413820635295252
401773144,4,Shorter,Virginia University Of Lynchburg,ii,,37,3.1202670862429205,2.3721705394702326
401752708,4,Memphis,Arkansas,fbs,fbs,1,0.8998539261456813,0.896408781092255
401773811,4,PennWest California,Lock Haven University,ii,ii,36,14.417140656566474,14.414679449428416
401773504,4,Northwood (MI),Thomas More College,ii,ii,4,21.52030296453264,22.63055163410037
401786376,4,Framingham State,UMass Dartmouth,iii,iii,4,-10.498189649696288,-10.49818965844049
401783915,4,Bridgewater State,Plymouth State,iii,iii,-21,-0.6245324431513808,-0.6259211826563735
401777997,4,Wilkes,Muhlenberg,iii,iii,-8,-14.744654404019649,-14.851554573622163
401777981,4,Pace,Post University,ii,ii,-8,-16.613045697041585,-16.67043783244779
401777004,4,Fitchburg State,New England College,iii,,48,26.4494738330122,26.444060322580363
401774435,4,Albion,Rose-Hulman,iii,iii,8,11.380620765897433,11.380702028822554
401774337,4,Carnegie Mellon,Berry College,iii,iii,8,-10.142901697624932,-10.143245998343032
401774132,4,Castleton,Biddeford,iii,iii,-27,-9.918588604376724,-9.903437118144796
401774112,4,Rensselaer,Brockport,iii,iii,6,-11.239746338113163,-11.451047540949455
401773288,4,Dean College,Westfield State,iii,iii,-42,-12.167365212721837,-12.16728700218038
401774399,4,Olivet College,Bluffton,iii,iii,-9,-5.099263734294443,-5.099572463677589
401778034,4,Belhaven,Wisconsin-River Falls,iii,iii,-65,-18.991946377711386,-18.99203343138992
401752715,4,Tennessee,UAB,fbs,fbs,32,17.63115394277288,17.629104050669458
401774183,4,Wisconsin-Platteville,Springfield,iii,iii,16,12.140969226620586,12.14094553455113
401773066,4,Winston-Salem,Virginia St,ii,ii,-1,1.048157288258917,1.058418658944074
401774005,4,Morehouse College,Kentucky State,ii,ii,-18,-7.038115913701024,-7.040685342096268
401773297,4,St. Lawrence,Alfred University,iii,iii,-22,-0.390778048663293,-0.39077782187388976
401773605,4,Nebraska-Kearney,Emporia State University,ii,ii,14,-0.9740874022972461,-0.9731555083351648
401773453,4,Northern Michigan,Davenport,ii,ii,-19,-4.764400937809251,-4.156385505812759
401773937,4,Carson-Newman College,Lenoir-Rhyne,ii,ii,17,1.2425662034063336,1.019273156757336
401774053,4,Union (NY),SUNY Morrisville,iii,iii,24,-1.0849059897451152,-1.0848886478286293
401773498,4,Kentucky Wesleyan,Walsh,ii,ii,-24,-15.395824769142015,-14.836863255241965
401774415,4,Alma,Hanover College,iii,iii,-1,13.34587372057414,13.34987435914099
401774430,4,Hope College,Mount St. Joseph,iii,iii,3,18.245938882978216,19.09156329832977
401776995,4,Widener,Misericordia,iii,iii,-14,1.6304280177524504,0.1374319536220483
401777078,4,Depauw,Kenyon,iii,iii,21,24.353502886829432,24.35330315978925
401767286,4,Illinois State,North Alabama,fcs,fcs,2,11.435813686527483,11.57328212661978
401773649,4,University Of Charleston (WV),Concord University,ii,ii,14,22.543461007587993,22.543008849081644
401773669,4,Fairmont State,Wheeling,ii,ii,-7,11.325194249026712,11.788573811845042
401774038,4,University of Rochester (NY),St John Fisher University,iii,iii,7,2.7110370327790214,2.7109491355162163
401774301,4,Husson,Worcester Polytechnic Institute,iii,iii,-2,9.203792577418357,9.260416902044726
401777304,4,Crown College,Minnesota Morris,iii,iii,10,-7.905422481654437,-8.288062722669295
401773726,4,Southern Connecticut State,American International,ii,ii,7,5.531509706097404,5.525367797306755
401776985,4,Lebanon Valley,Eastern University,iii,iii,3,-3.605518742335586,-3.6055186492138205
401783283,4,Moravian,Ursinus,iii,iii,-28,-24.210617708679408,-24.181893843637084
401777198,4,John Carroll University,Oberlin,iii,iii,63,31.437433699408768,31.443315944864196
401762822,4,Central Michigan,Wagner,fbs,fcs,39,8.82811624697231,8.724192449919277
401767258,4,Monmouth,Villanova,fcs,fcs,18,-2.4908010691968627,-2.460468651097674
401783349,4,Kings College (PA),FDU-Florham,iii,iii,6,5.118709364844779,5.119798949062501
401767672,4,Colgate,Fordham,fcs,fcs,23,9.339660657810505,9.335210246875343
401767342,4,St. Francis (PA),Delaware State,fcs,fcs,-29,-12.049426325332446,-13.18265722789587
401783339,4,Reading,Stevenson,iii,iii,-22,-12.724142705771088,-12.724144160560103
401766669,4,Middlebury,Bowdoin,iii,iii,21,7.107986918878905,7.107986918878953
401766670,4,Williams,Colby College,iii,iii,38,1.5396925865131517,1.5396925865131412
401766672,4,Amherst,Hamilton,iii,iii,10,-0.7126378877189952,-0.7126378877190458
401773059,4,Lincoln (PA),Shaw,ii,ii,-15,-4.091501502383746,-4.094952434594864
401773491,4,New Haven,Saginaw Valley State,fcs,ii,7,-2.969263402903797,-3.3632483289224133
401773081,4,Elizabeth City State,Fayetteville State,ii,ii,-43,-0.44424210688864285,-0.5077766708458604
401773167,4,Ashland,Hillsdale,ii,ii,17,5.510068643412244,5.505513844242066
401773278,4,Mass Maritime,Anna Maria College,iii,iii,-6,11.32315862064607,11.323158653313362
401774345,4,Lagrange College,Centre College Kentucky,iii,iii,14,-4.873678486939909,-4.872551313419329
401777087,4,Waynesburg,Hiram College,iii,iii,8,-4.228818503769606,-4.212154001339339
401777219,4,Gallaudet,Averett,iii,iii,9,7.836068808073961,7.427069626991955
401774141,4,Western Connecticut St,Gettysburg,iii,iii,34,4.435856786413707,4.4344783493755315
401774074,4,Susquehanna,Johns Hopkins University,iii,iii,-18,-5.879723890525735,-5.879724931582153
401766668,4,Trinity (CT),Bates,iii,iii,17,6.718430474922581,6.718430474922576
401773678,4,Frostburg State,West Liberty,ii,ii,14,19.864360892613576,21.101957018769298
401773697,4,West Virginia Wesleyan,West Virginia State,ii,ii,-29,-15.941496043123289,-15.95958003434517
401778015,4,William Paterson,Salve Regina,iii,iii,-12,-10.916256933313697,-10.917636853445694
401773744,4,Minnesota State Moorhead,Wayne State (NE),ii,ii,-10,9.253165147909861,9.30898385477232
401773820,4,Clarion,Shepherd,ii,ii,13,4.502434015949042,4.412270286521959
401773918,4,Mars Hill,Anderson (Sc),ii,ii,7,-0.8554107569103984,-0.6401147274077044
401774059,4,Hobart College,Utica,iii,iii,3,-11.328974843418795,-11.540306058006284
401774064,4,Franklin & Marshall,Catholic,iii,iii,35,8.408727856408984,8.409057390673219
401777991,4,Lycoming,Dickinson (PA),iii,iii,-23,-6.452140252973155,-6.4520881569517305
401777229,4,Hampden-Sydney,Shenandoah,iii,iii,35,9.354168890816386,9.369283045484813
401774122,4,Trine University,Franklin,iii,iii,8,0.6715442367073141,1.516831607810266
401777216,4,Muskingum University,Wilmington (OH),iii,iii,7,0.9061911306081658,0.9051114399030613
401777776,4,Coast Guard,Nichols College,iii,iii,32,16.81783218152877,16.81337766412308
401777176,4,Capital,Baldwin Wallace,iii,iii,-37,-13.460182170678173,-13.4612615275296
401774160,4,Wisconsin-Eau Claire,Martin Luther,iii,iii,36,12.983960197708186,12.98371916259882
401773484,4,Wisconsin-Oshkosh,Roosevelt,iii,ii,17,6.598052717057101,6.609452951783151
401773305,4,Hilbert College,Ithaca College,iii,iii,-62,-29.68776399912848,-29.68776342434378
401773250,4,Hardin-Simmons,Louisiana College,iii,,35,15.560268677436088,15.560756963016797
401767541,4,South Dakota,Drake,fcs,fcs,21,-2.9657159062339673,-2.9777064921984753
401776767,4,Gustavus Adolphus,Bethel (MN),iii,iii,-34,-17.49362782937847,-17.493627829378475
401774374,4,Illinois Wesleyan,Elmhurst,iii,iii,36,3.705607045184628,3.705613553257473
401776751,4,Hamline University,Saint John's (MN),iii,iii,-58,-23.75197566646617,-23.861301449613272
401777011,4,Aurora,Benedictine University,iii,iii,-1,-1.1810823213886996,-1.241825686636604
401773801,4,Bloomsburg,Edinboro University,ii,ii,16,-0.8010379958949887,-0.3532237109399481
401774148,4,Norwich,Maine Maritime,iii,iii,63,4.862081765399449,4.863155962202185
401766666,4,Lawrence University,Cornell College (IA),iii,iii,-20,-4.246979349978407,-4.246979382505341
401773881,4,Fort Lewis,Black Hills State,ii,ii,-6,-1.8045185044101393,-1.7885239871885883
401773887,4,Colorado School Of Mines,Chadron St,ii,ii,-6,14.130947588991557,14.163353262388299
401774083,4,McDaniel College,Juniata College,iii,iii,17,-2.0389828037222113,-2.0390706986015683
401773794,4,Southwest Minnesota State,University of Mary,ii,ii,-31,-2.0126815689638757,-2.003545590752662
401774367,4,North Central College,Carthage,iii,iii,62,25.011092651620768,25.011006585913215
401777020,4,Concordia University Chicago,St. Norbert,iii,iii,-31,4.440274287841234,5.915610783102897
401773945,4,Greeneville,Emory & Henry College,ii,ii,-21,-22.274929646234764,-22.322160473302617
401773046,4,Coe College,Nebraska Wesleyan,iii,iii,48,21.46116597538545,21.46157361120622
401766663,4,Chicago,Illinois College,iii,iii,3,-9.673022402031123,-9.67299881706367
401773789,4,Sioux Falls,Minnesota Duluth,ii,ii,-17,-1.827278533491656,-1.829212971152911
401776757,4,Carleton,Macalester,iii,iii,44,2.413407037420784,2.4142173735248473
401774458,4,Huntingdon College (AL),McMurry,iii,iii,6,-7.897857554467347,-7.897763604990361
401776744,4,St. Olaf,Concordia Moorhead,iii,iii,1,1.509674417970234,1.50961072934669
401777302,4,Greenville,LYONCOLL,iii,iii,0,5.108017368621283,5.107632701355762
401777237,4,Bridgewater (VA),Randolph-Macon,iii,iii,-24,-14.034064851036073,-14.033976704637645
401777104,4,Wooster,Wabash College,iii,iii,-27,-18.71554498040218,-18.716097444937123
401774451,4,Hendrix College,Millsaps,iii,iii,-22,-3.1472308483761964,-3.1469001293869265
401767589,4,Richmond,VMI,fcs,fcs,24,3.722284557839947,3.809858737672859
401773783,4,Jamestown College,Minnesota State Mankato,ii,ii,-29,-33.047670986936055,-33.0446116187025
401774358,4,Carroll University (WI),Washington University (St. Louis),iii,iii,-12,-13.165427987083964,-13.165427805182574
401776727,4,St. Scholastica,Augsburg,iii,iii,-7,5.994036052161206,5.995537719053273
401767613,4,Robert Morris,Dayton,fcs,fcs,-3,-7.703853488777299,-7.97135568837901
401773495,4,Wisconsin-Lacrosse,Wayne State (MI),iii,ii,9,15.711356057719334,15.710312210148272
401773174,4,Dubuque,Loras College,iii,iii,7,4.457144563389615,4.230650619854796
401767574,4,The Citadel,Mercer,fcs,fcs,-38,-3.018127840939658,-3.1395545779174494
401766665,4,Lake Forest College,Monmouth (IL),iii,iii,-43,-3.506842970935473,-3.507172165549843
401777041,4,Rockford,Eureka College,iii,iii,-20,10.474416894695938,10.580349148841552
401773734,4,Bemidji State,Augustana University (SD),ii,ii,-28,-11.873106429372555,-11.872491776882388
401773861,4,West Chester,Seton Hill,ii,ii,18,7.721531468162499,6.468430914854372
401773841,4,Indiana-Pennsylvania,Millersville,ii,ii,46,22.30108245356346,22.299453951229538
401773753,4,Winona State,Minot State,ii,ii,10,3.1364215540039897,3.149035589994356
401773037,4,Luther,Central College,iii,iii,-37,-32.89788542193581,-32.89788542403779
401773234,4,Lake Erie,Findlay,ii,ii,-30,-17.88399480856333,-17.905963138444367
401773206,4,Simpson College (IA),Wartburg,iii,iii,-14,-11.34049798836994,-11.340909810541469
401766664,4,Ripon,Grinnell,iii,iii,10,2.3442817634409323,2.3369399240446747
401767580,4,Western Carolina,Samford,fcs,fcs,15,6.824279539984853,6.8326830519508785
401774046,4,Hartwick,Cortland,iii,iii,-50,-11.372940371139217,-11.373246258685834
401773515,4,Fort Valley State,Delta State,ii,ii,-5,-13.964480005903754,-13.967790852697924
401767099,4,Montana,Indiana State,fcs,fcs,43,7.2665711423013075,7.187556553823214
401774423,4,Adrian,Manchester,iii,iii,57,25.86834503476366,27.052451401459624
401752841,4,Oregon,Oregon State,fbs,fbs,34,29.82193702493553,31.25888943578432
401774025,4,Miles College,Savannah St,ii,ii,-26,-2.866292466026927,-2.6210735240492298
401777161,4,Pacific Lutheran,Trinity University TX,iii,iii,-37,-10.179456732037,-10.180068259862
401774252,4,Whitworth,Redlands,iii,iii,-17,8.55306672979794,8.553509781092297
401767107,4,Montana State,Mercyhurst,fcs,fcs,17,17.107396758123716,17.420855296845517
401767389,4,Bethune-Cookman,Edward Waters,fcs,ii,26,-12.427472802724244,-14.898639328628699
401773717,4,Bentley,Franklin Pierce,ii,ii,-14,-4.906147010769118,-4.890455300434745
401773906,4,New Mexico Highlands,South Dakota Mines,ii,ii,6,9.597654187688711,9.603472726872223
401752846,4,Nebraska,Michigan,fbs,fbs,-3,0.7367722486847832,0.7580666214227385
401752711,4,Ole Miss,Tulane,fbs,fbs,35,5.266999673902941,5.539806476200297
401761613,4,Buffalo,Troy,fbs,fbs,-4,1.4618677257962567,1.4724456940184627
401762820,4,Western Michigan,Toledo,fbs,fbs,1,-13.029724330340823,-13.696064672924585
401773761,4,Northern State,Concordia University St Paul,ii,ii,21,19.601385155628805,19.601432161713056
401754640,4,UCF,North Carolina,fbs,fbs,25,3.9617436793772107,3.941573322264425
401752848,4,Notre Dame,Purdue,fbs,fbs,26,3.144945526820919,3.0346057026504987
401762823,4,Ohio,Gardner-Webb,fbs,fcs,17,9.99246309299065,9.970106147086943
401754541,4,Florida State,Kent State,fbs,fbs,56,18.3868208219962,18.546466658543583
401757262,4,Liberty,James Madison,fbs,fbs,-18,-7.471976618994885,-7.470500914407463
401757169,4,UConn,Ball State,fbs,fbs,6,11.753591215112326,11.802610765972823
401761610,4,Eastern Michigan,Louisiana,fbs,fbs,3,-14.623485385910033,-14.614849917363813
401752714,4,Oklahoma,Auburn,fbs,fbs,7,5.653419707286133,5.657702475830359
401774266,4,Linfield College,Chapman,iii,iii,15,0.7110735848469165,0.7109858976115913
401767162,4,William & Mary,Charleston Southern,fcs,fcs,27,5.155773377662296,5.118490831991567
401767502,4,North Dakota,Valparaiso,fcs,fcs,51,19.725935352615107,20.966445144169334
401767182,4,Howard,Hampton,fcs,fcs,27,1.5208695736836955,1.5174934859764582
401767272,4,North Carolina A&T,North Carolina Central,fcs,fcs,-42,-6.017408750785982,-6.342745794027684
401767405,4,Norfolk State,Sacred Heart,fcs,fcs,-3,-1.7484312570732894,-1.324899084249028
401777168,4,Puget Sound,California Lutheran University,iii,iii,-27,-9.211363885379948,-9.21022625887938
401777548,4,Colorado Mesa,CSU Pueblo,ii,ii,-7,-14.872386144449573,-14.873300428942652
401754538,4,Duke,NC State,fbs,fbs,12,-6.128134463411097,-6.129638795654898
401773029,4,Livingstone,Bowie State,ii,ii,1,-1.5964840463430647,-0.4421433472775247
401773472,4,Michigan Tech,Upper Iowa University,ii,ii,-7,16.117136688193057,16.115558398708696
401773123,4,Brevard College,ERSKINE,iii,ii,4,0.4417417004354469,0.4878933546100903
401774260,4,NEWBERG,Claremont-Mudd-Scripps College,iii,iii,-7,-11.824188616726454,-11.823437038580568
401777250,4,Washington and Lee,Guilford College,iii,iii,28,9.692213589622723,9.69139522605227
401788916,4,Pomona Pitzer,Lewis & Clark College,iii,iii,-18,-7.722567770239162,-7.723557621096644
401773594,4,Western Oregon,Sul Ross State,ii,ii,63,13.815177707461363,13.815974252944004
401752712,4,Mississippi State,Northern Illinois,fbs,fbs,28,10.368102253378314,10.328759862772818
401754542,4,Georgia Tech,Temple,fbs,fbs,21,8.87027762809311,8.880635776649935
401773615,4,Pittsburg St,Fort Hays State,ii,ii,15,-3.742084536343998,-3.743706195518077
401760375,4,San José State,Idaho,fbs,fcs,3,-8.706339096236906,-8.69145842731755
401767114,4,Northern Arizona,Incarnate Word,fcs,fcs,8,8.806369124539895,8.81191241743374
401773621,4,Missouri Southern State,Northwest Missouri St,ii,ii,-7,-11.417762204330346,-11.585885080774146
401767151,4,East Tennessee State,Elon,fcs,fcs,10,4.481075991136025,4.459691452625284
401767031,4,Campbell,Bryant,fcs,fcs,2,-5.688899401175347,-5.695021205266889
401773398,4,Indianapolis,McKendree,ii,ii,28,13.747933263612321,13.732610156103553
401773131,4,UNC Pembroke,Ferrum,ii,ii,27,19.312094485397886,19.322880869166813
401777096,4,Ohio Wesleyan,Wittenberg,iii,iii,-38,-0.03595591537169085,-0.03595414061859792
401776803,4,Kalamazoo,Anderson (IN),iii,iii,27,11.658580196839281,11.658550198743109
401773074,4,Virginia Union,Johnson C Smith,ii,ii,18,-0.1250630583005865,-0.1433377927146502
401773268,4,Alfred State,Buffalo State,iii,iii,36,2.937504314672891,2.937592615084375
401757259,4,Florida International,Delaware,fbs,fbs,-22,1.7470671616384497,0.9406837577315592
401757261,4,Kennesaw State,Arkansas State,fbs,fbs,7,-2.5966624767826936,-2.5148316516494233
401762821,4,Akron,Duquesne,fbs,fcs,44,2.241478747475994,2.2662210679818218
401767743,4,Merrimack,Central Connecticut,fcs,fcs,2,-0.709930863823228,-0.7165230296283669
401756899,4,Kansas,West Virginia,fbs,fbs,31,4.760553149611667,4.847335661791131
401767664,4,Bucknell,Lehigh,fcs,fcs,-17,-12.661137722603286,-12.568041083184141
401767635,4,Morehead State,Kentucky Christian,fcs,,17,3.2661283483937833,3.2615333004396403
401767278,4,West Georgia,Eastern Kentucky,fcs,fcs,21,13.1571197694887,13.156841501817318
401767081,4,Idaho State,Lincoln (CA),fcs,ii,90,30.799607192846352,30.795440438765205
401767329,4,Towson,Youngstown State,fcs,fcs,-3,-1.3929575209244796,-1.4946280205520743
401767319,4,Rhode Island,Long Island University,fcs,fcs,21,12.99834344210623,13.102737136316545
401773966,4,UVA Wise,Wingate,ii,ii,-21,-23.722735894061767,-23.723405701459
401773981,4,Allen,Clark Atlanta,ii,ii,11,-12.29331386515949,-12.294431949541545
401773868,4,Slippery Rock,Shippensburg,ii,ii,42,21.220702869677428,21.536278946078404
401773426,4,Missouri S&T,Truman State,ii,ii,-29,-6.175738102908705,-6.0736626499171615
401760372,4,Air Force,Boise State,fbs,fbs,-12,-1.7716771068205102,-1.712201474695899
401767210,4,Lindenwood,Stony Brook,fcs,fcs,3,0.589511954268831,0.5876097164950149
401777028,4,Wisconsin-Lutheran,Concordia-Wisconsin,iii,iii,-7,-6.377426161138034,-6.351973997951385
401757264,4,Middle Tennessee,Marshall,fbs,fbs,-14,-14.028931153954485,-14.188914789393536
401774194,4,Northwestern (MN),Wisconsin-Stout,iii,iii,-43,-13.434319780994056,-13.434954513348018
401773353,4,East Central (OK),Southern Nazarene,ii,ii,-4,12.93081756558122,12.930817565581197
401776795,4,Heidelberg,Calvin University,iii,iii,-3,-4.835516974746574,-4.889451344859901
401773363,4,Southern Arkansas,Harding University,ii,ii,-19,-4.67860906051072,-4.678609060510656
401767416,4,Grambling,East Texas A&M,fcs,fcs,3,7.192617492637382,7.152816575643168
401767603,4,Davidson,Greensboro College,fcs,iii,48,2.657019815388102,2.76058965986833
401773106,4,West Alabama,Wilson,ii,ii,38,26.40965566467974,26.412217448284405
401777275,4,Geneva,Saint Vincent,iii,iii,20,0.9840222652866402,0.9840378869131818
401774380,4,Millikin,North Park,iii,iii,5,-5.683451813478269,-5.681347637607089
401767218,4,Southeast Missouri State,Southern Illinois,fcs,fcs,-28,-7.4420784942941625,-7.3765456130504035
401757260,4,Jacksonville State,Murray State,fbs,fcs,35,19.709992827500024,19.708145755746152
401757268,4,Western Kentucky,Nevada,fbs,fbs,15,8.39810814361274,7.737296752222285
401766671,4,Tufts,Wesleyan University (CT),iii,iii,2,-3.642289956506173,-3.6422899565061524
401761611,4,South Alabama,Coastal Carolina,fbs,fbs,-18,10.946385373684349,10.936549689437022
401767310,4,Alabama A&M,Lane College,fcs,ii,42,19.87536632018348,19.878978364161703
401767306,4,Tarleton State,Chattanooga,fcs,fcs,28,17.013780186364883,17.008925239710585
401773390,4,Southeastern Oklahoma State,Southwestern Oklahoma State,ii,ii,-21,10.756934378937405,10.756934378937405
401761609,4,Georgia Southern,Maine,fbs,fcs,28,10.828333949194835,11.28072339323093
401767061,4,Eastern Washington,Western Illinois,fcs,fcs,21,-6.2326575649749465,-7.198727854520732
401777298,4,CENTENARY,East Texas Baptist University,iii,iii,-17,-24.757103626383138,-24.757947544325784
401773441,4,William Jewell,Southwest Baptist,ii,ii,-10,12.665454057261194,12.778296715053067
401773929,4,Newberry,Catawba,ii,ii,-11,1.7159635951940295,1.7047915805485916
401773628,4,Missouri Western,Central Missouri,ii,ii,-8,0.5175179090154143,0.5221290938626852
401773537,4,Angelo State,Western New Mexico,ii,ii,29,31.893470915708278,31.861714906360824
401773547,4,Midwestern State,Eastern New Mexico,ii,ii,-25,1.1270238020991954,0.49426816388977635
401752713,4,Missouri,South Carolina,fbs,fbs,9,10.829538489836793,10.707940232724663
401777254,4,Allegheny,Thiel,iii,iii,26,5.380981520030801,5.460421321479107
401773344,4,Arkansas-Monticello,Henderson State,ii,ii,-30,-26.679374792097537,-26.679374792097526
401773136,4,North Greenville,West Florida,ii,ii,-8,-17.568421723450577,-18.62887907122779
401767433,4,Prairie View A&M,Northwestern State,fcs,fcs,3,4.71890142901679,4.6985353238376675
401767121,4,Houston Christian,Northern Colorado,fcs,fcs,-3,-0.9995636039664602,-0.9955971706765014
401757265,4,Missouri State,UT Martin,fbs,fcs,32,13.83059546319178,14.274045677312406
401774309,4,Augustana (IL),Wheaton,iii,iii,-43,-11.633076280754633,-11.633100404990593
401777267,4,Case Western Reserve,Westminster (PA),iii,iii,-5,-5.112579218938595,-5.110517092073961
401766667,4,Beloit,Knox College,iii,iii,-2,1.4371652102884838,1.4654837336739668
401752716,4,Vanderbilt,Georgia State,fbs,fbs,49,22.17968827688027,21.885734238943826
401756896,4,Baylor,Arizona State,fbs,fbs,-3,-5.7261044856021215,-5.72609387747903
401752842,4,Washington State,Washington,fbs,fbs,-35,-8.965537179390346,-8.960142048592886
401756898,4,East Carolina,BYU,fbs,fbs,-21,-4.891110467434611,-4.892570770947547
401773408,4,Lincoln (MO),Quincy,ii,ii,-3,-5.245196190130238,-5.242064054225869
401752843,4,Indiana,Illinois,fbs,fbs,53,0.6878833818077936,0.8538810537690082
401757263,4,Louisiana Tech,Southern Miss,fbs,fbs,10,4.535249610388426,4.533497876291914
401752709,4,Miami,Florida,fbs,fbs,19,9.15541973721211,8.656849782370017
401754539,4,Virginia,Stanford,fbs,fbs,28,11.496874656894503,11.479693023154123
401752710,4,LSU,SE Louisiana,fbs,fcs,46,19.057428466345492,19.04551303093115
401774273,4,Southwestern University,Texas Lutheran,iii,iii,-3,3.3905749435114334,3.3905576244520717
401760377,4,Utah State,McNeese,fbs,fcs,41,13.621145095172967,13.735261913494071
401767072,4,Stephen F. Austin,Cal Poly,fcs,fcs,18,-8.048073749635734,-8.059081310163052
401752723,4,Texas,Sam Houston,fbs,fbs,55,24.458915343877592,24.736876995526075
401773376,4,Oklahoma Baptist,Northwestern Oklahoma State,ii,ii,8,4.030811878303631,4.030811878303641
401773872,4,Adams State,Western Colorado,ii,ii,-39,-31.6806375209555,-32.32145446176611
401761612,4,Texas State,Nicholls,fbs,fcs,32,15.79738792715121,15.799705911252767
401773596,4,Central Oklahoma,Washburn,ii,ii,6,10.471224245920173,10.479466856626654
401773333,4,Ouachita Baptist,Arkansas Tech,ii,ii,-5,4.343818777119726,4.343818777119742
401767239,4,Abilene Christian,Austin Peay,fcs,fcs,14,-9.854700837098369,-9.818040942616197
401773566,4,Texas A&M-Kingsville,UT Permian Basin,ii,ii,-13,-13.619284239953856,-13.621332588564425
401767308,4,Utah Tech,Northern Iowa,fcs,fcs,11,-5.27433252743665,-5.266045843027053
401767160,4,Weber State,Butler,fcs,fcs,14,0.9834671205405656,1.00007945808119
401773582,4,Central Washington,West Texas A&M,ii,ii,46,7.742105773384161,7.587903307704405
401757267,4,UTEP,UL Monroe,fbs,fbs,-6,-0.23907612073175244,0.1493989950600163
401774190,4,Pacific (OR),Wisconsin-Stevens Pt,iii,iii,-23,-3.9066767613826157,-3.9068034886491105
401767132,4,Sacramento State,Central Arkansas,fcs,fcs,29,2.041741951319282,2.0419406125837263
401760373,4,Colorado State,UTSA,fbs,fbs,-1,-4.004500017542867,-4.004111163835278
401767157,4,UC Davis,Southern Utah,fcs,fcs,16,-0.8177398371683005,-0.8315240355838629
401756897,4,Colorado,Wyoming,fbs,fbs,17,5.88332702736707,5.9397279220611665
401754540,4,San Diego State,California,fbs,fbs,34,-13.948621856705852,-13.950619413160927
401752847,4,USC,Michigan State,fbs,fbs,14,9.760729431366325,9.760980029333314
401760374,4,Hawai'i,Fresno State,fbs,fbs,-2,-4.952427066904455,-4.998163162788677
401773454,5,Davenport,Lincoln (CA),ii,ii,0,32.12163118330646,31.925880394666727
401762471,5,East Carolina,Army,fbs,fbs,22,-0.04530805970874141,-0.06376688169417832
401754543,5,Virginia,Florida State,fbs,fbs,8,0.5546323781457652,0.3809742491833461
401756902,5,Arizona State,TCU,fbs,fbs,3,-2.4204257489614704,-2.424821100969531
401752939,5,Oregon State,Houston,fbs,fbs,-3,-24.742578134226584,-24.502072038891626
401779328,5,Duquesne,New Haven,fcs,fcs,26,3.611208447115831,3.8643237188451502
401783332,5,Albright,Widener,iii,iii,26,-7.547044956752995,-9.28372708433346
401767721,5,Columbia,Georgetown,fcs,fcs,9,2.7217293149486217,2.8157314868766745
401767343,5,Sacred Heart,Delaware State,fcs,fcs,4,-2.5739294029918023,-3.5871226842010966
401774093,5,Christopher Newport,Susquehanna,iii,iii,14,-1.2760875438463035,-1.368134981236369
401752850,5,Illinois,USC,fbs,fbs,2,-5.808956374846325,-5.509175924580038
401799146,5,Worcester Polytechnic Institute,Coast Guard,iii,iii,-28,-10.533506674640579,-10.56995905266443
401783907,5,MIT,Springfield,iii,iii,-24,-10.95056356435846,-10.951898227094654
401777105,5,Oberlin,Wooster,iii,iii,-38,-11.330277056922515,-11.355097527254898
401783350,5,FDU-Florham,Stevenson,iii,iii,-35,-18.71233097323803,-19.87589288940277
401773856,5,Millersville,West Chester,ii,ii,-31,-23.198971996356224,-23.4538516652462
401774149,5,Norwich,Merchant Marine Academy,iii,iii,-49,-19.356189835737393,-19.396515033805237
401773842,5,Seton Hill,Indiana-Pennsylvania,ii,ii,-27,-14.63383154555134,-13.563915731256635
401756906,5,Kansas State,UCF,fbs,fbs,14,-5.640976964744457,-5.648745439741859
401754547,5,Pittsburgh,Louisville,fbs,fbs,-7,-8.909755446590793,-8.917703638715981
401774113,5,Rensselaer,University of Rochester (NY),iii,iii,28,-3.446860450834384,-3.614190737344438
401774047,5,SUNY Morrisville,Cortland,iii,iii,-45,-21.740588621133533,-21.752901973316938
401783916,5,Framingham State,Bridgewater State,iii,iii,6,-1.617422197977156,-1.6215783282760903
401767734,5,Lehigh,Pennsylvania,fcs,fcs,14,10.048112003766743,12.082917283356181
401773306,5,Hilbert College,Buffalo State,iii,iii,-7,-6.4014253995852,-6.388352287140567
401767614,5,Dayton,Stetson,fcs,fcs,34,14.157838531191231,14.15952668242498
401762825,5,Ohio,Bowling Green,fbs,fbs,15,2.454886028503779,2.14190226660255
401761617,5,North Texas,South Alabama,fbs,fbs,14,17.22799845168028,17.330190101487553
401773168,5,Northwood (MI),Ashland,ii,ii,-8,-5.6578378542773855,-4.774484167427716
401767406,5,Wagner,Norfolk State,fcs,fcs,5,-7.629766517120547,-7.601033290020567
401788914,5,Plymouth State,Mass Maritime,iii,iii,4,5.87149997801621,5.870014761150724
401773845,5,Shepherd,Kutztown University,ii,ii,-39,-23.586868428680273,-23.42245823244582
401767697,5,Central Connecticut,Dartmouth,fcs,fcs,-7,-7.149658185302394,-7.11051982787588
401777238,5,Randolph-Macon,Washington and Lee,iii,iii,18,11.413636713385241,11.467398316065086
401752717,5,Arkansas,Notre Dame,fbs,fbs,-43,-2.6968852751005095,-2.979728523433419
401777970,5,American International,Bentley,ii,ii,-7,-6.212124222167677,-6.257477211732083
401754545,5,Syracuse,Duke,fbs,fbs,-35,4.770612629195433,4.772455467093177
401773289,5,Curry College,Dean College,iii,iii,40,26.00708966530283,26.02136665516224
401754546,5,Wake Forest,Georgia Tech,fbs,fbs,-1,-11.855534288987084,-11.852491467792056
401773137,5,North Greenville,West Alabama,ii,ii,-8,-12.15237019659909,-11.966609269633448
401773116,5,Shorter,Chowan,ii,ii,-1,-1.1519713573041983,-2.1341035920141165
401773821,5,Edinboro University,Clarion,ii,ii,1,-7.322864462770804,-7.316641005372739
401776996,5,Misericordia,Reading,iii,iii,31,13.36045411309627,15.739253883379144
401752849,5,Minnesota,Rutgers,fbs,fbs,3,-4.640917007950943,-4.597353963322895
401767689,5,Yale,Cornell,fcs,fcs,17,10.052029654071799,10.01350492255174
401756905,5,Kansas,Cincinnati,fbs,fbs,-3,5.6716995848526075,5.607562039591198
401752725,5,Vanderbilt,Utah State,fbs,fbs,20,11.87906457182208,11.616290151720843
401773802,5,Shippensburg,Bloomsburg,ii,ii,3,-14.403237740054177,-14.864257260775005
401776986,5,Delaware Valley,Lebanon Valley,iii,iii,-3,0.04101697238250601,-0.17004640647805136
401773650,5,Glenville State,University Of Charleston (WV),ii,ii,-3,-15.76075640977163,-15.732382807820578
401773851,5,Lock Haven University,East Stroudsburg University,ii,ii,-3,-8.482773093105635,-8.244192579852967
401773919,5,Emory & Henry College,Anderson (Sc),ii,ii,29,6.754664978155377,6.943441760727563
401766673,5,Hamilton,Bowdoin,iii,iii,14,0.5355215342065804,0.5355215342065485
401777079,5,Wittenberg,Depauw,iii,iii,-28,-8.046350448744093,-8.039076184156782
401773050,5,Bowie State,Winston-Salem,ii,ii,-7,-9.490230997956264,-10.494121359351453
401777587,5,Mars Hill,Mary Hardin-Baylor,ii,iii,14,3.2316519908362116,3.2065715255387124
401773075,5,Shaw,Virginia Union,ii,ii,-52,-23.270408353142532,-23.105934041977488
401777982,5,St. Anselm,Pace,ii,ii,2,10.358348337858152,10.39042963822352
401766676,5,Bates,Wesleyan University (CT),iii,iii,-16,-16.595689794102633,-16.595689794102636
401773973,5,Albany State GA,Allen,ii,ii,43,11.931492808952544,11.977160894102624
401783309,5,Moravian,William Paterson,iii,iii,-24,-4.075179080833575,-4.109368199122692
401762826,5,Central Michigan,Eastern Michigan,fbs,fbs,11,4.274427751007414,4.262106716486951
401777088,5,Saint Vincent,Hiram College,iii,iii,-2,-1.7762722054761468,-1.7392039099631411
401777769,5,Nichols College,New England College,iii,,20,13.880156726635018,13.884912949284292
401773067,5,Fayetteville State,Virginia St,ii,ii,20,-7.796585501900072,-7.728429019749246
401776789,5,Hope College,Alma,iii,iii,-3,7.541932753341454,8.26607368421208
401776969,5,Maine Maritime,Keystone,iii,iii,-25,-18.2147344578177,-18.21933999923599
401776978,5,Biddeford,Western New England,iii,iii,6,2.4342705583851725,2.6048223049716626
401778016,5,Salve Regina,SUNY Maritime,iii,iii,8,9.070518433272094,9.010050678813094
401783305,5,Lycoming,Rowan,iii,iii,-11,-13.908304425262983,-13.899738103574041
401767673,5,Fordham,Holy Cross,fcs,fcs,5,-16.30844295622037,-16.315771998754805
401777199,5,Kenyon,John Carroll University,iii,iii,-52,-19.576525802792325,-19.57948534596928
401777230,5,Guilford College,Hampden-Sydney,iii,iii,-55,-31.33364447029486,-31.287446078896977
401767758,5,Stonehill,Long Island University,fcs,fcs,7,-3.15828311115591,-4.8901985595627
401766674,5,Colby College,Middlebury,iii,iii,-10,-7.843316777193164,-7.843316777193167
401773745,5,Minnesota Duluth,Minnesota State Moorhead,ii,ii,14,11.372236243889144,12.79565776442288
401777781,5,Brockport,Hartwick,iii,iii,56,14.518853833822092,14.492675660056584
401773269,5,Utica,Alfred State,iii,iii,32,13.552429221286868,13.723192199003666
401773776,5,Concordia University St Paul,Jamestown College,ii,ii,-11,5.530617499592271,4.597030508630162
401783353,5,Kings College (PA),Eastern University,iii,iii,-2,-8.860124169511868,-8.684939633080521
401767268,5,New Hampshire,UAlbany,fcs,fcs,18,8.133912226855035,7.988172321319539
401767032,5,Bryant,Towson,fcs,fcs,-2,-5.4551629240004225,-5.27815279579449
401774229,5,Methodist,Apprentice School,iii,iii,1,0.9679720581289679,0.9799570578438406
401774142,5,Kean,Western Connecticut St,iii,iii,-31,-7.045460991621196,-7.097590454509903
401774100,5,Ithaca College,Hobart College,iii,iii,6,4.770460225661525,4.74548676295827
401774014,5,Central State (OH),Lane College,ii,ii,29,-4.256316050059134,-4.221958487444361
401766677,5,Amherst,Tufts,iii,iii,16,-13.59125342129625,-13.591253421296251
401773433,5,Wayne State (MI),Quincy,ii,ii,-17,-5.153606328356366,-4.975959644222395
401767594,5,Butler,Marist,fcs,fcs,3,0.1935615065994969,0.5011692552691445
401773659,5,Concord University,West Liberty,ii,ii,23,6.3009392261871415,7.3476162892403885
401767636,5,Presbyterian,Morehead State,fcs,fcs,41,13.38490755746258,13.40077123982859
401773709,5,Franklin Pierce,Assumption,ii,ii,-2,-2.388093219160738,-2.350843841014581
401774302,5,Husson,Endicott College,iii,iii,-34,-17.2062934766848,-17.492667779482595
401766675,5,Williams,Trinity (CT),iii,iii,-6,5.713232250455004,5.713232250454993
401773279,5,Anna Maria College,UMass Dartmouth,iii,iii,4,-3.6368390092932295,-3.682890259446701
401773670,5,West Virginia State,Fairmont State,ii,ii,21,-1.9017617770291793,-2.1390576063493985
401777211,5,Wilmington (OH),Ohio Northern,iii,iii,-6,-6.380033510995895,-6.193655480142317
401777177,5,Baldwin Wallace,University of Mount Union,iii,iii,-19,-6.591625628753239,-6.588384067666951
401777184,5,Capital,Marietta,iii,iii,-3,-11.659041554837557,-11.658816537390578
401761614,5,James Madison,Georgia Southern,fbs,fbs,25,8.391822573969236,8.468276629474126
401776762,5,Hamline University,Bethel (MN),iii,iii,-50,-24.516705807474448,-24.485505555650178
401776728,5,Saint John's (MN),Augsburg,iii,iii,63,23.822236661550647,23.891256693773606
401774385,5,Washington University (St. Louis),North Central College,iii,iii,-30,-14.051606453942783,-14.04952199257794
401774368,5,Carthage,Illinois Wesleyan,iii,iii,-24,-8.174102108896113,-8.176485125339191
401767152,5,Elon,Hampton,fcs,fcs,21,11.266354814626744,11.420952366822624
401773409,5,Upper Iowa University,Lincoln (MO),ii,ii,21,5.793235867608175,5.558187554431078
401774274,5,Texas Lutheran,East Texas Baptist University,iii,iii,-3,-11.581038513450313,-11.580390113334888
401774350,5,Augustana (IL),Millikin,iii,iii,27,-4.432318707134904,-4.429397279872719
401773047,5,Wartburg,Coe College,iii,iii,10,5.370746029603236,5.375585768628536
401774359,5,Wheaton,Carroll University (WI),iii,iii,48,18.166892523599472,18.167670913023247
401777268,5,Bethany (WV),Case Western Reserve,iii,iii,-55,-20.251788146704996,-20.263485641771453
401776745,5,Carleton,St. Olaf,iii,iii,7,-1.8479484810962203,-1.8479678501005647
401776736,5,St. Scholastica,Macalester,iii,iii,3,6.280988784828946,6.2805326092329
401773157,5,Buena Vista,Simpson College (IA),iii,iii,-41,-10.019638504747304,-10.024994494813502
401773606,5,Emporia State University,Pittsburg St,ii,ii,-13,-7.05709285962233,-7.060872418057231
401773187,5,Nebraska Wesleyan,Luther,iii,iii,37,3.643842124531588,3.6410152743905435
401773089,5,Johnson C Smith,Bluefield State,ii,ii,56,19.972891243942794,19.933438670559084
401767510,5,North Dakota State,South Dakota,fcs,fcs,38,13.72593739287722,12.571028834810178
401767249,5,Austin Peay,Utah Tech,fcs,fcs,32,6.379694757195407,6.342442466521826
401773735,5,Minot State,Bemidji State,ii,ii,7,-1.1735231794093721,-1.0159851416838226
401777021,5,Wisconsin-Lutheran,Concordia University Chicago,iii,iii,22,-1.2988963628508117,-2.554317665789249
401777214,5,Otterbein,Muskingum University,iii,iii,-24,-14.034412452692536,-14.074023185822488
401767352,5,Richmond,Howard,fcs,fcs,1,1.883250183666993,2.002030504848763
401777070,5,Wabash College,Denison University,iii,iii,36,16.472942986283535,16.540537007347726
401777035,5,Rockford,Lakeland,iii,iii,-28,-7.21664433683905,-7.233028199554866
401777029,5,Concordia-Wisconsin,Benedictine University,iii,iii,8,-11.078790428934973,-11.145787791942237
401776768,5,Concordia Moorhead,Gustavus Adolphus,iii,iii,1,10.017657771077985,10.017615124176078
401778006,5,Roanoke College,Gallaudet,,iii,24,8.872260541228481,9.19498805908517
401776776,5,Olivet College,Adrian,iii,iii,-32,-19.142267640580872,-18.64244109401183
401778009,5,Catholic,Salisbury,iii,iii,-49,-30.65394129058727,-30.65578233228741
401773962,5,UVA Wise,Greeneville,ii,ii,14,-2.8695536868192892,-2.872571430960491
401773795,5,Wayne State (NE),Southwest Minnesota State,ii,ii,45,23.790514611439185,23.950218257427807
401773769,5,Augustana University (SD),Winona State,ii,ii,8,14.42420997568842,14.183247704176267
401773635,5,Washburn,Nebraska-Kearney,ii,ii,-7,-14.609879812489122,-14.637836728671525
401773622,5,Central Missouri,Missouri Southern State,ii,ii,52,7.214656267053154,7.3368047297897725
401773038,5,Central College,Dubuque,iii,iii,19,14.149811981786312,14.12390666148513
401786476,5,Westfield State,Worcester St,iii,iii,9,0.7914861057941494,0.7530369920585613
401777255,5,Allegheny,Geneva,iii,iii,-12,-1.662258942825538,-1.797584268195747
401777220,5,Averett,Bridgewater (VA),iii,iii,-27,-13.990263378517625,-14.313107084830655
401773298,5,St John Fisher University,Alfred University,iii,iii,14,-2.020010960066795,-2.0325122576822476
401773244,5,Hillsdale,Kentucky Wesleyan,ii,ii,44,13.965840465401334,13.818596009284338
401773399,5,Truman State,Indianapolis,ii,ii,-10,-11.038917173071468,-11.076085836833842
401773597,5,Northwest Missouri St,Central Oklahoma,ii,ii,22,5.55873732909707,5.576130267506652
401773882,5,Black Hills State,Colorado School Of Mines,ii,ii,-9,-4.659536524757778,-4.930148275408751
401767398,5,Morgan State,Miles College,fcs,ii,7,16.888218115402424,17.186315779007565
401773784,5,Minnesota State Mankato,Sioux Falls,ii,ii,26,3.74519525600625,5.456613835886046
401773416,5,McKendree,William Jewell,ii,ii,16,-9.194322911141917,-9.19898756027157
401767311,5,Bethune-Cookman,Alabama A&M,fcs,fcs,7,-5.572503772716246,-7.42584640922737
401773762,5,University of Mary,Northern State,ii,ii,-41,-12.067020811336732,-12.946137171279537
401774084,5,College Of New Jersey,Juniata College,iii,iii,35,15.557659582455983,15.564489401915662
401774000,5,Tuskegee,Fort Valley State,ii,ii,-7,-2.5018952387881597,-2.5112913301228716
401777621,5,Thiel,Waynesburg,iii,iii,-31,-10.227349157228758,-10.338283944361685
401773907,5,Western Colorado,New Mexico Highlands,ii,ii,27,15.388272660196023,15.962948992365652
401773888,5,Chadron St,Colorado Mesa,ii,ii,7,-1.6336141037024303,-1.611578579904906
401773261,5,McMurry,Howard Payne,iii,iii,7,-5.76291692527381,-5.765067369487234
401761616,5,UL Monroe,Arkansas State,fbs,fbs,12,0.1677433887124291,0.4058395072488121
401773989,5,Clark Atlanta,Benedict College,ii,ii,-35,-3.7209203485118554,-3.744588472017429
401767082,5,Northern Colorado,Idaho State,fcs,fcs,-8,4.399938641624129,4.610655121986181
401767361,5,Florida A&M,Alabama State,fcs,fcs,-28,-7.082800669822237,-7.029464399986532
401767545,5,South Dakota State,Mercyhurst,fcs,fcs,44,22.910732611660922,22.67086005646196
401767191,5,Maine,North Carolina A&T,fcs,fcs,7,-0.28223877037828293,-0.6109362921913393
401767323,5,Stony Brook,Merrimack,fcs,fcs,25,-3.7942070550379325,-3.8159377259898752
401756908,5,West Virginia,Utah,fbs,fbs,-34,-9.692914761088879,-9.725174452282193
401767337,5,Villanova,William & Mary,fcs,fcs,7,-1.5121746971205,-1.469116862661684
401752853,5,Iowa,Indiana,fbs,fbs,-5,-11.126451946740815,-11.409278069605996
401752851,5,Northwestern,UCLA,fbs,fbs,3,8.692541020206425,7.537127801481377
401754544,5,Boston College,California,fbs,fbs,-4,-3.9471267866006166,-4.00583747246554
401762827,5,Miami (OH),Lindenwood,fbs,fcs,38,4.664769480062624,4.53505298947559
401752719,5,Ole Miss,LSU,fbs,fbs,5,2.434665510972298,2.4082457823195504
401752852,5,Washington,Ohio State,fbs,fbs,-18,-3.235074297602452,-3.2355433624164505
401769866,5,Lafayette,Princeton,fcs,fcs,-10,8.813144068278039,10.58876763992168
401767566,5,Samford,Furman,fcs,fcs,-18,-16.27175138839507,-16.25678905817812
401756907,5,Oklahoma State,Baylor,fbs,fbs,-18,-9.172453010180341,-8.991617919368778
401757170,5,Buffalo,UConn,fbs,fbs,-3,-7.286076718159032,-7.254050459236755
401752724,5,Texas A&M,Auburn,fbs,fbs,6,3.9350667567216853,4.020955115938847
401760380,5,Northern Illinois,San Diego State,fbs,fbs,-3,-6.899194882243128,-6.907829309582869
401762473,5,Navy,Rice,fbs,fbs,8,11.35532914419803,11.300218223679947
401762824,5,Toledo,Akron,fbs,fbs,42,11.611369822651604,12.16496397817512
401767142,5,Campbell,Western Carolina,fcs,fcs,-7,0.6134839737697098,0.6076093877886493
401773511,5,Lake Erie,Tiffin,ii,ii,-13,-20.218719437666564,-20.216761148312216
401773132,5,Valdosta State,UNC Pembroke,ii,ii,-31,2.868199515450377,2.6997194142998913
401773901,5,South Dakota Mines,Fort Lewis,ii,ii,1,-8.44651206570259,-8.475075536261262
401790373,5,CSU Pueblo,Adams State,ii,ii,48,29.7778859778729,29.641305686914826
401760378,5,Air Force,Hawai'i,fbs,fbs,-9,-1.528987898432094,-1.806379428225
401767062,5,Montana State,Eastern Washington,fcs,fcs,54,15.692223418001808,15.731043182384502
401767174,5,Western Illinois,Eastern Illinois,fcs,fcs,-8,-4.643723976853266,-3.8505309237121637
401757274,5,New Mexico,New Mexico State,fbs,fbs,18,5.032055658526005,5.023459899740528
401762474,5,Tulsa,Tulane,fbs,fbs,-17,-7.0014523719940485,-6.757810553793583
401789237,5,Catawba,Southern Connecticut State,ii,ii,40,6.8076115000705855,6.782666342759859
401773060,5,Livingstone,Lincoln (PA),ii,ii,24,16.93198156410381,16.67196781048617
401773391,5,Southern Nazarene,Southeastern Oklahoma State,ii,ii,-6,2.493188027683109,2.493188027683094
401777969,5,Walsh,Ohio Dominican,ii,ii,7,2.598848521374004,2.4338623568084485
401767645,5,San Diego,St. Thomas (MN),fcs,fcs,3,-6.52287985477628,-6.5188333945423125
401752720,5,Mississippi State,Tennessee,fbs,fbs,-7,-5.027618835801665,-5.0233109391813855
401767226,5,Tennessee State,Tennessee Tech,fcs,fcs,-27,-14.167553395064852,-14.180455460098921
401774117,5,Union (NY),St. Lawrence,iii,iii,32,4.82614118886092,4.843088466780772
401767115,5,Portland State,Northern Arizona,fcs,fcs,-14,-12.720022579794563,-12.768120899181648
401783312,5,Montclair State,Wilkes,iii,iii,-3,-3.228230499120471,-3.2262581774129337
401767427,5,Mississippi Valley State,Texas Southern,fcs,fcs,-3,-5.972869360340089,-6.029572310182844
401777303,5,LYONCOLL,Westminster College (MO),iii,iii,14,-5.001037091257121,-4.684284150970534
401767558,5,East Tennessee State,Mercer,fcs,fcs,-4,-0.5472087193581796,-0.5815207365051407
401773951,5,Lenoir-Rhyne,Newberry,ii,ii,-3,6.522063051956083,6.681647715302667
401757271,5,Old Dominion,Liberty,fbs,fbs,14,16.271913801115705,17.874631818763433
401774018,5,Savannah St,Kentucky State,ii,ii,-17,4.328605492340871,3.944533403887557
401773812,5,Slippery Rock,PennWest California,ii,ii,-7,-2.733586609172546,-2.8323501830856728
401757270,5,Kennesaw State,Middle Tennessee,fbs,fbs,8,12.980656098307758,13.192499860591088
401773938,5,Wingate,Carson-Newman College,ii,ii,-7,0.30153007553123423,0.3075576279214971
401767665,5,Bucknell,St. Francis (PA),fcs,fcs,7,14.61573619180188,12.732474689912669
401774123,5,Albion,Trine University,iii,iii,-3,1.8547595250379931,2.011993635776104
401767163,5,Charleston Southern,South Carolina State,fcs,fcs,7,-9.55129836935069,-11.7263759784203
401767530,5,Chattanooga,The Citadel,fcs,fcs,-18,2.3950723590970346,2.389957464971019
401767552,5,Harvard,Brown,fcs,fcs,34,2.1934839992311748,2.1266993498327214
401774006,5,Edward Waters,Morehouse College,ii,ii,3,22.747561067358998,21.966851759582244
401767279,5,Eastern Kentucky,Nicholls,fcs,fcs,20,1.535722143268199,1.5385691143480411
401762828,5,Western Michigan,Rhode Island,fbs,fcs,33,-3.2923019463508147,-3.144492563666642
401756904,5,Iowa State,Arizona,fbs,fbs,25,1.6150663761463804,1.8276773731195917
401767523,5,SE Louisiana,UT Rio Grande Valley,fcs,fcs,14,-4.0689019636237695,-4.082514165648567
401773334,5,Arkansas Tech,Arkansas-Monticello,ii,ii,-7,27.850379583285694,27.850379583285687
401767417,5,Prairie View A&M,Grambling,fcs,fcs,15,-5.827793073407169,-5.819484768168971
401773354,5,Northwestern Oklahoma State,East Central (OK),ii,ii,-21,-13.900118106860841,-13.900118106860774
401767370,5,Alcorn State,Arkansas-Pine Bluff,fcs,fcs,-4,3.700751124062389,3.696902660119351
401767240,5,Incarnate Word,Abilene Christian,fcs,fcs,31,-8.356540597541017,-8.325918004629022
401773557,5,UT Permian Basin,Midwestern State,ii,ii,22,24.811177811360572,25.38280976714833
401767483,5,Lamar,Central Arkansas,fcs,fcs,3,8.721683384775506,8.969070435676937
401767422,5,Southern,Jackson State,fcs,fcs,-25,-15.403505552948062,-15.333515956417365
401773235,5,Findlay,Thomas More College,ii,ii,30,20.05277297356782,19.891583807552266
401757273,5,Missouri State,Western Kentucky,fbs,fbs,-5,-4.695662662201798,-4.161225970307086
401757269,5,Southern Miss,Jacksonville State,fbs,fbs,17,1.7907912317940369,1.7956582534893109
401773124,5,Delta State,ERSKINE,ii,ii,52,26.10654329532688,26.20158177520114
401773427,5,Southwest Baptist,Missouri S&T,ii,ii,-2,9.306522770014189,9.268972997328088
401773679,5,West Virginia Wesleyan,Frostburg State,ii,ii,-46,-25.28757595901836,-25.081846954657948
401767412,5,East Texas A&M,North Carolina Central,fcs,fcs,-8,-10.640697087871075,-10.885677887697996
401767219,5,UT Martin,Southeast Missouri State,fcs,fcs,24,-7.8017624600756745,-8.184491066206707
401774389,5,North Park,Elmhurst,iii,iii,28,11.150680373481904,11.153220457865157
401754548,5,NC State,Virginia Tech,fbs,fbs,-2,7.960780361216436,9.2961481445468
401762472,5,Florida Atlantic,Memphis,fbs,fbs,-29,-17.641117104284895,-17.68509069147437
401773371,5,Henderson State,Southern Arkansas,ii,ii,-3,3.334755130017017,3.3347551300169513
401773383,5,Southwestern Oklahoma State,Oklahoma Baptist,ii,ii,14,4.428907524312848,4.4289075243128515
401777281,5,Grove City College,Washington & Jefferson,iii,iii,-20,6.393444174923775,6.363148106480363
401774452,5,Hendrix College,Rhodes College,iii,iii,19,-5.87586985298611,-5.875188644145252
401776796,5,Calvin University,Kalamazoo,iii,iii,8,1.9441397845825819,1.9274005865107728
401777012,5,Eureka College,Aurora,iii,iii,-66,-16.82213120187564,-16.942011201897024
401752854,5,Penn State,Oregon,fbs,fbs,-6,-3.3808360736745726,-4.7924098458344915
401752721,5,Missouri,Massachusetts,fbs,fbs,36,31.27101777263575,31.268647129445895
401760379,5,Boise State,App State,fbs,fbs,33,5.258847473974665,5.28424244903565
401754549,5,Stanford,San José State,fbs,fbs,1,0.49813918459982354,0.47352403938315213
401752718,5,Georgia,Alabama,fbs,fbs,-3,5.24760062964711,4.531886484860337
401752950,5,Colorado State,Washington State,fbs,fbs,-17,-2.3944850044915817,-2.367741568959394
401752722,5,South Carolina,Kentucky,fbs,fbs,22,-1.3486794604936918,-1.3678958046194296
401767491,5,Stephen F. Austin,McNeese,fcs,fcs,17,9.240153534364527,9.234662901852847
401773364,5,Harding University,Ouachita Baptist,ii,ii,17,13.305968845863262,13.305968845863257
401773587,5,Western New Mexico,Central Washington,ii,ii,-60,-28.564851232784758,-28.542381191219047
401773616,5,Fort Hays State,Missouri Western,ii,ii,8,4.337940441642193,4.3382943777350125
401773583,5,West Texas A&M,Western Oregon,ii,ii,28,-6.828357488816965,-6.723397191652254
401761615,5,Louisiana,Marshall,fbs,fbs,3,-4.660139236456146,-4.612045039090109
401773567,5,Sul Ross State,Texas A&M-Kingsville,ii,ii,-49,-11.160470209972033,-11.165436026056755
401767293,5,Southern Utah,West Georgia,fcs,fcs,-3,-10.454969059628542,-10.452718317310964
401757272,5,UTEP,Louisiana Tech,fbs,fbs,-19,-14.588147388820447,-14.096681086437432
401767073,5,Sacramento State,Cal Poly,fcs,fcs,-8,3.0719721912350053,3.0006945062599364
401774261,5,Pomona Pitzer,Claremont-Mudd-Scripps College,iii,iii,8,-0.441056260632557,-0.44056635598361105
401774253,5,Redlands,California Lutheran University,iii,iii,-17,-1.0594040458404823,-1.059483517003244
401774267,5,Chapman,La Verne,iii,iii,50,14.057693568579994,14.057510723362856
401767158,5,UC Davis,Weber State,fcs,fcs,22,10.620274765961195,10.622251356620527
401767091,5,Montana,Idaho,fcs,fcs,11,10.817885707878123,10.778296442662263
401756903,5,Colorado,BYU,fbs,fbs,-3,-5.412884202929714,-5.376077328606456
401757275,6,New Mexico State,Sam Houston,fbs,fbs,27,4.612194440344667,4.705470455968044
401774075,6,Johns Hopkins University,Dickinson (PA),iii,iii,45,16.514821458286427,16.516456476749372
401767320,6,Brown,Rhode Island,fcs,fcs,7,-5.498265102899907,-5.429213975636845
401762475,6,South Florida,Charlotte,fbs,fbs,28,19.50485265002688,19.75422447641583
401757276,6,Delaware,Western Kentucky,fbs,fbs,-3,-0.9099623857818848,-0.2808624179670858
401786377,6,UMass Dartmouth,Mass Maritime,iii,iii,24,0.11624238454341551,0.11328416060587188
401767681,6,Princeton,Columbia,fcs,fcs,7,2.4026758241307498,2.3637420390033608
401760384,6,San José State,New Mexico,fbs,fbs,7,-9.60622015371326,-9.5637450948888
401760382,6,San Diego State,Colorado State,fbs,fbs,21,8.564194205725451,8.542060345112171
401756909,6,BYU,West Virginia,fbs,fbs,14,16.98534442188653,16.990506194985016
401774247,6,Belhaven,Brevard College,iii,iii,3,2.192918799108126,2.2025685544216422
401773846,6,Kutztown University,Shippensburg,ii,ii,49,31.274591280426584,31.185094309777888
401773836,6,Gannon,Slippery Rock,ii,ii,3,-25.40367150829664,-26.561034950105615
401773813,6,PennWest California,Seton Hill,ii,ii,-9,22.32860259197548,21.41829446130012
401773299,6,Alfred University,Hartwick,iii,iii,21,10.473394806821306,10.487948958845651
401773290,6,Dean College,Plymouth State,iii,iii,-34,-27.227270893562267,-27.23167859056773
401773280,6,Westfield State,Anna Maria College,iii,iii,-27,-1.1266105026038815,-1.1367520321295217
401773270,6,Alfred State,SUNY Morrisville,iii,iii,20,7.652129822350712,7.691978308721811
401752861,6,Purdue,Illinois,fbs,fbs,-16,-11.63578687174228,-12.11621157765218
401767628,6,Marist,San Diego,fcs,fcs,5,-8.426783028513755,-8.739453264716422
401752728,6,Georgia,Kentucky,fbs,fbs,21,11.553728682328359,11.566261451562589
401754550,6,Pittsburgh,Boston College,fbs,fbs,41,7.190700447732503,7.231054532206834
401767751,6,Duquesne,Stonehill,fcs,fcs,20,4.061105518900105,5.754282096699894
401760381,6,Navy,Air Force,fbs,fbs,3,14.715731695750407,14.906123320898555
401767660,6,Central Connecticut,Sacred Heart,fcs,fcs,7,0.6137516299428505,0.5357349827967797
401767666,6,Bucknell,Richmond,fcs,fcs,5,-7.304279761384256,-8.93871397768031
401777080,6,Depauw,Oberlin,iii,iii,75,41.702410555073996,41.69175435338586
401778017,6,Springfield,Salve Regina,iii,iii,14,2.2137637678147772,2.2183914668168327
401777967,6,Ohio Dominican,Northwood (MI),ii,ii,-25,-3.256837795616131,-4.109763908530408
401777005,6,Fitchburg State,Framingham State,iii,iii,-10,1.5453300920414357,1.543882206764021
401776979,6,Endicott College,Biddeford,iii,iii,39,4.06008902287874,4.064417525964741
401774106,6,University of Rochester (NY),Ithaca College,iii,iii,-4,-8.851952538327161,-8.897904967793611
401774039,6,St John Fisher University,Brockport,iii,iii,7,-7.5558689296729025,-7.512596368437519
401778010,6,Wilkes,Catholic,iii,iii,2,11.129297414775255,11.130713550570565
401762830,6,Ball State,Ohio,fbs,fbs,6,-14.65087734271049,-14.741574990622638
401783362,6,Merchant Marine Academy,MIT,iii,iii,3,11.203182969440634,11.193557688419986
401762476,6,UAB,Army,fbs,fbs,-18,-4.570393071442268,-4.563261405524461
401756911,6,Baylor,Kansas State,fbs,fbs,1,0.319743485918238,0.34116917408580605
401752856,6,Michigan,Wisconsin,fbs,fbs,14,10.717543359168666,11.319911967192724
401756912,6,Cincinnati,Iowa State,fbs,fbs,8,-7.045129265894971,-7.163469390335958
401754552,6,North Carolina,Clemson,fbs,fbs,-28,-5.405823194190544,-5.374613936180605
401767735,6,Lehigh,Yale,fcs,fcs,18,2.064468521278851,3.424551851531593
401767674,6,Lafayette,Fordham,fcs,fcs,14,16.070517350068922,17.63460429350359
401773076,6,Winston-Salem,Virginia Union,ii,ii,-10,-7.5108378025180915,-7.526518061153039
401773671,6,Glenville State,Fairmont State,ii,ii,12,4.7188170810266,4.543054200431417
401777998,6,Muhlenberg,Ursinus,iii,iii,3,-1.9699111558888438,-1.7976998199989396
401777985,6,Post University,St. Anselm,ii,ii,-7,4.6843381095633525,4.689820102051353
401776777,6,Adrian,Albion,iii,iii,21,5.525639498648125,5.0966760428275535
401774065,6,Gettysburg,Franklin & Marshall,iii,iii,-7,-16.57371740132455,-16.57351866301704
401767259,6,Monmouth,Delaware State,fcs,fcs,11,6.953614328624041,6.148866901324137
401773101,6,Bluefield State,Shaw,ii,ii,2,-3.2374420984413437,-3.207774099882231
401777292,6,Westminster (PA),Bethany (WV),iii,iii,52,29.003732685105135,29.003068303665785
401766683,6,Bowdoin,Williams,iii,iii,-18,-20.12744254114843,-20.127442541148433
401773117,6,Chowan,North Greenville,ii,ii,-15,-6.2306694864787175,-6.5402921473648306
401773051,6,Bowie State,Fayetteville State,ii,ii,-28,-8.924696923524083,-9.846590944576896
401774101,6,Hobart College,Rensselaer,iii,iii,-26,-3.4257380647570397,-3.2519447955350955
401773796,6,Minnesota Duluth,Southwest Minnesota State,ii,ii,35,37.013461490459704,38.25996070201058
401774150,6,Norwich,Worcester Polytechnic Institute,iii,iii,-7,-7.6468280310236985,-7.692253216081433
401783306,6,Lycoming,Moravian,iii,iii,17,6.161919940857384,6.184390854340299
401774338,6,Berry College,Rhodes College,iii,iii,40,22.1722230236984,22.171866750029544
401774288,6,Rowan,Christopher Newport,iii,iii,-8,-10.664236107647618,-10.651911286594885
401774085,6,Juniata College,Western Connecticut St,iii,iii,-48,-20.58856041807906,-20.580418024894463
401774048,6,Cortland,Utica,iii,iii,15,-3.342300735432005,-3.4954121330719925
401774322,6,Salisbury,College Of New Jersey,iii,iii,45,11.91340428632043,11.914678951319043
401773386,6,Ouachita Baptist,Oklahoma Baptist,ii,ii,22,15.99726038065631,16.326576088276823
401766684,6,Wesleyan University (CT),Hamilton,iii,iii,42,14.318511283974209,14.318511283974212
401774124,6,Trine University,Hope College,iii,iii,-20,-11.520643529528563,-12.303261706422916
401774221,6,Lagrange College,North Carolina Wesleyan,iii,iii,17,5.959324403894437,5.994456694242405
401767399,6,Georgetown,Morgan State,fcs,fcs,3,-1.7794617208928276,-1.5247403576014547
401767269,6,New Hampshire,Villanova,fcs,fcs,-30,3.5271813896691224,3.5405953875582723
401774133,6,William Paterson,Castleton,iii,iii,25,9.819945527304885,9.987581493654734
401777269,6,Saint Vincent,Case Western Reserve,iii,iii,-28,-18.602226456754344,-18.598528576326053
401774315,6,Kean,Montclair State,iii,iii,-10,-6.25847147489592,-6.2909797302072406
401767604,6,Stetson,Davidson,fcs,fcs,3,-2.7682262954141095,-2.8294214831770645
401773236,6,Walsh,Findlay,ii,ii,-21,-6.368547487161772,-6.513813566194655
401767615,6,Morehead State,Dayton,fcs,fcs,-7,-10.643493721327058,-10.66751476904443
401767621,6,Drake,Valparaiso,fcs,fcs,41,16.153556135414767,16.13617902035449
401774001,6,Fort Valley State,Central State (OH),ii,ii,-4,11.166865722946895,11.184047987072951
401767698,6,Pennsylvania,Dartmouth,fcs,fcs,12,-7.953486172943087,-7.980249441066553
401767233,6,Tennessee Tech,Western Illinois,fcs,fcs,46,23.094873950914188,22.496186163364854
401777231,6,Hampden-Sydney,Washington and Lee,iii,iii,-8,15.34313113210851,15.307153194469647
401776729,6,Augsburg,St. Olaf,iii,iii,31,-11.22269533923198,-11.176956331742662
401799147,6,SUNY Maritime,Coast Guard,iii,iii,-2,-6.214940470849987,-6.214012332425616
401773145,6,Ferrum,Shorter,ii,ii,3,-6.501677729047412,-5.807276505443703
401773307,6,St. Lawrence,Hilbert College,iii,iii,31,11.912229428962167,11.90586692217978
401773473,6,Wayne State (MI),Michigan Tech,ii,ii,-24,-16.288707499816972,-16.241532455342103
401773660,6,Frostburg State,Concord University,ii,ii,26,8.744364723263198,8.751011749365144
401777256,6,Waynesburg,Allegheny,iii,iii,-10,4.103521263268938,4.096495506608257
401773693,6,West Liberty,West Virginia State,ii,ii,6,-20.080276390066157,-21.02578537054404
401773718,6,Franklin Pierce,American International,ii,ii,10,16.69100226794123,16.68097717958002
401773746,6,Minnesota State Moorhead,Minot State,ii,ii,3,13.797860987453166,14.19553090960125
401773777,6,Concordia University St Paul,Minnesota State Mankato,ii,ii,-28,-33.18042117869774,-33.94639503930456
401773939,6,Emory & Henry College,Carson-Newman College,ii,ii,6,2.725580413859033,2.697419632139617
401774211,6,Southern Virginia,Greensboro College,iii,iii,13,12.725254326745704,12.710094970850776
401773095,6,Elizabeth City State,Livingstone,ii,ii,12,-9.972015749988248,-9.847909821216167
401762479,6,Temple,UTSA,fbs,fbs,6,-0.9817224031976437,-0.9733429593499885
401773410,6,Lincoln (MO),Southwest Baptist,ii,ii,-29,-1.6311431412525241,-1.663882115251596
401776970,6,Maine Maritime,Nichols College,iii,iii,-29,-12.908747882183874,-12.923515153624951
401777244,6,Shenandoah,Bridgewater (VA),iii,iii,3,2.2036887437896215,1.8796941547262005
401778007,6,Gallaudet,Guilford College,iii,iii,-55,5.0949161397874505,4.853058940311989
401767757,6,Mercyhurst,Long Island University,fcs,fcs,9,2.2577528584834425,2.4519379906490215
401767763,6,Merrimack,Robert Morris,fcs,fcs,17,6.180897967806528,6.334703369796095
401777089,6,Hiram College,Washington & Jefferson,iii,iii,-57,-19.80316972058919,-19.831419266506764
401754556,6,Virginia Tech,Wake Forest,fbs,fbs,-7,-1.2152273839599346,-2.351617536885815
401774303,6,Western New England,Husson,iii,iii,25,12.519936442520851,12.517784945893109
401774346,6,Centre College Kentucky,Millsaps,iii,iii,1,-1.9111365121154034,-1.90891928380519
401777983,6,New Haven,Pace,fcs,ii,14,10.268232786205482,10.398165778150194
401774400,6,Bluffton,Manchester,iii,iii,16,16.15352455372191,17.542910142196035
401767592,6,Wofford,Western Carolina,fcs,fcs,-2,-0.7075467221563967,-0.5597013142637834
401777207,6,University of Mount Union,Otterbein,iii,iii,55,43.64582334365478,43.6414499155015
401766685,6,Trinity (CT),Tufts,iii,iii,27,3.960517645870898,3.9605176458708646
401767164,6,Gardner-Webb,Charleston Southern,fcs,fcs,3,9.127053075476084,8.884311564981822
401774431,6,Mount St. Joseph,Anderson (IN),iii,iii,20,19.21159370313155,19.331295665499443
401773125,6,ERSKINE,UNC Pembroke,ii,ii,-37,-27.574230055937335,-27.720877208036633
401767531,6,VMI,Chattanooga,fcs,fcs,-7,-2.65963301708571,-2.929506450696268
401783917,6,Worcester St,Bridgewater State,iii,iii,9,-3.2385857212106757,-3.234786406895548
401777185,6,Heidelberg,Capital,iii,iii,3,2.8083363539835027,2.7828438380577367
401767436,6,South Carolina State,Savannah St,fcs,ii,43,11.468062184496091,13.57660746098173
401776790,6,Alma,Calvin University,iii,iii,49,2.663573118936659,2.7474376222665065
401777557,6,Jamestown College,University of Mary,ii,ii,-22,-8.190352541710462,-8.508907694729855
401776752,6,Bethel (MN),Saint John's (MN),iii,iii,7,-0.31823776049409513,-0.3372354400508417
401767595,6,St. Thomas (MN),Butler,fcs,fcs,-7,8.170762308699757,8.247368972092953
401767033,6,Bryant,Maine,fcs,fcs,-20,6.517123506859257,6.683115116612932
401773902,6,Fort Lewis,Western Colorado,ii,ii,-39,-22.699078981704265,-23.051774398627735
401754557,6,NC State,Campbell,fbs,fcs,46,21.62955147987652,21.46281654235548
401777588,6,East Texas Baptist University,Mary Hardin-Baylor,iii,iii,-14,-2.6578488959630855,-2.6606033992813107
401776737,6,Concordia Moorhead,St. Scholastica,iii,iii,28,7.227328150085285,7.005134817809502
401777071,6,Denison University,Ohio Wesleyan,iii,iii,15,1.8069164874509909,1.8299553326903286
401777239,6,Roanoke College,Randolph-Macon,,iii,-18,-7.839846960878056,-8.03025333819926
401773728,6,Southern Connecticut State,Bentley,ii,ii,-13,-3.8612976733537403,-3.890736662875355
401766681,6,Grinnell,Monmouth (IL),iii,iii,-40,-17.403308958260823,-17.396231318647047
401773803,6,Bloomsburg,Lock Haven University,ii,ii,-21,1.6927937781712519,1.8358247034710615
401773829,6,Indiana-Pennsylvania,Edinboro University,ii,ii,23,15.900424679104743,16.136579944083213
401773857,6,Millersville,Shepherd,ii,ii,-15,-9.498075835250635,-9.391707560047402
401773873,6,Adams State,Chadron St,ii,ii,-43,-17.455148942973054,-17.23626585401488
401773894,6,Colorado School Of Mines,Colorado Mesa,ii,ii,-4,6.75524837050937,6.775743458587232
401774169,6,Wisconsin-Whitewater,Wisconsin-Lacrosse,iii,iii,-3,5.828043208611319,5.835255446100835
401774230,6,Huntingdon College (AL),Methodist,iii,iii,26,9.266450963895885,9.271055279037029
401774238,6,Sewanee,Maryville College (TN),iii,iii,-33,-10.07237522657472,-10.082111263774646
401774351,6,North Park,Augustana (IL),iii,iii,-3,-0.48088764404757534,-0.490736019022858
401774360,6,Millikin,Carroll University (WI),iii,iii,-11,0.29815854669628905,0.30069799271811704
401774369,6,Elmhurst,Carthage,iii,iii,-24,-10.140320713912336,-10.140763030084093
401778031,6,Greenville,Westminster College (MO),iii,iii,14,3.4704296414454063,3.7747832111439124
401783818,6,Trinity University TX,Southwestern University,iii,iii,51,17.499406490310633,17.500375554032615
401776804,6,Kalamazoo,Olivet College,iii,iii,-3,18.05908986004815,18.150058256320317
401777013,6,Lakeland,Aurora,iii,iii,-21,-9.749737979129886,-9.789703168288193
401777261,6,Carnegie Mellon,McDaniel College,iii,iii,49,13.058041526372644,13.056631386743627
401777553,6,West Chester,East Stroudsburg University,ii,ii,-31,7.149902020353878,7.521268785127189
401773617,6,Missouri Southern State,Fort Hays State,ii,ii,-7,-12.400477569763899,-12.649264598306088
401773039,6,Loras College,Central College,iii,iii,-18,-23.815838382114578,-23.681247115364787
401773107,6,Wilson,Delta State,ii,ii,-45,-28.371479383963567,-28.375501368695055
401773158,6,Coe College,Buena Vista,iii,iii,27,22.327813663643997,22.091613833285933
401773188,6,Luther,Wartburg,iii,iii,-33,-43.11033781688911,-43.117926198206064
401773251,6,Hardin-Simmons,Howard Payne,iii,iii,55,15.51777436165883,15.517919642112936
401773428,6,Missouri S&T,Upper Iowa University,ii,ii,-10,-13.898404708841491,-13.655284993212309
401777106,6,Wooster,Wittenberg,iii,iii,2,-9.60623283052895,-9.606421070260781
401773480,6,Saginaw Valley State,Northern Michigan,ii,ii,22,3.247762826078443,3.551784000199614
401776769,6,Gustavus Adolphus,Carleton,iii,iii,-17,-11.290401287036014,-11.300537115135375
401766678,6,Beloit,Cornell College (IA),iii,iii,-7,-12.52288869691229,-12.526130266593551
401766680,6,Knox College,Chicago,iii,iii,-52,-17.59387047147487,-17.60361533788276
401766682,6,Illinois College,Lawrence University,iii,iii,59,22.633010029915333,22.629615985298663
401766687,6,Middlebury,Amherst,iii,iii,-10,3.4952054644008843,3.495205464400877
401773068,6,Virginia St,Johnson C Smith,ii,ii,-11,-4.345263919032881,-4.313495735443283
401774177,6,Wisconsin-River Falls,Wisconsin-Oshkosh,iii,iii,-4,5.684128045356238,5.715657776438613
401773920,6,Anderson (Sc),UVA Wise,ii,ii,43,11.668811699522028,11.560791038259447
401773530,6,Northeastern State,West Florida,ii,ii,-7,-22.517518532411145,-23.31187233554016
401773982,6,Benedict College,Allen,ii,ii,10,18.394287109387285,18.432142016491397
401773485,6,Roosevelt,Ferris State,ii,ii,-66,-25.294040440969713,-25.334381001658798
401773736,6,Bemidji State,Northern State,ii,ii,3,-20.81685382265049,-21.858730709631384
401774161,6,Wisconsin-Eau Claire,Wisconsin-Stout,iii,iii,-25,7.010868023791609,7.0012729311693
401773770,6,Sioux Falls,Augustana University (SD),ii,ii,-1,-1.6398577039793985,-2.9381966427733364
401773799,6,Winona State,Wayne State (NE),ii,ii,7,-11.022830410868098,-11.048938735729173
401774416,6,Rose-Hulman,Hanover College,iii,iii,-34,-8.330019267067225,-8.37942580415178
401767559,6,Furman,East Tennessee State,fcs,fcs,9,-4.241013337401487,-4.245927281240828
401767727,6,Holy Cross,Harvard,fcs,fcs,-35,-17.735954840214664,-17.745278864002913
401767690,6,Cornell,Colgate,fcs,fcs,-20,-1.3914986260985214,-1.3707020404542285
401777030,6,St. Norbert,Concordia-Wisconsin,iii,iii,-7,-0.15592896534735345,-0.3129630520110478
401777042,6,Benedictine University,Rockford,iii,iii,33,21.915397153622006,22.03384977384111
401777770,6,New England College,Curry College,,iii,-55,-34.6912388297917,-34.69135035472016
401777202,6,Ohio Northern,Marietta,iii,iii,33,-3.524827449061168,-3.6738717126500067
401777022,6,Concordia University Chicago,Eureka College,iii,iii,29,0.842666610897929,1.12287313514053
401774184,6,Wisconsin-Platteville,Wisconsin-Stevens Pt,iii,iii,52,13.022987835194614,13.034759307784412
401767211,6,Lindenwood,UT Martin,fcs,fcs,16,1.6907936522484892,2.1037718224025994
401762832,6,Massachusetts,Western Michigan,fbs,fbs,-18,-16.58505710379977,-16.668436550356926
401777130,6,John Carroll University,Wabash College,iii,iii,3,-4.616128937298285,-4.627492753249562
401773908,6,New Mexico Highlands,CSU Pueblo,ii,ii,-46,-17.68206145741739,-17.684978375692666
401773636,6,Pittsburg St,Nebraska-Kearney,ii,ii,17,2.1930792182589354,2.1778941186266003
401773175,6,Dubuque,Nebraska Wesleyan,iii,iii,11,11.371999638560952,11.404042598332218
401774019,6,Miles College,Kentucky State,ii,ii,-21,-10.730109727679917,-10.80945756952009
401767175,6,Eastern Illinois,Tennessee State,fcs,fcs,24,2.275532325713474,2.5760647254842084
401767362,6,Alabama State,Bethune-Cookman,fcs,fcs,17,10.558722590070376,12.132881411267498
401756910,6,Arizona,Oklahoma State,fbs,fbs,28,12.799215301288505,12.699780744586857
401773974,6,Lane College,Albany State GA,ii,ii,-41,-28.686819085988212,-28.725313870640328
401773355,6,Harding University,East Central (OK),ii,ii,65,18.171152258889986,16.928150703680053
401773372,6,Southwestern Oklahoma State,Henderson State,ii,ii,-3,-13.89492483482288,-13.990959049441875
401773377,6,Northwestern Oklahoma State,Southern Arkansas,ii,ii,-26,-25.59042497401001,-26.637470075098697
401773345,6,Arkansas-Monticello,Southern Nazarene,ii,ii,14,-6.77519927495236,-6.794250596880777
401773417,6,Quincy,McKendree,ii,ii,-3,5.12161700270218,4.952137394798234
401767496,6,South Dakota,Murray State,fcs,fcs,25,19.078963552457132,20.119206922897902
401767241,6,Abilene Christian,North Alabama,fcs,fcs,29,1.4528207826037574,1.5321688323693414
401754554,6,Louisville,Virginia,fbs,fbs,-3,1.674511519342925,1.7338117759759726
401762831,6,Buffalo,Eastern Michigan,fbs,fbs,1,9.816598796658464,9.824902879531837
401767273,6,William & Mary,North Carolina A&T,fcs,fcs,4,12.220976724368464,12.279049986960622
401752726,6,Alabama,Vanderbilt,fbs,fbs,16,-4.528700073348055,-3.780129943032904
401761618,6,Georgia State,James Madison,fbs,fbs,-7,-16.11240743943854,-16.177511333267006
401752727,6,Florida,Texas,fbs,fbs,8,-10.381384319804038,-10.446530823856385
401754555,6,SMU,Syracuse,fbs,fbs,13,2.2166095096294818,2.205795628420109
401752940,6,App State,Oregon State,fbs,fbs,4,1.006442374899521,0.8446783640413411
401752857,6,Maryland,Washington,fbs,fbs,-4,-0.8821657803291139,-0.8697055625363141
401752858,6,Northwestern,UL Monroe,fbs,fbs,35,0.5176160936458132,-0.6805643075546666
401762829,6,Akron,Central Michigan,fbs,fbs,6,-1.657592404636862,-1.551172015696773
401757165,6,Notre Dame,Boise State,fbs,fbs,21,12.551018698507818,12.788517420041032
401752855,6,UCLA,Penn State,fbs,fbs,5,-24.938623394643496,-25.260056292298998
401757171,6,UConn,Florida International,fbs,fbs,41,6.102831632966646,6.320459665991482
401767324,6,UAlbany,Stony Brook,fcs,fcs,-35,-7.399017349765325,-7.259329891828584
401762873,6,Northern Illinois,Miami (OH),fbs,fbs,-11,-0.3103524519352021,-0.19339372952872935
401773702,6,Wheeling,West Virginia Wesleyan,ii,ii,26,17.64474846444937,17.67769082348029
401767250,6,Austin Peay,West Georgia,fcs,fcs,14,-4.263282665818197,-4.266821193962796
401767371,6,Alcorn State,Prairie View A&M,fcs,fcs,-1,-7.905873823079759,-7.9558305344524065
401777154,6,Pacific (OR),Whitworth,iii,iii,-14,0.5387519611839124,0.5397611141112151
401774118,6,Buffalo State,Union (NY),iii,iii,-22,-17.070765500299437,-17.075995108064408
401773455,6,Grand Valley State University,Davenport,ii,ii,23,8.607586829017398,8.753852929542282
401767484,6,Lamar,Nicholls,fcs,fcs,7,12.726061895324772,12.903112792090383
401777162,6,Pacific Lutheran,Willamette,iii,iii,3,15.824964312401445,15.824775340189145
401766679,6,Ripon,Lake Forest College,iii,iii,-38,4.362505097114628,4.36244808327462
401777169,6,Lewis & Clark College,Puget Sound,iii,iii,37,25.808331109792025,25.808372162934212
401761620,6,Arkansas State,Texas State,fbs,fbs,1,-12.266780992704117,-12.221574438573256
401767183,6,Hampton,Norfolk State,fcs,fcs,7,-3.0801555670875373,-3.205336283524521
401752729,6,Oklahoma,Kent State,fbs,fbs,44,30.498319149312078,30.48010062470912
401767575,6,Mercer,Samford,fcs,fcs,24,23.606276432411306,23.629988050442723
401752860,6,Nebraska,Michigan State,fbs,fbs,11,4.275557572760867,4.306951397662601
401773245,6,Tiffin,Hillsdale,ii,ii,7,4.782334363062469,4.728417318735663
401773521,6,Valdosta State,Lenoir-Rhyne,ii,ii,-7,0.5537213229843854,0.4061450752108975
401767153,6,Towson,Elon,fcs,fcs,-14,-0.6365249195227527,-0.7805067504576684
401773588,6,Western Oregon,Western New Mexico,ii,ii,21,12.696770871475886,12.676835176383824
401777140,6,NEWBERG,Linfield College,iii,iii,-18,-15.342204451317587,-15.339882682987035
401773169,6,Kentucky Wesleyan,Ashland,ii,ii,-55,-31.696176532043197,-31.743941722083356
401769869,6,Central Arkansas,Utah Tech,fcs,fcs,6,1.0944985290755964,1.114363579036695
401767503,6,Northern Iowa,North Dakota,fcs,fcs,-28,-14.906645774443657,-14.6832259114896
401767108,6,Northern Arizona,Montana State,fcs,fcs,-24,-8.295189932185913,-8.45385847717091
401767312,6,Alabama A&M,Jackson State,fcs,fcs,-33,-10.240307795160483,-10.476539538991286
401773931,6,Catawba,Mars Hill,ii,ii,14,-6.643848628200946,-6.635132371170172
401761619,6,Old Dominion,Coastal Carolina,fbs,fbs,40,15.095926436864172,16.451483447483554
401773400,6,Indianapolis,William Jewell,ii,ii,46,19.373384979447394,19.398253272779648
401767546,6,Youngstown State,South Dakota State,fcs,fcs,-5,-13.357423334215369,-13.21232773002421
401774409,6,Muskingum University,Franklin,iii,iii,-1,5.8129636941417,6.515790904020787
401773505,6,Thomas More College,Lake Erie,ii,ii,-6,0.5266345026132822,0.6505586832561647
401773538,6,Angelo State,UT Permian Basin,ii,ii,-14,5.915067198268378,5.020657360234674
401774375,6,Washington University (St. Louis),Illinois Wesleyan,iii,iii,2,-1.3854597323374165,-1.3883058576371128
401774386,6,North Central College,Wheaton,iii,iii,35,9.018515369362248,9.01446666696372
401777305,6,Minnesota Morris,Martin Luther,iii,iii,7,-9.001470928857842,-8.952344133977931
401788917,6,La Verne,Pomona Pitzer,iii,iii,-22,-22.61764644835924,-22.618148767188863
401767492,6,McNeese,SE Louisiana,fcs,fcs,-38,-12.253426724874709,-12.26416508788083
401766686,6,Bates,Colby College,iii,iii,-7,-1.2848371351800392,-1.284837135180017
401773335,6,Arkansas Tech,Southeastern Oklahoma State,ii,ii,4,8.154484859290122,7.944142713100376
401767447,6,Southern Illinois,Indiana State,fcs,fcs,28,5.087117901339795,4.920630600312265
401773558,6,Midwestern State,Texas A&M-Kingsville,ii,ii,7,-14.71180930388288,-16.249621771617477
401762477,6,Rice,Florida Atlantic,fbs,fbs,-6,7.000949450503896,7.033575732049662
401777295,6,Austin,CENTENARY,iii,iii,26,-0.056670135764317564,-0.053104243324344935
401760385,6,Wyoming,UNLV,fbs,fbs,-14,-4.842421063372221,-4.75392320955072
401756913,6,Houston,Texas Tech,fbs,fbs,-24,-3.6945676419586064,-3.688507160605191
401761621,6,Troy,South Alabama,fbs,fbs,7,1.2122515302714838,1.2194082318169635
401767460,6,Northwestern State,East Texas A&M,fcs,fcs,-30,-2.8519532671927905,-2.896641501000005
401767294,6,Tarleton State,Southern Utah,fcs,fcs,10,13.881073134167838,13.87143528280926
401767477,6,Incarnate Word,Stephen F. Austin,fcs,fcs,-14,-3.6647060896699024,-3.6522570003289907
401767063,6,Eastern Washington,Portland State,fcs,fcs,8,3.5451906991791464,3.725148747025777
401767381,6,Texas Southern,Arkansas-Pine Bluff,fcs,fcs,44,-0.2968347071391779,-0.2556666015485227
401773607,6,Missouri Western,Emporia State University,ii,ii,-36,2.0253421640766103,2.0402177931972947
401774007,6,Morehouse College,Tuskegee,ii,ii,7,-12.112074893628028,-12.175218096703494
401773957,6,Newberry,Wingate,ii,ii,1,-11.51354620198577,-11.515935400366146
401773526,6,West Alabama,Lincoln (CA),ii,ii,0,32.68851946265505,32.70307143514768
401767438,6,Illinois State,North Dakota State,fcs,fcs,-17,-15.233991060818312,-15.356958416800632
401756915,6,UCF,Kansas,fbs,fbs,-7,-5.442358347307589,-5.452341665661997
401754553,6,Florida State,Miami,fbs,fbs,-6,-9.065910225876216,-8.788128638950486
401752730,6,Texas A&M,Mississippi State,fbs,fbs,22,4.186498086072774,4.2379097184879555
401752859,6,Ohio State,Minnesota,fbs,fbs,39,16.560682597306766,16.573252140504867
401756914,6,TCU,Colorado,fbs,fbs,14,3.8273396642193944,3.8102946786949943
401777276,6,Geneva,Grove City College,iii,iii,-13,-9.214758697627996,-9.194421550523005
401776758,6,Macalester,Hamline University,iii,iii,29,-3.3493782286550164,-3.3098217174379805
401767469,6,UT Rio Grande Valley,Houston Christian,fcs,fcs,20,5.470039491863595,5.460346263590161
401773584,6,West Texas A&M,Sul Ross State,ii,ii,49,22.325170733677936,22.343116920392674
401773883,6,Black Hills State,South Dakota Mines,ii,ii,-14,9.694950273231283,9.552561561708533
401762478,6,Memphis,Tulsa,fbs,fbs,38,18.145211014551258,18.153966467225796
401767083,6,Idaho State,Montana,fcs,fcs,-4,-20.120242565888873,-20.091871440716684
401767074,6,Cal Poly,UC Davis,fcs,fcs,-7,-3.749398704454258,-3.7478512896185663
401773598,6,Central Oklahoma,Central Missouri,ii,ii,-1,-7.943871907938012,-7.751486908195379
401777612,6,Crown College,Northwestern (MN),iii,iii,19,-0.6041766691331745,-0.585884511204025
401773548,6,Central Washington,Eastern New Mexico,ii,ii,51,21.654772555978504,21.900035573984567
401774262,6,California Lutheran University,Claremont-Mudd-Scripps College,iii,iii,5,6.818306590264417,6.818274898924895
401774254,6,Chapman,Redlands,iii,iii,27,3.14567069392446,3.145122233772655
401760383,6,Fresno State,Nevada,fbs,fbs,3,12.207995407198318,12.315628930953281
401754551,6,California,Duke,fbs,fbs,-24,-6.271899331931856,-6.211258946665524
401757278,7,Middle Tennessee,Missouri State,fbs,fbs,-2,-11.011411067690231,-10.954399698352669
401757277,7,UTEP,Liberty,fbs,fbs,-11,-1.0000034652220453,-0.9686335542029454
401773365,7,Southeastern Oklahoma State,Harding University,ii,ii,-28,-26.382973664376795,-26.337380453554502
401757280,7,Kennesaw State,Louisiana Tech,fbs,fbs,28,-12.483300421894311,-12.51130731763627
401762480,7,Tulane,East Carolina,fbs,fbs,7,-0.13639912675560595,-0.2921351301402382
401761622,7,Georgia Southern,Southern Miss,fbs,fbs,-3,-8.740647243952141,-8.629981003086758
401757279,7,Sam Houston,Jacksonville State,fbs,fbs,-2,-11.67587091663387,-11.806596856725717
401767034,7,Bryant,Brown,fcs,fcs,-10,-8.4026205457321,-9.427415750448148
401767691,7,Harvard,Cornell,fcs,fcs,24,25.623954499198486,25.561542903871246
401783354,7,Stevenson,Kings College (PA),iii,iii,-7,12.542357723386846,13.562373310000721
401767629,7,Pennsylvania,Marist,fcs,fcs,19,9.830017147922632,9.979579150321364
401762481,7,North Texas,South Florida,fbs,fbs,-27,2.123731941502296,1.944254132938223
401752862,7,Washington,Rutgers,fbs,fbs,19,8.21193707102703,8.08542493765038
401760388,7,Colorado State,Fresno State,fbs,fbs,28,-10.59254575266684,-11.517925608968316
401776971,7,Curry College,Maine Maritime,iii,iii,60,30.906842605367633,30.915620899294865
401754561,7,SMU,Stanford,fbs,fbs,24,14.19221227623974,14.170643454133922
401754559,7,Florida State,Pittsburgh,fbs,fbs,-3,2.484635431887874,2.5634099824721233
401783345,7,Eastern University,Delaware Valley,iii,iii,17,-0.6088037614701856,-0.552848831360417
401777136,7,Wittenberg,John Carroll University,iii,iii,-37,-13.797415935013898,-13.797047062188582
401773822,7,Gannon,Clarion,ii,ii,-2,-11.833022790055754,-12.717829388894835
401773308,7,University of Rochester (NY),Hilbert College,iii,iii,38,27.34441365868718,27.310726955609553
401774076,7,Johns Hopkins University,Carnegie Mellon,iii,iii,1,16.279604015407994,16.289288304810487
401752734,7,Missouri,Alabama,fbs,fbs,-3,-0.9185509059846595,-1.6092891557848645
401774222,7,North Carolina Wesleyan,Belhaven,iii,iii,-3,-6.539129069595823,-6.572458556221777
401777277,7,Thiel,Geneva,iii,iii,-13,-15.425821982470605,-15.489679778585138
401762833,7,Akron,Miami (OH),fbs,fbs,-13,-4.439329386263736,-4.3346549982380616
401752863,7,Michigan State,UCLA,fbs,fbs,-25,8.756111875103631,8.889064837737159
401752865,7,Illinois,Ohio State,fbs,fbs,-18,-6.807871592303002,-6.723521189370793
401777954,7,Northwood (MI),Lake Erie,ii,ii,45,17.629911364220856,18.3136626538423
401773710,7,Assumption,Pace,ii,ii,17,22.137717533195527,22.100127288722106
401773865,7,Shepherd,West Chester,ii,ii,4,-9.348808975477873,-9.506272261480234
401762835,7,Bowling Green,Toledo,fbs,fbs,5,-9.771603291147382,-9.878329676195232
401773446,7,Truman State,Upper Iowa University,ii,ii,27,-2.1192946816795657,-1.959080812582525
401777006,7,Worcester St,Fitchburg State,iii,iii,-15,-2.7857153079518078,-2.7852382873045016
401773862,7,Seton Hill,Slippery Rock,ii,ii,-42,-9.506902806431489,-8.543140739018094
401756917,7,Cincinnati,UCF,fbs,fbs,9,5.635139283295256,5.677255706738766
401774134,7,Castleton,Christopher Newport,iii,iii,-62,-31.886574410875575,-32.034488741346806
401767344,7,Delaware State,Southern Connecticut State,fcs,ii,47,15.867614648797119,16.617826368423266
401756920,7,Oklahoma State,Houston,fbs,fbs,-22,-17.325809213208828,-17.2511754012145
401774054,7,Utica,SUNY Morrisville,iii,iii,6,27.116905200426764,27.24878952343938
401761625,7,James Madison,Louisiana,fbs,fbs,10,11.786332032868586,11.856792583569348
401767736,7,Columbia,Lehigh,fcs,fcs,-24,-18.30119753710689,-19.138390585968335
401767776,7,Wagner,Mercyhurst,fcs,fcs,-12,-7.091075919760882,-7.071616026686547
401762483,7,Army,Charlotte,fbs,fbs,17,16.322450172382773,16.262678589384578
401767576,7,Princeton,Mercer,fcs,fcs,-24,-7.7774222545031435,-7.977558502405703
401774094,7,Susquehanna,Lycoming,iii,iii,62,18.646199406316907,18.69975543042741
401767667,7,Lafayette,Bucknell,fcs,fcs,38,4.566532408632181,7.271138002686163
401774162,7,Wisconsin-Lacrosse,Wisconsin-Eau Claire,iii,iii,20,13.784851782141931,13.786786826547882
401752733,7,Ole Miss,Washington State,fbs,fbs,3,16.63023274556846,16.477894158822618
401777591,7,Greensboro College,Huntingdon College (AL),iii,iii,-7,-9.157360649026783,-9.170607349015292
401774239,7,Maryville College (TN),Centre College Kentucky,iii,iii,20,13.514535418717609,13.516162764689568
401777097,7,Wabash College,Ohio Wesleyan,iii,iii,17,25.17494434513811,25.185450988938857
401773411,7,Lincoln (MO),Northeastern State,ii,ii,-49,-3.840729951303839,-4.23853403587481
401767274,7,North Carolina A&T,South Carolina State,fcs,fcs,-6,-10.186841472605977,-11.659740815730654
401774066,7,Franklin & Marshall,Muhlenberg,iii,iii,1,-10.088285269247091,-10.095275708527408
401767192,7,Merrimack,Maine,fcs,fcs,-7,4.022797225806836,3.218302994587213
401773858,7,Shippensburg,Millersville,ii,ii,13,3.481212341776473,3.3278911885200806
401777613,7,Northwestern (MN),Greenville,iii,iii,-3,-10.307678771490888,-10.253985403481668
401773061,7,Bluefield State,Lincoln (PA),ii,ii,3,5.770223921399477,5.789960828318918
401773052,7,Bowie State,Virginia St,ii,ii,-7,-8.786927654484392,-9.537776502003505
401773077,7,Elizabeth City State,Virginia Union,ii,ii,-19,-21.881542166383202,-21.82948342739696
401773102,7,Shaw,Winston-Salem,ii,ii,7,-16.402760165379547,-16.337083145946657
401774107,7,St. Lawrence,Ithaca College,iii,iii,-17,-16.780556467524775,-16.776060750000727
401774114,7,Rensselaer,Buffalo State,iii,iii,44,28.066125573060503,27.93359306154855
401774231,7,Methodist,Lagrange College,iii,iii,-19,-21.512448340386285,-21.50714793832539
401776730,7,Augsburg,Bethel (MN),iii,iii,-49,-21.05606099551098,-21.026932630383826
401776987,7,Lebanon Valley,Misericordia,iii,iii,-2,-3.297886631276267,-4.263613341691685
401773496,7,Ferris State,Wayne State (MI),ii,ii,59,28.243502712169374,28.266180809783073
401777306,7,Westminster College (MO),Minnesota Morris,iii,iii,-3,-3.291743665297787,-3.540320233177976
401783333,7,Reading,Albright,iii,iii,-24,-7.986698957359547,-7.656204413751215
401767752,7,Duquesne,St. Francis (PA),fcs,fcs,45,17.95088763566166,18.051108125767595
401783351,7,Widener,FDU-Florham,iii,iii,3,6.646142311748717,6.63823522605302
401773680,7,Frostburg State,Glenville State,ii,ii,-6,4.661548984732992,4.500995482719935
401766695,7,Hamilton,Trinity (CT),iii,iii,-49,-17.74188679586147,-18.03187744132447
401767400,7,Morgan State,Virginia University Of Lynchburg,fcs,,38,22.37924511282667,22.775904818533817
401783363,7,Merchant Marine Academy,SUNY Maritime,iii,iii,-20,7.152210728746411,7.115400864140689
401783905,7,Montclair State,Rowan,iii,iii,-12,-10.308021740426025,-10.310422431074288
401762836,7,Eastern Michigan,Northern Illinois,fbs,fbs,6,-6.601536405209121,-6.897317011370776
401777221,7,Randolph-Macon,Averett,iii,iii,57,41.216420560640415,41.40536445055733
401773210,7,Ashland,Thomas More College,ii,ii,24,24.675133957286807,24.726956724965888
401773975,7,Albany State GA,Clark Atlanta,ii,ii,25,14.64911401684077,14.628507959215456
401774008,7,Central State (OH),Morehouse College,ii,ii,-5,1.5402452634259838,1.6004068495163146
401774316,7,Salisbury,Kean,iii,iii,14,34.18203976285683,34.20482303206673
401767605,7,Davidson,St. Thomas (MN),fcs,fcs,-44,-13.567721191553655,-13.408163074230036
401767637,7,Stetson,Morehead State,fcs,fcs,7,-5.403798068460218,-5.420397819033506
401777992,7,Dickinson (PA),Gettysburg,iii,iii,28,16.95575572612306,16.9637226829568
401777733,7,Ursinus,McDaniel College,iii,iii,52,21.31730666831065,21.188370456074352
401774102,7,Union (NY),Hobart College,iii,iii,17,2.0287974298679146,2.0419160326434653
401767739,7,Colgate,Richmond,fcs,fcs,-5,-0.027144541907044406,0.06503901025198466
401773512,7,Tiffin,Walsh,ii,ii,47,4.070298441164356,4.162574868406857
401767448,7,Indiana State,South Dakota,fcs,fcs,-5,-5.34150352246056,-6.548652341833673
401773499,7,Kentucky Wesleyan,Ohio Dominican,ii,ii,-18,-16.395135913494112,-16.365703756211502
401774086,7,Catholic,Juniata College,iii,iii,3,4.305922784311207,4.304560754101317
401777245,7,Guilford College,Shenandoah,iii,iii,-38,-10.729884993760713,-10.816188919121643
401779512,7,New Haven,Western Connecticut St,fcs,iii,69,-6.974210544096753,-6.801589749593644
401767353,7,Sacred Heart,Howard,fcs,fcs,18,-3.5182506953734927,-3.552509203261999
401783310,7,Moravian,Wilkes,iii,iii,-19,-12.910179414157799,-12.92895978543881
401774281,7,Southwestern University,Sewanee,iii,iii,8,0.39879784409497887,0.4033670744478943
401767596,7,Butler,Presbyterian,fcs,fcs,-6,-12.457781144336677,-12.580706062391156
401777251,7,Washington and Lee,Gallaudet,iii,iii,45,22.694584121006116,22.909002145955576
401767270,7,Rhode Island,New Hampshire,fcs,fcs,11,2.5700617665317473,2.5200813415709673
401767407,7,Wofford,Norfolk State,fcs,fcs,17,7.579093429338825,7.765498536261195
401767699,7,Dartmouth,Yale,fcs,fcs,1,-3.0846260393139087,-3.305217943705621
401766694,7,Colby College,Wesleyan University (CT),iii,iii,-17,-13.140670396728162,-12.80390706651303
401777208,7,Wilmington (OH),University of Mount Union,iii,iii,-59,-27.415712313289617,-27.44909428273562
401777212,7,Muskingum University,Ohio Northern,iii,iii,-38,-7.205741871435099,-7.189874785493217
401773126,7,ERSKINE,North Greenville,ii,ii,-30,-15.576234606096184,-15.66494278397146
401774417,7,Mount St. Joseph,Hanover College,iii,iii,-24,0.02020456388807279,0.0921928116852282
401774401,7,Anderson (IN),Bluffton,iii,iii,-42,-10.857694846526833,-10.591138726929117
401777178,7,Otterbein,Baldwin Wallace,iii,iii,-42,-30.42429861739135,-30.435829327481496
401773082,7,Fayetteville State,Livingstone,ii,ii,24,14.188339526255344,14.239670081665496
401774424,7,Manchester,Capital,iii,iii,-25,-18.26447933894276,-19.466116496127363
401766697,7,Bowdoin,Amherst,iii,iii,-27,-16.336255675470333,-17.76349074162028
401774410,7,Franklin,Rose-Hulman,iii,iii,-1,12.478336572842458,11.92030689640059
401773159,7,Buena Vista,Luther,iii,iii,24,11.297181027544159,11.495022473478826
401777603,7,Martin Luther,Crown College,iii,iii,-10,1.7699572593729513,1.7605877094061029
401774376,7,Illinois Wesleyan,Wheaton,iii,iii,-44,-8.472530384904505,-8.468553334398422
401767260,7,Towson,Monmouth,fcs,fcs,-11,-6.369761137213311,-6.799646455585029
401773237,7,Findlay,Hillsdale,ii,ii,2,12.879276968800717,12.848754068323155
401774370,7,Carthage,Washington University (St. Louis),iii,iii,-8,-10.71652099978952,-10.716426108460007
401774191,7,Wisconsin-Stevens Pt,Wisconsin-Whitewater,iii,iii,-31,-16.07967642533236,-16.085352455755736
401774185,7,Wisconsin-River Falls,Wisconsin-Platteville,iii,iii,10,-7.454388475813381,-7.442555747361903
401773108,7,Ferrum,Wilson,ii,ii,-14,3.169778132817891,2.895616028102749
401773661,7,Concord University,West Virginia State,ii,ii,-7,-5.733173360253462,-5.780417982523236
401777031,7,Concordia-Wisconsin,Lakeland,iii,iii,7,5.403644015031762,5.58327647845266
401774464,7,Rhodes College,Millsaps,iii,iii,-26,-9.145845041623451,-9.146224273118415
401774453,7,Hendrix College,Austin,iii,iii,39,2.607146255430166,2.6086646370679922
401773814,7,Edinboro University,PennWest California,ii,ii,6,-12.984389488477138,-13.095195668390177
401773672,7,Fairmont State,West Virginia Wesleyan,ii,ii,35,18.434739752797597,18.56813397367011
401778026,7,Bridgewater (VA),Roanoke College,iii,,-10,-5.872383623930233,-5.513444532973859
401777977,7,Bentley,Post University,ii,ii,59,0.21021208058382346,0.08694578405198161
401774459,7,McMurry,LYONCOLL,iii,iii,58,8.34249512631709,8.388985989367825
401766696,7,Williams,Middlebury,iii,iii,7,5.664931977757717,7.395521313585601
401766692,7,Chicago,Lawrence University,iii,iii,66,24.44846948691114,24.446689855956034
401773990,7,Benedict College,Fort Valley State,ii,ii,7,12.446149952475952,12.428379762430822
401777289,7,Washington & Jefferson,Westminster (PA),iii,iii,17,0.5751324654724552,0.6000529188856669
401777282,7,Grove City College,Waynesburg,iii,iii,10,14.026638616512354,14.042061678619646
401773608,7,Emporia State University,Missouri Southern State,ii,ii,7,8.162063750322426,8.33868972982733
401773895,7,South Dakota Mines,Colorado School Of Mines,ii,ii,-10,-13.000417286414333,-13.039649485161926
401777014,7,Aurora,Rockford,iii,iii,48,29.723371453169243,29.73515395065046
401773771,7,Augustana University (SD),Concordia University St Paul,ii,ii,40,24.51308585455071,25.2168671956177
401776763,7,Hamline University,Concordia Moorhead,iii,iii,-46,-16.96403827950584,-16.988833958378994
401773651,7,Wheeling,University Of Charleston (WV),ii,ii,-7,-15.305936887351194,-15.279728976967725
401774020,7,Kentucky State,Edward Waters,ii,ii,28,-2.2542543733915137,-1.7821407963922282
401773641,7,Central Missouri,Northwest Missouri St,ii,ii,-17,-3.711891533797999,-3.6761568132250737
401774178,7,Wisconsin-Stout,Wisconsin-Oshkosh,iii,iii,11,-7.165466077368653,-7.158314160434416
401776746,7,St. Olaf,Gustavus Adolphus,iii,iii,-14,3.9473315316559567,3.9531967369043706
401773737,7,Wayne State (NE),Bemidji State,ii,ii,-5,10.719795854762216,11.064566870528598
401766688,7,Monmouth (IL),Illinois College,iii,iii,33,5.633631231873235,5.64498587749729
401766690,7,Lake Forest College,Beloit,iii,iii,59,22.051877157269757,22.047589767446084
401773181,7,Nebraska Wesleyan,Loras College,iii,iii,-3,-5.41920588352875,-5.517464892482565
401766689,7,Knox College,Grinnell,iii,iii,3,-9.544444068571142,-9.552965478434526
401773456,7,Davenport,Michigan Tech,ii,ii,-2,-12.94421270220133,-13.146054003626707
401773418,7,Southwest Baptist,McKendree,ii,ii,-2,0.2773700646659556,0.24355285026544404
401773252,7,Hardin-Simmons,Mary Hardin-Baylor,iii,iii,27,2.7665376902178798,2.7744396775492106
401773373,7,Henderson State,Northwestern Oklahoma State,ii,ii,59,26.297782872504474,27.216795880368426
401773958,7,Greeneville,Newberry,ii,ii,-7,-14.426543278750893,-14.439945327781887
401767744,7,Robert Morris,Central Connecticut,fcs,fcs,-12,-10.786822693271521,-10.897830011408518
401776753,7,Saint John's (MN),Macalester,iii,iii,70,24.638999887213966,24.615184257074663
401773785,7,Minnesota State Mankato,Winona State,ii,ii,26,19.711161778950242,19.31261499085037
401776738,7,St. Scholastica,Carleton,iii,iii,-27,-13.111303507892316,-12.927492442031589
401767154,7,Elon,Villanova,fcs,fcs,-8,-0.09195529751486475,-0.2214260114130191
401773486,7,Saginaw Valley State,Roosevelt,ii,ii,45,5.594821591027094,6.857681746603804
401767143,7,Hampton,Campbell,fcs,fcs,-17,-3.1863967291667135,-3.1595086927773894
401767616,7,Valparaiso,Dayton,fcs,fcs,-31,-14.870913669435545,-15.979666549275676
401767242,7,West Georgia,Abilene Christian,fcs,fcs,-17,6.022730883419779,5.975597257345564
401767583,7,The Citadel,Valdosta State,fcs,ii,24,3.919534215920221,3.9571493062995993
401773048,7,Simpson College (IA),Coe College,iii,iii,-27,-4.882911184380481,-4.8806384030011385
401767567,7,Western Carolina,Furman,fcs,fcs,45,-6.164669917880284,-6.201934781052657
401777192,7,Marietta,Heidelberg,iii,iii,-3,1.371988694765637,1.3626431298570232
401773176,7,Wartburg,Dubuque,iii,iii,26,17.489402504827716,17.47979843916025
401762837,7,Kent State,Massachusetts,fbs,fbs,36,5.421383757780826,5.56095864947088
401773946,7,Mars Hill,Emory & Henry College,ii,ii,-25,-10.13735020333295,-10.172603822724577
401773884,7,Western Colorado,Black Hills State,ii,ii,39,21.377037200308223,21.789065480290017
401774323,7,College Of New Jersey,William Paterson,iii,iii,42,2.243402603774485,2.2706237292303424
401773889,7,Chadron St,New Mexico Highlands,ii,ii,17,7.109043536873145,7.210969532541924
401774040,7,Hartwick,St John Fisher University,iii,iii,-14,-18.445867551045573,-18.46382498715886
401774361,7,Carroll University (WI),North Park,iii,iii,14,-5.0368945075108265,-5.039628824699751
401767313,7,Alabama A&M,Mississippi Valley State,fcs,fcs,20,8.217653596257062,8.02334671028779
401767537,7,South Dakota State,Northern Iowa,fcs,fcs,28,23.88932779818126,23.7309542492408
401774212,7,Brevard College,Southern Virginia,iii,iii,3,-7.648757873167176,-7.6152207648102355
401774022,7,Lane College,Miles College,ii,ii,-10,-6.045197203190575,-5.988383466124667
401773921,7,Lenoir-Rhyne,Anderson (Sc),ii,ii,-7,-1.679526199436146,-1.47716545030376
401773387,7,Southern Nazarene,Ouachita Baptist,ii,ii,-21,-15.759418456026845,-15.723569616113453
401773346,7,Oklahoma Baptist,Arkansas-Monticello,ii,ii,3,-1.891581749741988,-2.1751519177005534
401773336,7,East Central (OK),Arkansas Tech,ii,ii,16,-3.3047521857309814,-2.2872644814653613
401767196,7,Eastern Illinois,Gardner-Webb,fcs,fcs,-11,-0.2859367004822069,-0.21862289286309
401767372,7,Alcorn State,Lincoln (CA),fcs,ii,42,15.056533668829246,15.094455931223045
401773644,7,Pittsburg St,Washburn,ii,ii,24,18.66704153545375,18.66602679973208
401773133,7,UNC Pembroke,Shorter,ii,ii,31,22.97961676626474,23.824533759274672
401767413,7,Florida A&M,North Carolina Central,fcs,fcs,-38,-12.001317857954104,-12.19993858804095
401766691,7,Cornell College (IA),Ripon,iii,iii,-8,-0.9517170758411986,-0.9464994756065082
401767236,7,UT Martin,Western Illinois,fcs,fcs,1,-2.197456416499131,-3.2647271959139896
401767390,7,Bethune-Cookman,Southern,fcs,fcs,31,5.536664058460476,4.161084265223975
401767084,7,Montana State,Idaho State,fcs,fcs,34,14.936843522479744,15.102511829733604
401773754,7,Minot State,Jamestown College,ii,ii,7,11.01403662724096,11.736044555235058
401773629,7,Nebraska-Kearney,Missouri Western,ii,ii,20,7.7434117886112785,7.796704211414636
401773747,7,University of Mary,Minnesota State Moorhead,ii,ii,-3,-9.841467360390917,-9.016201690336151
401767511,7,North Dakota State,Southern Illinois,fcs,fcs,28,10.506922387601236,10.738712996216552
401761624,7,Georgia State,App State,fbs,fbs,-21,-1.8904544783280013,-1.9879651601780264
401752867,7,Maryland,Nebraska,fbs,fbs,-3,-1.1055284589415848,-1.0853646545393474
401756919,7,Kansas State,TCU,fbs,fbs,13,-8.287290668085426,-8.28747001692598
401767560,7,East Tennessee State,VMI,fcs,fcs,35,13.233670836578352,13.498009616389298
401761626,7,Marshall,Old Dominion,fbs,fbs,24,-12.443693203397444,-13.515781852244345
401773394,7,Southern Arkansas,Southwestern Oklahoma State,ii,ii,2,11.013277096156594,10.909623675335428
401752866,7,Penn State,Northwestern,fbs,fbs,-1,9.333721928758877,10.39470161530863
401754562,7,Notre Dame,NC State,fbs,fbs,29,13.080358845648576,13.493422867231441
401754563,7,Oregon State,Wake Forest,fbs,fbs,-25,-12.299990967138205,-11.937348513602458
401762834,7,Western Michigan,Ball State,fbs,fbs,42,9.1237448052681,9.202310843256367
401752736,7,Texas,Oklahoma,fbs,fbs,17,-7.601355356906502,-7.55511111559067
401760386,7,UNLV,Air Force,fbs,fbs,3,9.134019467412863,9.259174625482174
401773262,7,Howard Payne,East Texas Baptist University,iii,iii,18,-11.355659991145336,-11.347716241906129
401756918,7,Colorado,Iowa State,fbs,fbs,7,-7.037085692683981,-7.2080417310389
401767363,7,Jackson State,Alabama State,fcs,fcs,4,1.411688647015751,1.5678389676600055
401752870,7,Oregon,Indiana,fbs,fbs,-10,-1.3802009315871615,-0.4676733521696832
401754560,7,Georgia Tech,Virginia Tech,fbs,fbs,15,12.025084310759844,13.044720196025187
401777147,7,Linfield College,Pacific (OR),iii,iii,17,14.906768582492475,14.907008286612637
401773401,7,Missouri S&T,Indianapolis,ii,ii,-43,-26.971644556760303,-26.98178253860648
401773434,7,William Jewell,Quincy,ii,ii,-1,-4.746730426551592,-4.604491935101316
401774255,7,Claremont-Mudd-Scripps College,Redlands,iii,iii,-7,5.525373356111276,5.525121109359562
401777141,7,Whitworth,NEWBERG,iii,iii,24,8.16314099392827,8.164302081354428
401767287,7,North Alabama,Central Arkansas,fcs,fcs,-28,-3.371169619835099,-3.404861337060904
401777163,7,Puget Sound,Pacific Lutheran,iii,iii,-14,-14.598522425584523,-14.598238608793812
401777624,7,Oberlin,Kenyon,iii,iii,-55,-11.983153279711999,-11.935033376551637
401767504,7,North Dakota,Youngstown State,fcs,fcs,18,7.8435539627631705,7.754761483882495
401773903,7,CSU Pueblo,Fort Lewis,ii,ii,36,22.933456015261626,22.888148965972157
401767079,7,Montana,Cal Poly,fcs,fcs,19,13.202404515862291,13.032316490670624
401762484,7,Temple,Navy,fbs,fbs,-1,-6.008190846975747,-5.974101483265198
401783816,7,La Verne,California Lutheran University,iii,iii,-4,-24.60775934289081,-24.608069545101323
401767165,7,Charleston Southern,Tennessee Tech,fcs,fcs,-14,-23.36268720526423,-23.40529243618328
401778024,7,Willamette,Lewis & Clark College,iii,iii,-8,-26.47805014387108,-26.478257836055278
401767220,7,Southeast Missouri State,Tennessee State,fcs,fcs,16,-0.5731501636791174,-0.5309466277715877
401752735,7,Tennessee,Arkansas,fbs,fbs,3,9.503544172795529,9.686553092204445
401777257,7,Case Western Reserve,Allegheny,iii,iii,41,14.138879564229878,14.13769295523788
401767622,7,San Diego,Drake,fcs,fcs,-3,-7.595821461474742,-6.44288901849667
401773549,7,Eastern New Mexico,Western Oregon,ii,ii,-3,-7.117411436158035,-8.207748765920003
401773118,7,West Florida,Chowan,ii,ii,30,20.492597653432473,21.387964953513965
401767122,7,Idaho,Northern Colorado,fcs,fcs,-16,8.28304481324254,8.232091260794402
401773719,7,St. Anselm,Franklin Pierce,ii,ii,21,-7.492750787387882,-7.447408928118905
401762482,7,Florida Atlantic,UAB,fbs,fbs,20,-0.782358175738203,-0.802757345945416
401773790,7,Southwest Minnesota State,Sioux Falls,ii,ii,-21,-25.616508594731876,-24.214567771443416
401773932,7,Wingate,Catawba,ii,ii,13,2.4070123236961916,2.4584907409100563
401773847,7,Lock Haven University,Kutztown University,ii,ii,-27,-22.111538173352955,-21.90813142789947
401774339,7,Berry College,Trinity University TX,iii,iii,23,-2.5240413703067786,-2.5256036412402434
401773983,7,Allen,Savannah St,ii,ii,-3,-0.4359494652741489,-0.48726845417765574
401783913,7,Eureka College,Benedictine University,iii,iii,-56,-24.539135521240745,-24.62672848576546
401767251,7,Eastern Kentucky,Austin Peay,fcs,fcs,14,-11.968505120175744,-12.076976319283
401773804,7,East Stroudsburg University,Bloomsburg,ii,ii,3,14.798009343551822,14.574444204757699
401760391,7,Wyoming,San José State,fbs,fbs,7,-0.2915709708497811,-0.28596929648205993
401777072,7,Wooster,Denison University,iii,iii,-21,-4.360283339330394,-4.3789502357383
401752869,7,Wisconsin,Iowa,fbs,fbs,-37,-8.091075841799068,-8.643753304602598
401752737,7,Texas A&M,Florida,fbs,fbs,17,12.004991765614278,12.033700974990506
401774275,7,CENTENARY,Texas Lutheran,iii,iii,-28,-17.330104179214306,-17.330798665961858
401766693,7,Tufts,Bates,iii,iii,-7,4.329768933400283,4.035769200672768
401767461,7,East Texas A&M,Lamar,fcs,fcs,-10,-7.7538719610205895,-7.902234259815187
401767439,7,Murray State,Illinois State,fcs,fcs,-14,-21.750883102132015,-22.03033555524248
401773464,7,Northern Michigan,Grand Valley State University,ii,ii,-28,-22.907628512322148,-23.448543937937075
401767116,7,UC Davis,Northern Arizona,fcs,fcs,21,6.460653362711245,6.442881097766913
401767418,7,Grambling,Texas Southern,fcs,fcs,-1,5.967567152226528,5.920260996472812
401777285,7,Bethany (WV),Saint Vincent,iii,iii,-22,-5.257658844964698,-5.265540916195665
401777046,7,Wisconsin-Lutheran,St. Norbert,iii,iii,-3,-4.921570364521466,-3.916580208197294
401774381,7,North Central College,Millikin,iii,iii,49,40.95040064306191,40.94758632156386
401774352,7,Elmhurst,Augustana (IL),iii,iii,-41,-20.850218350036442,-20.855196787189694
401773763,7,Northern State,Minnesota Duluth,ii,ii,3,-10.802507185930976,-11.087780541922799
401773574,7,UT Permian Basin,Central Washington,ii,ii,-13,-2.7624780461577867,-1.9266771520659045
401767470,7,Houston Christian,Northwestern State,fcs,fcs,3,8.61548289780282,8.608993892521797
401761623,7,Coastal Carolina,UL Monroe,fbs,fbs,15,-2.1740286715312784,-1.9591732269194324
401752731,7,Auburn,Georgia,fbs,fbs,-10,-7.262950464125588,-8.3151932376866
401756921,7,Texas Tech,Kansas,fbs,fbs,25,7.19040105217961,7.21074959070787
401752864,7,Minnesota,Purdue,fbs,fbs,7,-1.4332450847812197,-1.1517226993025957
401754558,7,Boston College,Clemson,fbs,fbs,-31,-12.004555807642653,-11.943049121321692
401752868,7,USC,Michigan,fbs,fbs,18,2.8004915888376054,2.860613666220523
401762485,7,UTSA,Rice,fbs,fbs,48,3.5723494646035565,3.4359992446025487
401752732,7,LSU,South Carolina,fbs,fbs,10,6.3038638088915135,6.3388625613215055
401767133,7,Weber State,Sacramento State,fcs,fcs,-28,-9.443291890477635,-9.414988299292107
401756916,7,Arizona,BYU,fbs,fbs,-6,-5.583180835423871,-5.542267822895237
401761627,7,Texas State,Troy,fbs,fbs,-7,4.381292382279167,4.347261579973033
401773874,7,Colorado Mesa,Adams State,ii,ii,37,20.001936712502594,19.916402729025304
401767307,7,Utah Tech,Tarleton State,fcs,fcs,-18,-22.346718287397813,-22.333511340934926
401773539,7,Texas A&M-Kingsville,Angelo State,ii,ii,5,-16.669476627188878,-16.69038128280797
401773559,7,Sul Ross State,Midwestern State,ii,ii,-46,-9.175865731695554,-7.819527684075528
401773599,7,Fort Hays State,Central Oklahoma,ii,ii,-7,3.971349009996459,3.847299811380176
401760387,7,Boise State,New Mexico,fbs,fbs,16,3.0800584497956507,3.2007056930659985
401774268,7,Pomona Pitzer,Chapman,iii,iii,-7,-2.424384452592006,-2.424394132977183
401756922,7,Utah,Arizona State,fbs,fbs,32,1.5776798932813172,1.5801792569130697
401760390,7,Nevada,San Diego State,fbs,fbs,-34,-13.03389853130738,-14.046820485778188
401760389,7,Hawai'i,Utah State,fbs,fbs,18,-4.177994776049973,-4.234025116749635
401757282,8,Liberty,New Mexico State,fbs,fbs,3,0.3145446985677438,0.6806091643394971
401761628,8,South Alabama,Arkansas State,fbs,fbs,-1,-0.3277653588481222,-0.3340397710777445
401757281,8,Western Kentucky,Florida International,fbs,fbs,-19,9.723602644546919,9.430886585418012
401757283,8,Jacksonville State,Delaware,fbs,fbs,13,-5.633102074748459,-5.612197784231395
401757284,8,Sam Houston,UTEP,fbs,fbs,-18,-4.458496335742636,-4.903223967569893
401773395,8,Southern Nazarene,Southwestern Oklahoma State,ii,ii,-25,-9.104673383161515,-8.966786513659194
401774125,8,Olivet College,Trine University,iii,iii,-52,-13.326943239156147,-13.369426858022845
401762486,8,East Carolina,Tulsa,fbs,fbs,14,13.176092303718072,13.178851393305116
401776972,8,Maine Maritime,Biddeford,iii,iii,-63,-42.83120192444164,-42.98765591144961
401754564,8,Miami,Louisville,fbs,fbs,-3,5.581949404770793,5.41817759943946
401783908,8,Worcester Polytechnic Institute,Springfield,iii,iii,-14,-24.232891552730123,-24.231670294909126
401773720,8,Kentucky State,Franklin Pierce,ii,ii,3,4.095616953587158,4.040503319734808
401752872,8,Minnesota,Nebraska,fbs,fbs,18,-7.926477599268651,-7.910580214380275
401774195,8,Wisconsin-Whitewater,Wisconsin-Stout,iii,iii,32,11.811812393761718,11.802679480550797
401760396,8,Utah State,San José State,fbs,fbs,5,4.887576971240856,4.91718496142909
401754371,8,California,North Carolina,fbs,fbs,3,6.607433392095814,6.666449136536151
401774377,8,Millikin,Illinois Wesleyan,iii,iii,-22,-10.866491498613259,-10.867847853347687
401773474,8,Michigan Tech,Ferris State,ii,ii,-28,-10.27921234855008,-10.337610632442072
401773281,8,Plymouth State,Anna Maria College,iii,iii,-7,0.8507931443334833,0.869016309430771
401774135,8,Castleton,College Of New Jersey,iii,iii,-41,-22.384623595991105,-22.512132737493417
401777007,8,Mass Maritime,Fitchburg State,iii,iii,10,-2.896690998873339,-2.897278609414723
401783346,8,FDU-Florham,Delaware Valley,iii,iii,-27,-14.413366267719937,-14.107792367846145
401773238,8,Findlay,Kentucky Wesleyan,ii,ii,28,32.99588258059632,32.77969747103246
401767773,8,Yale,Stonehill,fcs,fcs,40,12.881930114776326,14.279636332847636
401767568,8,Wofford,Furman,fcs,fcs,18,-2.329031555954904,-2.1140300732049333
401777777,8,Curry College,Nichols College,iii,iii,44,13.058302189051954,13.05691771073463
401773698,8,West Virginia State,Wheeling,ii,ii,-4,2.6336174185614825,2.5298159440486074
401778011,8,Catholic,Moravian,iii,iii,6,5.142793736340646,5.133662919722653
401778018,8,Salve Regina,Merchant Marine Academy,iii,iii,-4,5.298184113728144,5.302399490121365
401783902,8,Montclair State,Salisbury,iii,iii,-35,-24.739558528734776,-24.72682277981353
401762839,8,Bowling Green,Central Michigan,fbs,fbs,-21,7.685630556350917,7.929936832413599
401773211,8,Ohio Dominican,Ashland,ii,ii,-17,-16.714432866368686,-17.209436648475005
401767597,8,Dayton,Butler,fcs,fcs,-6,5.174455042527224,5.007468482197091
401767704,8,Harvard,Merrimack,fcs,fcs,24,18.689029250496247,18.599170859267865
401786477,8,Framingham State,Westfield State,iii,iii,11,7.783403875898529,7.806383829260735
401773271,8,Brockport,Alfred State,iii,iii,34,10.481580980644033,10.453056594269531
401777771,8,Husson,New England College,iii,,48,29.71052099555584,29.73548007048465
401767553,8,Brown,Princeton,fcs,fcs,-19,4.590755752374115,4.751634806985779
401767759,8,Long Island University,Robert Morris,fcs,fcs,10,3.670521855226597,3.630306739956084
401756927,8,TCU,Baylor,fbs,fbs,6,5.746268419427995,5.767407025917198
401754569,8,Boston College,UConn,fbs,fbs,-15,-11.639813702919295,-11.630193619361911
401799148,8,Coast Guard,MIT,iii,iii,10,8.622183788169156,8.64710947375036
401773506,8,Thomas More College,Tiffin,ii,ii,-35,-21.460989257344565,-21.866990898791265
401762488,8,Tulane,Army,fbs,fbs,7,6.112131907318336,5.986956647986261
401752873,8,Michigan,Washington,fbs,fbs,17,-6.550687332803523,-6.511376093914556
401756925,8,Houston,Arizona,fbs,fbs,3,0.839329387592926,0.7961320415101554
401773711,8,Post University,Assumption,ii,ii,-36,-15.867826277634828,-15.85299723361922
401762841,8,Miami (OH),Eastern Michigan,fbs,fbs,14,10.794474870515284,10.856107529646785
401752745,8,Vanderbilt,LSU,fbs,fbs,7,-1.2961446556113572,-1.2860008911388228
401773673,8,Edinboro University,Fairmont State,ii,ii,-5,9.230557933164729,9.154077526262238
401754566,8,Duke,Georgia Tech,fbs,fbs,-9,-1.8240551697456375,-1.7485151551200566
401752744,8,South Carolina,Oklahoma,fbs,fbs,-19,-6.757866371143635,-6.811465969914327
401777081,8,Depauw,John Carroll University,iii,iii,-4,-0.5797461431296327,-0.5985417253688752
401756928,8,UCF,West Virginia,fbs,fbs,32,5.2798745686958934,5.326072038325412
401776778,8,Calvin University,Adrian,iii,iii,-31,-5.7525153713009445,-5.4135724445546085
401778035,8,Belhaven,Greensboro College,iii,iii,15,11.922465346951896,11.924378154514514
401776782,8,Albion,Alma,iii,iii,-21,-17.851224558939045,-18.026104673910243
401776988,8,Widener,Lebanon Valley,iii,iii,-20,-10.55127810327732,-10.54264358485258
401777262,8,Carnegie Mellon,Gettysburg,iii,iii,24,26.84099704977683,26.838632555392053
401767641,8,Presbyterian,Stetson,fcs,fcs,35,21.4684346116493,21.636711533559286
401777240,8,Guilford College,Randolph-Macon,iii,iii,-47,-30.761454284604966,-30.798293273611613
401777090,8,Bethany (WV),Hiram College,iii,iii,-21,-11.708954550132447,-11.704927465654848
401767700,8,Fordham,Dartmouth,fcs,fcs,-17,-18.03412681053504,-17.882863916336845
401767722,8,Georgetown,Colgate,fcs,fcs,4,-5.204355011942922,-5.096074716799572
401783334,8,Eastern University,Albright,iii,iii,7,8.566614919576962,9.490699002262204
401773062,8,Virginia Union,Lincoln (PA),ii,ii,45,33.39020044990905,33.35090697737612
401773090,8,Shaw,Johnson C Smith,ii,ii,-52,-18.768914435070734,-18.800755462946157
401766704,8,Trinity (CT),Middlebury,iii,iii,2,10.428043928548375,10.616501998881965
401773096,8,Winston-Salem,Livingstone,ii,ii,32,8.430592431548252,8.385195259145554
401773300,8,Cortland,Alfred University,iii,iii,53,14.665142469532018,14.682233678727144
401777971,8,St. Anselm,American International,ii,ii,13,11.101383345185281,11.115089322896303
401773729,8,Pace,Southern Connecticut State,ii,ii,1,-1.6336944552855108,-1.695525090358288
401777955,8,Lake Erie,Walsh,ii,ii,-7,-10.810849763016787,-10.716295268953104
401777604,8,Martin Luther,Greenville,iii,iii,2,-3.3067162233221197,-3.2795588064354675
401766698,8,Chicago,Ripon,iii,iii,25,10.581867564957848,10.58055592758071
401767606,8,Drake,Davidson,fcs,fcs,45,22.0618826162584,21.04530342582529
401767692,8,Cornell,Bucknell,fcs,fcs,10,-3.913285718546164,-2.8678337416505792
401767197,8,Southeast Missouri State,Eastern Illinois,fcs,fcs,29,-5.145952869999315,-5.243552181765464
401777098,8,Ohio Wesleyan,Wooster,iii,iii,-4,0.8097724862747633,0.8113000922806215
401774248,8,Lagrange College,Brevard College,iii,iii,7,8.604790017705216,8.600600507981461
401774289,8,Christopher Newport,Kean,iii,iii,49,27.41453907327904,27.411607009646534
401777278,8,Waynesburg,Geneva,iii,iii,-42,-2.3620221027133077,-2.381102162633855
401777131,8,Kenyon,Wabash College,iii,iii,-34,-24.42126841964773,-24.48079758054215
401778028,8,Crown College,Westminster College (MO),iii,iii,13,6.429268282384392,6.5826343520224135
401783340,8,Kings College (PA),Reading,iii,iii,52,12.842129468297086,13.759019725813694
401783819,8,Trinity University TX,Rhodes College,iii,iii,63,27.230926739600736,27.230866533659803
401766705,8,Bates,Williams,iii,iii,-7,-11.214849013075082,-12.51416452105089
401766703,8,Wesleyan University (CT),Bowdoin,iii,iii,-8,27.69369354084796,28.997553854166707
401806691,8,Hamilton,Tufts,iii,iii,-10,-6.442593323100153,-6.256976821960744
401767184,8,Villanova,Hampton,fcs,fcs,42,18.777191712648857,18.93305644995158
401767449,8,Indiana State,North Dakota State,fcs,fcs,-31,-24.951630807259008,-24.909160016861563
401767505,8,Southern Illinois,North Dakota,fcs,fcs,-19,-5.318117505535973,-5.251046101088388
401777293,8,Westminster (PA),Thiel,iii,iii,42,27.689897216578544,27.70789309935044
401777286,8,Saint Vincent,Washington & Jefferson,iii,iii,-46,-25.229531836976996,-25.240055685517454
401767440,8,Illinois State,Youngstown State,fcs,fcs,-5,1.0631163782489175,1.1899899982613213
401773694,8,West Virginia Wesleyan,West Liberty,ii,ii,-24,-11.526574688284612,-10.73902037080623
401773053,8,Bluefield State,Bowie State,ii,ii,-5,-7.016071055497829,-6.327341124103995
401773947,8,Emory & Henry College,Wingate,ii,ii,-7,9.043797532305716,9.365149748086221
401773922,8,Anderson (Sc),Carson-Newman College,ii,ii,-22,-6.323123534728402,-6.3711279179146185
401774143,8,Western Connecticut St,Lycoming,iii,iii,-18,10.055700538057845,10.0637193673199
401774067,8,Dickinson (PA),Franklin & Marshall,iii,iii,-3,2.514397485174367,2.504783981077958
401773652,8,University Of Charleston (WV),Frostburg State,ii,ii,-2,5.368915472314857,5.471800671568461
401774087,8,Juniata College,Susquehanna,iii,iii,-49,-30.93194011081209,-30.967353550964642
401774077,8,Johns Hopkins University,Ursinus,iii,iii,31,12.690686075111039,12.818418914210405
401773852,8,Lock Haven University,West Chester,ii,ii,7,-4.065020977634601,-4.114170231971245
401773457,8,Wayne State (MI),Davenport,ii,ii,-35,-8.146204676720055,-7.950860091122152
401774009,8,Morehouse College,Lane College,ii,ii,24,10.87834122220126,10.852562712220458
401773976,8,Albany State GA,Tuskegee,ii,ii,4,16.714653216092994,16.73504578742423
401773843,8,Slippery Rock,Indiana-Pennsylvania,ii,ii,3,-7.608333630101956,-7.818417627480045
401773246,8,Hillsdale,Northwood (MI),ii,ii,-29,-7.29728427636096,-7.7986599994340144
401774213,8,Southern Virginia,Methodist,iii,iii,17,18.650189701291872,18.632057835154093
401767261,8,Monmouth,Stony Brook,fcs,fcs,28,3.449857688723389,3.3871133107988207
401766706,8,Amherst,Colby College,iii,iii,-4,6.442424596749217,6.01608689554246
401776997,8,Stevenson,Misericordia,iii,iii,-1,-2.995219731847752,-2.9467786032324836
401777203,8,Marietta,Muskingum University,iii,iii,-4,3.715261357648938,3.75578104036914
401777186,8,Ohio Northern,Capital,iii,iii,56,14.273373392418826,14.345006580201478
401777193,8,Heidelberg,University of Mount Union,iii,iii,-32,-23.139475606237816,-23.171220072027182
401773347,8,Arkansas-Monticello,Ouachita Baptist,ii,ii,-35,-18.569674371151294,-18.583296284159392
401767581,8,VMI,Samford,fcs,fcs,-2,1.9808712961433592,2.2096365350445364
401777215,8,Otterbein,Wilmington (OH),iii,iii,-13,-12.885496090088704,-12.876666743384149
401774402,8,Bluffton,Mount St. Joseph,iii,iii,-28,-2.931057024333727,-3.182088822478727
401774418,8,Hanover College,Anderson (IN),iii,iii,58,28.286516452488673,28.30697142185422
401767532,8,Chattanooga,East Tennessee State,fcs,fcs,4,-9.446100197409084,-9.512305082392423
401774436,8,Baldwin Wallace,Rose-Hulman,iii,iii,32,24.889315761647264,24.946521695678285
401767203,8,Gardner-Webb,UT Martin,fcs,fcs,-30,13.534732642493422,13.808168923588065
401774411,8,Franklin,Manchester,iii,iii,27,20.359322012999826,20.913652409555386
401767683,8,Columbia,Pennsylvania,fcs,fcs,-14,-10.226191350402303,-9.880425392625396
401773662,8,Glenville State,Concord University,ii,ii,12,11.204347789029727,11.379171972984212
401776764,8,Carleton,Hamline University,iii,iii,49,22.627086459141104,22.648189684223023
401776731,8,Macalester,Augsburg,iii,iii,-11,-3.6231330890020708,-3.618397833808636
401777734,8,McDaniel College,Muhlenberg,iii,iii,-49,-21.828795206937226,-21.857217294534344
401774460,8,Austin,McMurry,iii,iii,-18,-15.859600537786958,-15.855651339634841
401776771,8,Concordia Moorhead,Saint John's (MN),iii,iii,-35,-12.150540449461044,-12.132654505138461
401777015,8,Aurora,Concordia-Wisconsin,iii,iii,-9,6.516089812227452,6.378301744546343
401777023,8,Rockford,Concordia University Chicago,iii,iii,-11,-11.22942973779071,-11.370743524302448
401766699,8,Lawrence University,Beloit,iii,iii,-34,0.7454863172731265,0.7423932221754939
401776799,8,Hope College,Kalamazoo,iii,iii,35,19.032472322500976,19.56691567885079
401773040,8,Central College,Nebraska Wesleyan,iii,iii,21,26.630854623878243,26.61741535315997
401773805,8,Bloomsburg,Shepherd,ii,ii,-24,-1.9971736727259657,-1.8800646949276967
401766700,8,Lake Forest College,Grinnell,iii,iii,70,13.92475057793158,13.919496718720257
401774353,8,Augustana (IL),Carroll University (WI),iii,iii,7,5.798318757332833,5.785685289741676
401767728,8,Richmond,Holy Cross,fcs,fcs,-6,7.6211020143475645,7.59899307118132
401774371,8,Wheaton,Carthage,iii,iii,26,22.553861378031268,22.545737523719602
401773134,8,North Greenville,UNC Pembroke,ii,ii,13,-11.112616035221528,-11.033828150909855
401777246,8,Roanoke College,Shenandoah,,iii,-13,2.217950561041903,2.2051002773033552
401767584,8,The Citadel,Western Carolina,fcs,fcs,-7,-0.23377473319999353,-0.11571427092076192
401774393,8,Washington University (St. Louis),Elmhurst,iii,iii,17,28.552233936741064,28.552590116402857
401776747,8,Bethel (MN),St. Olaf,iii,iii,54,24.703564322204173,24.6979944408607
401767538,8,Northern Iowa,South Dakota,fcs,fcs,-3,-11.797663121531958,-12.927123752925688
401777047,8,St. Norbert,Eureka College,iii,iii,44,18.665545624756632,18.848586409374313
401777036,8,Lakeland,Wisconsin-Lutheran,iii,iii,-3,0.962743787893988,0.001703321209419073
401773069,8,Virginia St,Elizabeth City State,ii,ii,4,10.37049093958087,10.287514567025868
401767212,8,Lindenwood,Tennessee Tech,fcs,fcs,-24,-17.495255548767673,-17.75990960151814
401773182,8,Loras College,Wartburg,iii,iii,-20,-27.716599631211714,-27.633995585933775
401773402,8,Indianapolis,Lincoln (MO),ii,ii,55,33.67732095257962,33.756128524050524
401783906,8,Rowan,William Paterson,iii,iii,29,9.926996607559527,9.941802120102405
401773912,8,South Dakota Mines,Western Colorado,ii,ii,-21,-26.98579237906015,-27.252951278290112
401773465,8,Grand Valley State University,Saginaw Valley State,ii,ii,-1,9.484392433843897,8.27588391185905
401774151,8,SUNY Maritime,Norwich,iii,iii,42,21.77615100758937,21.8143116265706
401767630,8,Morehead State,Marist,fcs,fcs,2,-5.2500382011931315,-5.109364476065996
401767459,8,Texas Southern,Virginia University Of Lynchburg,fcs,,51,26.615323243799928,26.91693886059769
401776739,8,Gustavus Adolphus,St. Scholastica,iii,iii,39,6.594294139891845,6.448717050904145
401773366,8,Henderson State,Harding University,ii,ii,-25,-12.909510195503108,-13.018485499568158
401773253,8,East Texas Baptist University,Hardin-Simmons,iii,iii,-18,-18.77626993610066,-18.779163412780246
401773189,8,Luther,Simpson College (IA),iii,iii,-33,-30.010720540687245,-29.887443394745237
401773623,8,Missouri Southern State,Nebraska-Kearney,ii,ii,8,-11.00786915117072,-11.14898274721589
401778008,8,Bridgewater (VA),Gallaudet,iii,iii,60,13.93858675375933,14.338605597537192
401774387,8,North Park,North Central College,iii,iii,-75,-33.76453366095078,-33.770379904816174
401774192,8,Wisconsin-Stevens Pt,Wisconsin-River Falls,iii,iii,-45,-18.011236091587485,-18.033250929717454
401774170,8,Wisconsin-Platteville,Wisconsin-Lacrosse,iii,iii,17,0.4044062328230744,0.42382527611234977
401774163,8,Wisconsin-Oshkosh,Wisconsin-Eau Claire,iii,iii,7,7.50141557075851,7.534771491691576
401774015,8,Central State (OH),Kentucky Christian,ii,,-8,-1.5076172692956131,-1.5401512602916139
401773516,8,Delta State,Ferrum,ii,ii,41,29.299843055196995,29.539833640876754
401773481,8,Roosevelt,Northern Michigan,ii,ii,-21,0.8335530072202673,1.576099274916018
401767649,8,St. Thomas (MN),Valparaiso,fcs,fcs,38,17.15407539259417,18.02090162580733
401774276,8,Texas Lutheran,Hendrix College,iii,iii,2,1.6982493644095733,1.6963083255347922
401774223,8,Huntingdon College (AL),North Carolina Wesleyan,iii,iii,-1,6.146467430737683,6.165690038035306
401774240,8,Millsaps,Maryville College (TN),iii,iii,10,-14.175203171417355,-14.17554764906048
401774282,8,Sewanee,Berry College,iii,iii,-37,-24.27416582156724,-24.276373644457742
401773442,8,Upper Iowa University,Southwest Baptist,ii,ii,37,4.037822372960614,3.8811458739591753
401773837,8,Seton Hill,Gannon,ii,ii,14,1.296141316034901,2.8535847132959526
401773875,8,Colorado School Of Mines,Adams State,ii,ii,58,24.31180221144386,24.3044564300517
401773890,8,Fort Lewis,Chadron St,ii,ii,-41,-11.993553436421465,-11.955925649226238
401767497,8,Murray State,South Dakota State,fcs,fcs,-21,-35.515316066228955,-35.59146934643972
401762842,8,Toledo,Kent State,fbs,fbs,35,13.69262532405447,14.05705937788827
401762840,8,Massachusetts,Buffalo,fbs,fbs,-7,-15.164586302157087,-15.236228981573106
401773618,8,Northwest Missouri St,Fort Hays State,ii,ii,49,9.86159760868356,9.874631043442545
401773435,8,Truman State,Quincy,ii,ii,23,7.89763603573979,7.916190290188087
401773909,8,New Mexico Highlands,Colorado Mesa,ii,ii,6,-10.631264552246662,-10.702448162483499
401804721,8,Mary Hardin-Baylor,Texas Wesleyan,iii,,9,20.24243885686625,20.199863879428268
401766701,8,Monmouth (IL),Cornell College (IA),iii,iii,42,23.774447623730637,23.754696080085104
401773337,8,Southern Arkansas,Arkansas Tech,ii,ii,35,7.314869250562468,7.1682395521726505
401766702,8,Illinois College,Knox College,iii,iii,50,20.9445767171437,20.937980518901917
401790374,8,Black Hills State,CSU Pueblo,ii,ii,-26,-20.44803316679677,-20.4479785019768
401773848,8,Kutztown University,Millersville,ii,ii,29,40.34893905585447,40.22720934993682
401752874,8,Northwestern,Purdue,fbs,fbs,19,2.3066800463664556,1.7571637154776774
401767383,8,Arkansas-Pine Bluff,Grambling,fcs,fcs,-4,-11.340658655950474,-11.343103508808486
401773996,8,Miles College,Clark Atlanta,ii,ii,7,-6.878695960976135,-6.9648070499263
401767429,8,Mississippi Valley State,Lincoln (CA),fcs,ii,49,11.504970640048128,11.486275212139835
401761633,8,UL Monroe,Troy,fbs,fbs,-23,-7.6941203131429905,-7.658978267970911
401774002,8,Fort Valley State,Savannah St,ii,ii,7,4.262335625728449,4.227652715457959
401773647,8,Washburn,Central Missouri,ii,ii,20,-12.612010610957007,-12.596459811730256
401773378,8,Southeastern Oklahoma State,Northwestern Oklahoma State,ii,ii,42,11.984105630295069,12.833764313092646
401777307,8,Minnesota Morris,Northwestern (MN),iii,iii,-18,4.366043230397814,4.365965781048647
401773160,8,Dubuque,Buena Vista,iii,iii,27,9.447088773183276,9.3070607125541
401773815,8,PennWest California,Clarion,ii,ii,3,5.064959806958887,5.286134448290294
401773952,8,Lenoir-Rhyne,UVA Wise,ii,ii,13,12.780864279637086,12.91883282402436
401767100,8,Montana,Sacred Heart,fcs,fcs,22,19.686286732099145,19.66334998855905
401760392,8,Air Force,Wyoming,fbs,fbs,3,-1.7645238641465344,-1.8865431510141715
401777299,8,LYONCOLL,CENTENARY,iii,iii,-3,7.606157211535219,7.579694958781854
401767155,8,William & Mary,Elon,fcs,fcs,5,-2.851475144047045,-2.6823038628364406
401767321,8,UAlbany,Rhode Island,fcs,fcs,-41,-14.908505346436954,-14.77484632218059
401760393,8,Boise State,UNLV,fbs,fbs,25,3.375865680844818,3.4151804052413226
401752739,8,Arkansas,Texas A&M,fbs,fbs,-3,-11.974113346991125,-11.999872768650597
401761632,8,Marshall,Texas State,fbs,fbs,3,3.7743125304981184,4.540658731627101
401762843,8,Ohio,Northern Illinois,fbs,fbs,27,11.347164534584069,11.274381146174413
401762838,8,Ball State,Akron,fbs,fbs,14,-1.5563763411192753,-1.5941393587473733
401762491,8,North Texas,UTSA,fbs,fbs,38,5.89351141853486,6.037541793792123
401752742,8,Georgia,Ole Miss,fbs,fbs,8,2.558004566855729,3.74492585369822
401754565,8,Clemson,SMU,fbs,fbs,-11,-1.1566002222422114,-1.1751629446322411
401762489,8,Charlotte,Temple,fbs,fbs,-35,-14.403440584625509,-14.345787433491507
401767144,8,Campbell,New Hampshire,fcs,fcs,-14,-4.544091541152481,-4.694141815850553
401752877,8,Wisconsin,Ohio State,fbs,fbs,-34,-26.186141083880422,-26.61088848989359
401761631,8,James Madison,Old Dominion,fbs,fbs,36,-1.0587248556399196,-1.6316844385638163
401761629,8,App State,Coastal Carolina,fbs,fbs,-8,2.5060946892964076,2.3694382764308717
401752878,8,Indiana,Michigan State,fbs,fbs,25,23.213246152654612,23.830227959229937
401774263,8,Claremont-Mudd-Scripps College,La Verne,iii,iii,3,13.4876765526813,13.488401896014748
401762487,8,UAB,Memphis,fbs,fbs,7,-24.67431107122643,-24.677550870352665
401773991,8,Edward Waters,Benedict College,ii,ii,-4,-9.053710836482434,-9.451086526141559
401756923,8,Arizona State,Texas Tech,fbs,fbs,4,-13.473014776583213,-13.442140903305962
401767485,8,Lamar,UT Rio Grande Valley,fcs,fcs,2,0.7624480363295874,0.924578851342682
401786378,8,UMass Dartmouth,Worcester St,iii,iii,25,11.048554697328413,11.046200390442776
401777258,8,Allegheny,Grove City College,iii,iii,-36,-16.131671753444643,-16.135307737967132
401777222,8,Averett,Hampden-Sydney,iii,iii,-60,-36.5267932359891,-36.63897200985445
401777170,8,Puget Sound,Willamette,iii,iii,17,-4.358757993421939,-4.359476342461136
401777155,8,Pacific Lutheran,Pacific (OR),iii,iii,18,5.304951423914311,5.301200315355851
401777148,8,Linfield College,Whitworth,iii,iii,-10,7.894002478414264,7.8973624201207455
401773109,8,Wilson,Chowan,ii,ii,7,-4.226782942903627,-4.2965994728842105
401773127,8,Shorter,ERSKINE,ii,ii,-4,5.521826015951895,4.842649096754979
401773291,8,Bridgewater State,Dean College,iii,iii,22,18.28736530179843,18.287634151890003
401773356,8,East Central (OK),Oklahoma Baptist,ii,ii,6,14.186049648273093,15.110236132267755
401773450,8,William Jewell,Northeastern State,ii,ii,-28,-1.5241231312625407,-1.7398684825380926
401777073,8,Wittenberg,Denison University,iii,iii,-3,-2.4962919627797486,-2.524993425179705
401767166,8,Western Illinois,Charleston Southern,fcs,fcs,-5,-2.7311263613121746,-2.321173384551173
401767373,8,Florida A&M,Alcorn State,fcs,fcs,5,1.1702727794869725,1.1766426577445817
401773575,8,Western Oregon,UT Permian Basin,ii,ii,3,-13.291422283498699,-13.146580809395772
401752741,8,Florida,Mississippi State,fbs,fbs,2,-1.2365645037396433,-1.2791297135088797
401777142,8,NEWBERG,Lewis & Clark College,iii,iii,14,-22.158667320276965,-22.15754293138959
401767434,8,Southern,Prairie View A&M,fcs,fcs,-21,-11.443772905548958,-11.638940958499536
401783303,8,Endicott College,Western New England,iii,iii,21,10.774578252225066,10.889660094097396
401773764,8,Northern State,Southwest Minnesota State,ii,ii,32,27.46353601760302,29.205895480427767
401767128,8,Portland State,Weber State,fcs,fcs,-16,-2.2039799919972847,-2.2233078924759457
401767745,8,Wagner,Central Connecticut,fcs,fcs,-7,-13.665611413482813,-13.662805707476355
401767521,8,SE Louisiana,Northwestern State,fcs,fcs,49,19.84142594405605,19.802533560845117
401761668,8,Louisiana,Southern Miss,fbs,fbs,-12,-5.6317815221175795,-5.535949819461695
401767462,8,Incarnate Word,East Texas A&M,fcs,fcs,-7,2.0673856053491457,2.034613892947929
401767227,8,Tennessee State,Howard,fcs,fcs,17,-6.829667012740522,-6.991820990182313
401767753,8,Mercyhurst,Duquesne,fcs,fcs,-37,-4.591159019523391,-4.602240137235736
401773959,8,Newberry,Mars Hill,ii,ii,14,-2.946500849771226,-2.578548355986292
401773869,8,East Stroudsburg University,Shippensburg,ii,ii,17,18.03022544299443,18.065862711233784
401752876,8,Rutgers,Oregon,fbs,fbs,-46,-14.244986213096862,-15.213698802966736
401752951,8,Virginia,Washington State,fbs,fbs,2,11.107694803877543,11.178953954678
401767280,8,North Alabama,Eastern Kentucky,fcs,fcs,21,-10.594807812159493,-10.744612724699849
401773527,8,West Alabama,West Florida,ii,ii,-7,-6.695024195038661,-7.408429362291997
401773540,8,Angelo State,Midwestern State,ii,ii,24,19.143711476481386,20.153839595792878
401752743,8,Kentucky,Texas,fbs,fbs,-3,-11.915782964259908,-12.779866697840813
401752879,8,UCLA,Maryland,fbs,fbs,3,-9.88996136943285,-9.679884555847615
401767092,8,Eastern Washington,Idaho,fcs,fcs,7,-7.390633173972221,-7.296046908415579
401767471,8,McNeese,Houston Christian,fcs,fcs,27,-4.230837679679523,-4.228905174268947
401767517,8,Stephen F. Austin,Nicholls,fcs,fcs,27,12.268640835326991,12.239198195287836
401773630,8,Missouri Western,Pittsburg St,ii,ii,-24,-18.076741773534724,-18.089156509630087
401767301,8,Tarleton State,West Georgia,fcs,fcs,35,10.673488730263458,10.66975286954456
401761630,8,Georgia Southern,Georgia State,fbs,fbs,17,4.34561891419955,4.458598484012983
401752875,8,Iowa,Penn State,fbs,fbs,1,1.3934767770673417,1.34637900994246
401760394,8,Colorado State,Hawai'i,fbs,fbs,-12,-1.6143187840665263,-2.4067011936955076
401774347,8,Centre College Kentucky,Southwestern University,iii,iii,3,1.754358113550273,1.7534283826718031
401762490,8,South Florida,Florida Atlantic,fbs,fbs,35,19.266590332289603,19.459992248585205
401752738,8,Alabama,Tennessee,fbs,fbs,17,0.7367440840825097,1.1845497228377937
401754568,8,Syracuse,Pittsburgh,fbs,fbs,-17,-5.360350616574031,-5.349671911078012
401752871,8,Notre Dame,USC,fbs,fbs,10,5.676083704079765,5.956758783619861
401752740,8,Auburn,Missouri,fbs,fbs,-6,-5.1041123563096065,-5.0411625663147355
401773550,8,West Texas A&M,Eastern New Mexico,ii,ii,29,10.59201776044539,10.66643704832558
401756924,8,BYU,Utah,fbs,fbs,3,-3.13029446592477,-3.168006146332992
401773600,8,Central Oklahoma,Emporia State University,ii,ii,34,0.0709309833965861,0.19183321018705257
401756926,8,Oklahoma State,Cincinnati,fbs,fbs,-32,-20.68877246726763,-20.64553071402441
401767243,8,Southern Utah,Abilene Christian,fcs,fcs,7,-1.5692225308600172,-1.5996177229544024
401767123,8,Sacramento State,Northern Colorado,fcs,fcs,5,5.762886818844823,5.731584039708432
401773589,8,Western New Mexico,Sul Ross State,ii,ii,3,6.001242761910088,5.2479245797753045
401773568,8,Central Washington,Texas A&M-Kingsville,ii,ii,3,18.385378745349158,18.428207644639905
401760395,8,New Mexico,Nevada,fbs,fbs,2,11.562728446838335,11.531951184083656
401752941,8,Oregon State,Lafayette,fbs,fcs,32,-3.8624496508061448,-5.2300308841804775
401774256,8,Redlands,Pomona Pitzer,iii,iii,2,-6.615648643710902,-6.6152313608645095
401774269,8,California Lutheran University,Chapman,iii,iii,-10,-5.616118154460921,-5.615822710572007
401754567,8,Stanford,Florida State,fbs,fbs,7,-17.48135694732222,-17.552665452976694
401773419,8,McKendree,Missouri S&T,ii,ii,-19,8.0877828714343,8.108966212656457
401757285,9,Florida International,Kennesaw State,fbs,fbs,-19,-7.573209572607464,-7.851535467125654
401757286,9,Louisiana Tech,Western Kentucky,fbs,fbs,-1,6.152104551496873,6.612542958276604
401757287,9,Delaware,Middle Tennessee,fbs,fbs,3,11.79564513626092,11.731490791330815
401757288,9,New Mexico State,Missouri State,fbs,fbs,-7,-3.98115793576617,-4.047781192409552
401761634,9,Georgia State,South Alabama,fbs,fbs,-7,-6.109323782900427,-6.127704261684929
401767701,9,Dartmouth,Columbia,fcs,fcs,46,10.557568736918519,10.339985599668136
401762492,9,Charlotte,North Texas,fbs,fbs,-34,-26.76166300875986,-26.755335536011142
401754372,9,Virginia Tech,California,fbs,fbs,8,-1.5177806455360514,-2.493087657721949
401760397,9,Nevada,Boise State,fbs,fbs,-21,-22.031091538379712,-22.02619492920934
401767101,9,Sacramento State,Montana,fcs,fcs,-14,-10.466702667733184,-10.570848116967849
401779510,9,Long Island University,New Haven,fcs,fcs,22,-0.29620403619791347,-0.5275972240096269
401788997,9,Yale,Pennsylvania,fcs,fcs,22,1.279207633408392,1.2430397618915805
401773239,9,Findlay,Ohio Dominican,ii,ii,7,14.52732979211362,14.37773721345551
401777978,9,Bentley,Pace,ii,ii,29,11.226500120040395,11.126208756020876
401752885,9,Indiana,UCLA,fbs,fbs,50,22.19107989399172,22.09197178258904
401767668,9,Bucknell,Georgetown,fcs,fcs,-7,-3.1212615810367916,-4.175812308544499
401767623,9,Marist,Drake,fcs,fcs,-14,-13.031894617130924,-12.291920982577336
401777972,9,Assumption,American International,ii,ii,21,21.911910594269532,21.905556295999904
401777778,9,Nichols College,Endicott College,iii,iii,-53,-39.34217320291899,-39.46395464125112
401777263,9,Muhlenberg,Carnegie Mellon,iii,iii,4,-0.061050880622849135,-0.5349267027260982
401774214,9,North Carolina Wesleyan,Southern Virginia,iii,iii,-9,-7.128932899777756,-7.125160405630621
401774152,9,Coast Guard,Norwich,iii,iii,31,26.146802622644024,26.18110043371382
401788915,9,Mass Maritime,Framingham State,iii,iii,2,-2.3683806310627986,-2.3674455859259353
401783347,9,Delaware Valley,Stevenson,iii,iii,3,-0.3283419969327701,-1.1361578199949554
401783335,9,Albright,FDU-Florham,iii,iii,14,11.338023427393559,10.457544721682282
401778019,9,MIT,Salve Regina,iii,iii,8,-10.399891736495208,-10.396146950272565
401774136,9,Castleton,Montclair State,iii,iii,-28,-12.30498628520414,-12.423541816660272
401773507,9,Walsh,Thomas More College,ii,ii,21,12.378050124937896,12.78697915029521
401777223,9,Shenandoah,Averett,iii,iii,45,25.229403057388954,25.367097843551818
401773475,9,Northern Michigan,Michigan Tech,ii,ii,-39,-15.89950016845535,-16.400060886430424
401774055,9,SUNY Morrisville,Brockport,iii,iii,-58,-19.639837114793153,-19.61230321867638
401773866,9,Shepherd,East Stroudsburg University,ii,ii,5,-7.489162334869402,-7.4421629398183935
401773458,9,Davenport,Roosevelt,ii,ii,52,15.890402650502626,15.710396979267127
401773849,9,West Chester,Kutztown University,ii,ii,-34,-21.07890638790185,-20.944829343477572
401773301,9,Alfred University,Utica,iii,iii,-23,-12.201013131962245,-12.316345197758277
401773282,9,Anna Maria College,Fitchburg State,iii,iii,8,7.0593912390439595,7.031498427485841
401767607,9,Davidson,San Diego,fcs,fcs,-12,-16.99415482228137,-16.936557432241784
401767705,9,Princeton,Harvard,fcs,fcs,-21,-15.436971347887951,-15.708299644663786
401767754,9,Wagner,Duquesne,fcs,fcs,11,-16.911854537201748,-16.91616633221495
401767774,9,Mercyhurst,Stonehill,fcs,fcs,-7,4.644545262776785,5.698689655625192
401767617,9,Dayton,Presbyterian,fcs,fcs,16,-8.803675965786253,-9.085552476098302
401773309,9,Hilbert College,Rensselaer,iii,iii,-55,-36.9959345580513,-36.88292925428864
401783364,9,Springfield,Merchant Marine Academy,iii,iii,28,8.660815286928113,8.673624545336502
401752884,9,Purdue,Rutgers,fbs,fbs,-3,-2.8449545421273648,-3.346238104587858
401752750,9,Oklahoma,Ole Miss,fbs,fbs,-8,1.380345300037611,1.3677492737243142
401752883,9,Nebraska,Northwestern,fbs,fbs,7,1.2786491996767566,2.0164192451367313
401761635,9,Old Dominion,App State,fbs,fbs,3,9.709184175702894,10.293896175270593
401773830,9,Gannon,Edinboro University,ii,ii,-21,-6.046924946255945,-6.708379652536456
401778002,9,Curry College,Western New England,iii,iii,21,-7.866502198788149,-7.898914690010988
401762846,9,Kent State,Bowling Green,fbs,fbs,3,-7.686307060601118,-7.827628341008264
401754571,9,Georgia Tech,Syracuse,fbs,fbs,25,11.741615752109581,11.644543482250022
401783918,9,Bridgewater State,UMass Dartmouth,iii,iii,20,-11.381015460723173,-11.380162870261952
401773806,9,Millersville,Bloomsburg,ii,ii,-16,-8.683490343504426,-8.746032689883183
401777270,9,Thiel,Case Western Reserve,iii,iii,-48,-29.143911478474195,-29.158897936619017
401762848,9,Eastern Michigan,Ohio,fbs,fbs,-7,-16.32717900797003,-16.42857756749821
401752942,9,Wake Forest,SMU,fbs,fbs,1,-5.234415426401377,-5.025947671415089
401756932,9,Kansas,Kansas State,fbs,fbs,-25,-0.051929756419212936,-0.1677584943974324
401776973,9,New England College,Maine Maritime,,iii,4,-2.8537104392039296,-2.8618946688546814
401762494,9,Memphis,South Florida,fbs,fbs,3,-4.036252648194434,-4.19843595818174
401754573,9,North Carolina,Virginia,fbs,fbs,-1,-19.5535085717731,-19.55939153548484
401752746,9,Arkansas,Auburn,fbs,fbs,-9,-1.855798904619327,-1.9416190621005498
401776998,9,Misericordia,Eastern University,iii,iii,-7,0.4244240503597929,1.4348218149573242
401777558,9,Minnesota Duluth,University of Mary,ii,ii,22,20.950960681180867,21.382239763631436
401774095,9,Susquehanna,Catholic,iii,iii,56,26.281668468498253,26.323833235223578
401774108,9,Ithaca College,Union (NY),iii,iii,-5,2.8408566811730473,2.8409691563611172
401774103,9,Hobart College,St. Lawrence,iii,iii,32,7.4089944944064605,7.409597520697828
401774078,9,Gettysburg,Johns Hopkins University,iii,iii,-38,-42.41089801451062,-42.94197308202754
401777232,9,Hampden-Sydney,Roanoke College,iii,,25,14.240306633096681,14.208656260355985
401774016,9,Central State (OH),Miles College,ii,ii,-4,0.5714536477062886,0.6219215578346358
401767176,9,Maine,Elon,fcs,fcs,21,-6.429739566853688,-5.649509588652984
401774068,9,Ursinus,Franklin & Marshall,iii,iii,-32,4.965335045628608,4.947091602782406
401774310,9,William Paterson,Christopher Newport,iii,iii,-45,-24.129720452096137,-24.076253997974334
401773730,9,Southern Connecticut State,St. Anselm,ii,ii,24,-13.077440921940212,-13.025710461929247
401777290,9,Washington & Jefferson,Waynesburg,iii,iii,56,22.919785597297825,22.940585686912602
401767650,9,Stetson,St. Thomas (MN),fcs,fcs,-42,-17.139864015179494,-16.988484682180804
401777107,9,John Carroll University,Wooster,iii,iii,59,23.866918012268503,23.86971110186438
401783341,9,Reading,Widener,iii,iii,-18,-9.270381503371908,-10.06873144173171
401777592,9,Lagrange College,Huntingdon College (AL),iii,iii,16,7.268186772219126,7.2671901034716555
401777283,9,Grove City College,Westminster (PA),iii,iii,7,2.3381400959204477,2.358993546442349
401783307,9,Lycoming,Wilkes,iii,iii,10,-3.78903533782833,-3.799724683306322
401774232,9,Belhaven,Methodist,iii,iii,21,18.24716247107466,18.249850614333035
401766714,9,Colby College,Hamilton,iii,iii,7,8.187917373836235,8.368202825801854
401783903,9,Rowan,Salisbury,iii,iii,-3,-11.167232688639121,-11.178489489455501
401777099,9,Kenyon,Ohio Wesleyan,iii,iii,-42,-0.5509141909637556,-0.5677995337565456
401767729,9,Holy Cross,Colgate,fcs,fcs,-1,-3.8697762251671968,-3.8764494478423366
401777735,9,McDaniel College,Dickinson (PA),iii,iii,-3,-17.696578068545627,-17.591545631173254
401777241,9,Gallaudet,Randolph-Macon,iii,iii,-40,-36.673846898253046,-36.77918139555077
401774454,9,Hendrix College,LYONCOLL,iii,iii,17,13.876635518304129,13.899800638765623
401777308,9,Greenville,Minnesota Morris,iii,iii,7,4.675541129990819,4.6763891048408155
401767221,9,Tennessee Tech,Southeast Missouri State,fcs,fcs,19,17.777843005872136,18.158970073893215
401777605,9,Westminster College (MO),Martin Luther,iii,iii,-10,-6.74329668288749,-6.891740913233683
401767345,9,North Carolina Central,Delaware State,fcs,fcs,-9,9.611422938386236,9.067432083922945
401766707,9,Ripon,Illinois College,iii,iii,-31,-11.891070407916692,-11.887428231195713
401774241,9,Southwestern University,Maryville College (TN),iii,iii,-31,-13.922092452973963,-13.922408276437904
401773063,9,Lincoln (PA),Elizabeth City State,ii,ii,-48,-10.833844171181635,-10.826272179231431
401774144,9,Moravian,Western Connecticut St,iii,iii,7,-15.267754764312098,-15.221997505391695
401773128,9,Ferrum,ERSKINE,ii,ii,2,-0.8852136093182459,-1.0392577634348648
401776783,9,Kalamazoo,Albion,iii,iii,4,-2.7317224072703468,-2.625386697405368
401774126,9,Calvin University,Trine University,iii,iii,3,-2.758150239827069,-2.727076511493495
401767035,9,Rhode Island,Bryant,fcs,fcs,21,12.396806457855156,13.245536577509316
401766712,9,Middlebury,Bates,iii,iii,18,5.775974286071433,5.649191401760788
401773091,9,Johnson C Smith,Winston-Salem,ii,ii,25,7.715239330975583,7.813199513034825
401773466,9,Ferris State,Grand Valley State University,ii,ii,7,10.071507172866443,10.0378222056436
401773953,9,Mars Hill,Lenoir-Rhyne,ii,ii,-45,-0.13921541900445078,-0.5423419729785977
401773997,9,Clark Atlanta,Edward Waters,ii,ii,-14,-8.293912956370551,-7.910416883222825
401766713,9,Bowdoin,Trinity (CT),iii,iii,-42,-23.5210150466702,-24.838929795736036
401800973,9,Worcester Polytechnic Institute,SUNY Maritime,iii,iii,-21,-13.510190703191885,-13.517018801566223
401773054,9,Virginia Union,Bowie State,ii,ii,17,21.000007111811264,21.582866396016506
401773500,9,Kentucky Wesleyan,Northwood (MI),ii,ii,-35,-33.35791140951775,-33.72877159686523
401773681,9,Wheeling,Frostburg State,ii,ii,-18,-9.261431058780108,-9.18694431031551
401773687,9,West Liberty,Glenville State,ii,ii,-4,-17.188206903804367,-17.938315740347548
401773721,9,Post University,Franklin Pierce,ii,ii,-11,-11.279304298759607,-11.276525779169953
401773212,9,Tiffin,Ashland,ii,ii,-3,-3.593431434019756,-4.1414480181069315
401773083,9,Shaw,Fayetteville State,ii,ii,-18,-19.53865151082275,-19.506654577437725
401767145,9,North Carolina A&T,Campbell,fcs,fcs,4,-3.5937644778127176,-3.2207033962463907
401767554,9,Cornell,Brown,fcs,fcs,6,-8.770129829235152,-8.725376151881267
401762844,9,Buffalo,Akron,fbs,fbs,-8,5.570362219757897,5.5150958252953775
401774041,9,St John Fisher University,Cortland,iii,iii,-24,-13.697794161808847,-13.71978901470385
401774305,9,Biddeford,Husson,iii,iii,10,12.369745304105377,12.480822996479946
401774340,9,Berry College,Millsaps,iii,iii,23,15.266474694839864,15.327909133190744
401776791,9,Olivet College,Alma,iii,iii,-32,-32.14378944320717,-32.248159558128535
401776989,9,Lebanon Valley,Kings College (PA),iii,iii,-1,5.475944155325742,5.570971596805759
401766716,9,Wesleyan University (CT),Amherst,iii,iii,10,4.577966046991065,4.5779660469910795
401774317,9,Kean,College Of New Jersey,iii,iii,-17,-19.58825900798313,-19.584532800895513
401776732,9,Augsburg,Concordia Moorhead,iii,iii,-19,-7.4549901562060725,-7.456247843704304
401776779,9,Adrian,Hope College,iii,iii,-2,-7.3135055641355144,-8.020699555756064
401767271,9,New Hampshire,William & Mary,fcs,fcs,10,-1.0355342377804995,-1.1788592317753155
401773653,9,Fairmont State,University Of Charleston (WV),ii,ii,-10,-12.25470039910565,-12.182175223953818
401773853,9,Shippensburg,Lock Haven University,ii,ii,-14,-9.675338274247189,-9.791247846851526
401767638,9,Valparaiso,Morehead State,fcs,fcs,-4,-6.459398003858163,-7.1923434219177675
401767675,9,Fordham,Lehigh,fcs,fcs,-21,-30.250249310991677,-31.18500847844214
401777217,9,Anderson (IN),Wilmington (OH),iii,iii,-11,-18.23785793844879,-18.211464584417342
401774419,9,Hanover College,Manchester,iii,iii,69,34.8410985477552,35.979314116605565
401777209,9,University of Mount Union,Ohio Northern,iii,iii,26,13.248681561763025,13.37323019001427
401777194,9,Muskingum University,Heidelberg,iii,iii,-13,-1.2554762240008959,-1.298399395870936
401774348,9,Trinity University TX,Centre College Kentucky,iii,iii,5,15.266540005236852,15.2767890082581
401766715,9,Tufts,Williams,iii,iii,21,-10.528106123345431,-11.830173011872473
401773292,9,Worcester St,Dean College,iii,iii,25,15.350000144376182,15.353951891091015
401774412,9,Mount St. Joseph,Franklin,iii,iii,31,4.345298949774139,4.877658944161832
401777187,9,Capital,Otterbein,iii,iii,-1,11.566627364843932,11.412407684923188
401766709,9,Lawrence University,Knox College,iii,iii,0,-5.601595336244941,-5.603205944023081
401767408,9,Norfolk State,South Carolina State,fcs,fcs,-31,-13.704167751896758,-15.23430895225946
401786478,9,Westfield State,Plymouth State,iii,iii,-7,-11.087989902785463,-11.105651020520915
401776755,9,Saint John's (MN),Carleton,iii,iii,39,10.291128702248422,10.275336431757779
401773619,9,Washburn,Fort Hays State,ii,ii,-3,-4.3542301504176475,-4.328421556276154
401773755,9,Minot State,Sioux Falls,ii,ii,-7,-13.455405106843145,-13.328838174881309
401793943,9,Anderson (Sc),Wingate,ii,ii,-27,-9.365309427830887,-9.435022667759009
401777589,9,Mary Hardin-Baylor,Howard Payne,iii,iii,24,9.839389026677512,9.801912404531768
401777179,9,Baldwin Wallace,Marietta,iii,iii,38,14.749893118862325,14.768463512601494
401777043,9,St. Norbert,Rockford,iii,iii,51,21.688773460042952,21.79656994106397
401773663,9,Concord University,West Virginia Wesleyan,ii,ii,10,19.531043738939246,19.50142635289272
401773388,9,Ouachita Baptist,Southern Arkansas,ii,ii,28,-2.6048768543388254,-2.43070934137719
401767302,9,West Georgia,Central Arkansas,fcs,fcs,1,2.13141823313636,2.095538234402122
401773738,9,Bemidji State,Jamestown College,ii,ii,22,11.93628755902435,12.789358304981418
401767185,9,Hampton,Monmouth,fcs,fcs,-18,-23.775543621773764,-23.95341494320772
401777024,9,Concordia University Chicago,Concordia-Wisconsin,iii,iii,-27,-13.58755705037199,-13.60469134352697
401773443,9,Southwest Baptist,Truman State,ii,ii,-11,-17.208815801662837,-17.192270467787644
401773438,9,Quincy,Missouri S&T,ii,ii,1,2.006946153058223,1.924185507389831
401766711,9,Cornell College (IA),Lake Forest College,iii,iii,-25,-13.839665995287604,-13.813558225646172
401766710,9,Beloit,Monmouth (IL),iii,iii,-72,-34.543448799672404,-34.54098603342143
401777037,9,Benedictine University,Lakeland,iii,iii,7,11.910085328333711,11.860182752387075
401777137,9,Oberlin,Wittenberg,iii,iii,-52,-23.298050448741535,-23.29619049983858
401773049,9,Coe College,Luther,iii,iii,21,40.627735346478524,40.76126059034203
401773823,9,Clarion,Seton Hill,ii,ii,6,6.721073665190032,6.03032266687724
401773977,9,Benedict College,Albany State GA,ii,ii,-28,-2.0241269485381768,-2.0645023760361214
401773451,9,William Jewell,Upper Iowa University,ii,ii,-18,-13.414503772812601,-13.267869914431003
401773492,9,Saginaw Valley State,Wayne State (MI),ii,ii,21,16.455444298745157,17.42714175632819
401773097,9,Livingstone,Virginia University Of Lynchburg,ii,,22,14.010180264270556,14.08572306600053
401773177,9,Simpson College (IA),Dubuque,iii,iii,20,2.6974088582072353,2.5720000088800647
401774164,9,Wisconsin-Eau Claire,Wisconsin-River Falls,iii,iii,-52,-18.449619368344933,-18.4683937299841
401773110,9,Wilson,Shorter,ii,ii,-26,0.9802946078267158,1.5308119243558842
401773161,9,Buena Vista,Loras College,iii,iii,-14,-6.3389287424149785,-6.289987233546945
401774354,9,North Central College,Augustana (IL),iii,iii,62,26.07668228588935,26.058440499429665
401774362,9,Carroll University (WI),Elmhurst,iii,iii,40,16.708108380182743,16.762160794360128
401774186,9,Wisconsin-Whitewater,Wisconsin-Platteville,iii,iii,10,0.831653512300953,0.8180512319813538
401774372,9,Carthage,Millikin,iii,iii,17,4.755263196992397,4.532491083447869
401774378,9,Illinois Wesleyan,North Park,iii,iii,28,8.26119763302494,8.253396719468796
401774394,9,Wheaton,Washington University (St. Louis),iii,iii,4,13.20034822105427,13.456230116749701
401774193,9,Wisconsin-Stout,Wisconsin-Stevens Pt,iii,iii,20,7.852503000120793,7.8437176553851184
401774403,9,Rose-Hulman,Bluffton,iii,iii,-3,-3.67468733638896,-3.601364254804899
401776740,9,St. Olaf,St. Scholastica,iii,iii,3,7.6351696211689415,7.526790089302196
401776759,9,Bethel (MN),Macalester,iii,iii,53,31.53374510207721,31.518198069896904
401776765,9,Hamline University,Gustavus Adolphus,iii,iii,-54,-15.38101344808403,-15.397497395545638
401773412,9,McKendree,Lincoln (MO),ii,ii,6,8.831315832158523,8.847982930640732
401766708,9,Grinnell,Chicago,iii,iii,-31,-20.203917692391073,-20.26330466844968
401773041,9,Wartburg,Central College,iii,iii,15,5.404041626305469,5.408436211058657
401773070,9,Virginia St,Bluefield State,ii,ii,17,15.578098857411792,15.56274133158055
401773772,9,Southwest Minnesota State,Augustana University (SD),ii,ii,-28,-29.342272480301574,-29.79169243660906
401773786,9,Wayne State (NE),Minnesota State Mankato,ii,ii,15,-17.05774525231986,-17.065205295972852
401773816,9,Indiana-Pennsylvania,PennWest California,ii,ii,8,7.17068880966184,7.247726817949697
401767569,9,Furman,The Citadel,fcs,fcs,10,-3.2028821353305466,-3.2711941761594545
401767167,9,Charleston Southern,Eastern Illinois,fcs,fcs,1,-0.2386226572278085,0.005699602645012902
401767441,9,South Dakota,Illinois State,fcs,fcs,-8,1.8903777791149583,2.9018098107039503
401767498,9,Youngstown State,Murray State,fcs,fcs,34,18.468885868539353,18.704552916490513
401767228,9,Tennessee State,Western Illinois,fcs,fcs,-1,2.1947305930632863,1.5149132392734206
401773247,9,Hillsdale,Lake Erie,ii,ii,25,9.92362911972513,10.06284919499131
401773609,9,Central Missouri,Emporia State University,ii,ii,-4,3.0394576416027927,3.070941152311338
401767204,9,Lindenwood,Gardner-Webb,fcs,fcs,-28,-2.61880333205689,-2.6049804195943107
401773517,9,West Alabama,Delta State,ii,ii,-3,-6.78131460297445,-6.68606140064312
401773624,9,Missouri Southern State,Missouri Western,ii,ii,-7,2.856141917783644,2.760440253034396
401760400,9,New Mexico,Utah State,fbs,fbs,19,-0.2025793306583452,-0.19677374397488379
401774010,9,Savannah St,Morehouse College,ii,ii,8,0.7308288820159543,0.8384019194072714
401767472,9,Houston Christian,SE Louisiana,fcs,fcs,-24,-17.66340391253857,-17.6300691266737
401774003,9,Lane College,Fort Valley State,ii,ii,-4,-20.193590938860257,-20.229001997893633
401767539,9,Southern Illinois,Northern Iowa,fcs,fcs,14,12.863029644710851,11.583572802904001
401767435,9,Prairie View A&M,Lincoln (CA),fcs,ii,38,28.295634474655984,28.284973918281743
401773531,9,West Florida,West Virginia State,ii,ii,49,18.492829644729508,19.24189319936438
401767065,9,Weber State,Eastern Washington,fcs,fcs,-3,-1.9834290626172413,-2.0657548813040627
401767124,9,Northern Colorado,UC Davis,fcs,fcs,-11,-11.0592855658593,-11.050303927246139
401767374,9,Alcorn State,Mississippi Valley State,fcs,fcs,22,3.5381984811166323,3.565775883439766
401767486,9,Northwestern State,Lamar,fcs,fcs,-27,-20.65305952487397,-20.75766732565434
401757172,9,Rice,UConn,fbs,fbs,3,-11.775540051354369,-11.745464427519835
401767384,9,Bethune-Cookman,Arkansas-Pine Bluff,fcs,fcs,17,8.934197213061072,7.658804050039008
401783327,9,Buffalo State,University of Rochester (NY),iii,iii,-20,-19.398437499136108,-19.393643144853517
401777091,9,Hiram College,Allegheny,iii,iii,-15,-0.16770941302225495,-0.16465936348497934
401773896,9,Western Colorado,Colorado School Of Mines,ii,ii,23,11.207533651533131,11.43518403180715
401777074,9,Denison University,Depauw,iii,iii,-7,-13.480025148633436,-13.45924621605516
401767577,9,Mercer,VMI,fcs,fcs,62,26.276346191304377,27.447527673493187
401773348,9,Harding University,Arkansas-Monticello,ii,ii,55,37.89587688566641,37.795893028309656
401773941,9,Carson-Newman College,UVA Wise,ii,ii,21,23.806662717010724,23.80247866744412
401773637,9,Northwest Missouri St,Nebraska-Kearney,ii,ii,14,12.61528889466581,12.620802140352836
401777279,9,Geneva,Bethany (WV),iii,iii,47,23.475512483603694,23.482451948091537
401773778,9,Winona State,Concordia University St Paul,ii,ii,10,13.22276744479181,13.80936598663452
401767281,9,Eastern Kentucky,Tarleton State,fcs,fcs,-24,-21.782295572430403,-21.72163711374725
401774171,9,Wisconsin-Lacrosse,Wisconsin-Oshkosh,iii,iii,31,6.641271798273493,6.698712526504899
401773138,9,Valdosta State,North Greenville,ii,ii,11,-4.990952377285005,-5.048489071868344
401767764,9,St. Francis (PA),Robert Morris,fcs,fcs,-10,-6.767716753884313,-6.699006800278609
401773984,9,Tuskegee,Allen,ii,ii,-15,6.598661082469392,6.578247351856941
401774283,9,Rhodes College,Sewanee,iii,iii,-22,-6.517207579301356,-6.515926682072209
401773357,9,Southwestern Oklahoma State,East Central (OK),ii,ii,24,-0.9139341098050484,-1.6547540360437112
401752752,9,Vanderbilt,Missouri,fbs,fbs,7,0.42298236573327586,0.33592091813487457
401756931,9,Iowa State,BYU,fbs,fbs,-14,-3.587111644939199,-3.480837681255707
401762493,9,Navy,Florida Atlantic,fbs,fbs,10,12.4353847687254,12.400133409168847
401752882,9,Iowa,Minnesota,fbs,fbs,38,6.376357855265862,6.415204871757457
401752952,9,Washington State,Toledo,fbs,fbs,21,-2.784979956501278,-3.109568624649544
401767561,9,East Tennessee State,Wofford,fcs,fcs,4,2.67189458094707,2.5677980614091043
401767533,9,Samford,Chattanooga,fcs,fcs,-36,-11.145348027994176,-11.534684869869064
401767325,9,Stony Brook,Towson,fcs,fcs,8,1.9004216527763305,2.231947949738114
401767334,9,Villanova,UAlbany,fcs,fcs,13,20.022396833107337,19.965975761068343
401752751,9,South Carolina,Alabama,fbs,fbs,-7,-11.18279274784448,-11.73211360771148
401760399,9,Fresno State,San Diego State,fbs,fbs,-23,-8.511801742603309,-9.437245485974264
401762847,9,Central Michigan,Massachusetts,fbs,fbs,25,14.660168587749919,14.761687657409169
401761637,9,Southern Miss,UL Monroe,fbs,fbs,28,11.816774471539034,11.81952347136585
401752880,9,Washington,Illinois,fbs,fbs,17,-0.7323264275426808,-0.824181958539306
401767354,9,Howard,Morgan State,fcs,fcs,6,-0.15264328105600544,-0.05627909457847302
401767314,9,Alabama A&M,Alabama State,fcs,fcs,-43,-11.350138920757459,-11.319202716382037
401762845,9,Northern Illinois,Ball State,fbs,fbs,14,-2.9731400523966265,-2.836653727730143
401762874,9,Miami (OH),Western Michigan,fbs,fbs,9,-5.197990027028187,-5.214077570668309
401762495,9,Tulsa,Temple,fbs,fbs,-1,-9.765312039833898,-9.761932891232055
401754574,9,Pittsburgh,NC State,fbs,fbs,19,5.513206390650613,5.595695039540697
401767493,9,Nicholls,McNeese,fcs,fcs,24,-5.215024728873608,-5.31379163086074
401777149,9,Pacific Lutheran,Linfield College,iii,iii,-16,-5.848762456237958,-5.850297015542484
401773272,9,Alfred State,Hartwick,iii,iii,26,6.554915259696887,6.566201968320019
401756933,9,Texas Tech,Oklahoma State,fbs,fbs,42,30.078300976298564,30.012180628964014
401756930,9,Cincinnati,Baylor,fbs,fbs,21,5.0877298407881355,5.134179901561655
401767252,9,Austin Peay,North Alabama,fcs,fcs,28,11.465208958975705,11.621798952365937
401777156,9,Pacific (OR),Willamette,iii,iii,21,7.403106735912736,7.405777335700851
401773379,9,Northwestern Oklahoma State,Southern Nazarene,ii,ii,11,-6.914090363032395,-7.710877444795811
401773904,9,Colorado Mesa,Fort Lewis,ii,ii,10,12.416407192203152,12.373429725194937
401767450,9,North Dakota,Indiana State,fcs,fcs,29,18.19481928577198,19.04701263801588
401777252,9,Washington and Lee,Bridgewater (VA),iii,iii,3,7.70154135704629,7.498440237947596
401767093,9,Idaho,Portland State,fcs,fcs,39,11.784346703976713,11.689343115542748
401777173,9,Lewis & Clark College,Whitworth,iii,iii,-7,1.1536027256571622,1.150693189063487
401752749,9,Mississippi State,Texas,fbs,fbs,-7,-6.4702651770351665,-6.370081378559831
401777143,9,NEWBERG,Puget Sound,iii,iii,25,6.1417451236106935,6.142337001854322
401774277,9,Austin,Texas Lutheran,iii,iii,-48,-14.86223725046435,-14.854896740080584
401773338,9,Arkansas Tech,Henderson State,ii,ii,11,-9.512198921418243,-9.434460826773362
401767456,9,Southern,Florida A&M,fcs,fcs,-8,-6.317968180720257,-6.489939325539608
401773551,9,Eastern New Mexico,Western New Mexico,ii,ii,24,6.901793949693101,7.581541859433482
401773119,9,Chowan,UNC Pembroke,ii,ii,-32,-21.965047324530154,-21.965081510842474
401774249,9,Greensboro College,Brevard College,iii,iii,-27,-10.215480419859498,-10.219150285753907
401773948,9,Newberry,Emory & Henry College,ii,ii,2,-13.584911422534951,-13.883900763090706
401773933,9,Catawba,Greeneville,ii,ii,35,15.656092065810121,15.613741995298811
401756935,9,West Virginia,TCU,fbs,fbs,-6,-16.660876233357058,-16.676520508685385
401774461,9,CENTENARY,McMurry,iii,iii,-46,-22.42481022228761,-22.425844655715142
401783911,9,Eureka College,Wisconsin-Lutheran,iii,iii,-30,-16.148182157963426,-16.966649077419564
401767085,9,Idaho State,Northern Arizona,fcs,fcs,-13,-2.324343732619413,-2.329210057037244
401767419,9,Grambling,Jackson State,fcs,fcs,2,-9.803398963835827,-9.735235167445406
401767463,9,East Texas A&M,Stephen F. Austin,fcs,fcs,-10,-9.285646449752882,-9.372463931287893
401773384,9,Oklahoma Baptist,Southeastern Oklahoma State,ii,ii,-4,-7.428433258628768,-7.372466103104035
401754572,9,Miami,Stanford,fbs,fbs,35,23.099144050845602,22.9896982792934
401752886,9,Oregon,Wisconsin,fbs,fbs,14,22.692178424781105,23.91500599338139
401761638,9,Troy,Louisiana,fbs,fbs,12,4.964223383853547,4.873084505654237
401773748,9,Northern State,Minnesota State Moorhead,ii,ii,1,5.31247202425468,6.070920910077183
401761636,9,Arkansas State,Georgia Southern,fbs,fbs,10,-1.2912914980615078,-1.3579757892607454
401773576,9,UT Permian Basin,West Texas A&M,ii,ii,16,4.882824474285627,5.500139979465761
401760398,9,Wyoming,Colorado State,fbs,fbs,28,-0.16619467301660684,0.6256086575563575
401752881,9,Michigan State,Michigan,fbs,fbs,-11,-13.447657837551588,-13.69262208308849
401754570,9,Louisville,Boston College,fbs,fbs,14,24.54978015064023,24.598574870590763
401752748,9,LSU,Texas A&M,fbs,fbs,-24,-4.2708684534518895,-4.302191632360682
401752747,9,Kentucky,Tennessee,fbs,fbs,-22,-11.191241836319406,-12.100159380612627
401773569,9,Texas A&M-Kingsville,Western Oregon,ii,ii,-7,-0.292885607332249,-1.0947551330136307
401767295,9,Utah Tech,Southern Utah,fcs,fcs,-21,-8.44518657420917,-8.39135728569614
401756929,9,Arizona State,Houston,fbs,fbs,-8,-0.7022415470753849,-0.6944230583028848
401767478,9,UT Rio Grande Valley,Incarnate Word,fcs,fcs,28,8.011076277707245,7.9825976618606465
401773876,9,Adams State,New Mexico Highlands,ii,ii,-39,-15.051307979767232,-14.975575009630983
401773560,9,Midwestern State,Central Washington,ii,ii,-43,-26.060335221051577,-27.006768671971198
401767075,9,Cal Poly,Montana State,fcs,fcs,-17,-13.06304024084957,-13.051820671832685
401777614,9,Northwestern (MN),Crown College,iii,iii,8,-4.054813188094627,-4.02632412240019
401773532,9,Central Oklahoma,Northeastern State,ii,ii,-7,8.65449135862346,8.515249242424302
401767512,9,South Dakota State,North Dakota State,fcs,fcs,-31,-6.983789867584981,-7.032828265974153
401774264,9,Chapman,Claremont-Mudd-Scripps College,iii,iii,6,12.044496835986736,12.042693334320768
401788918,9,Pomona Pitzer,La Verne,iii,iii,-18,16.730224924252997,16.73042271450098
401774257,9,California Lutheran University,Redlands,iii,iii,-6,4.328415571166053,4.328085069041752
401756934,9,Utah,Colorado,fbs,fbs,46,8.71408984727449,8.745489174882074
401761639,10,Texas State,James Madison,fbs,fbs,-32,-9.374482048098159,-9.41705942583599
401757289,10,Kennesaw State,UTEP,fbs,fbs,13,12.945282318971227,12.6650917065556
401757292,10,Middle Tennessee,Jacksonville State,fbs,fbs,-3,-10.091341949679729,-10.041707898183446
401757291,10,Missouri State,Florida International,fbs,fbs,7,4.271469985016429,4.441440643087326
401767346,10,Delaware State,Norfolk State,fcs,fcs,7,13.90010471979734,14.31712100863706
401762443,10,UTSA,Tulane,fbs,fbs,22,-8.768206618052766,-8.763573765413923
401761640,10,Coastal Carolina,Marshall,fbs,fbs,17,-9.059805878428786,-9.576646223456692
401762497,10,Rice,Memphis,fbs,fbs,-24,-18.202313020909813,-18.222340361178293
401767555,10,Pennsylvania,Brown,fcs,fcs,7,4.795442416630488,4.96020472413331
401754575,10,Syracuse,North Carolina,fbs,fbs,-17,5.44887028821044,5.4384965319114755
401757290,10,Louisiana Tech,Sam Houston,fbs,fbs,41,19.94389159575366,19.961166667445394
401767094,10,Northern Arizona,Idaho,fcs,fcs,-3,-1.764575776641328,-1.75640110476966
401777956,10,Ohio Dominican,Lake Erie,ii,ii,16,10.374964838521763,10.466933295436421
401767768,10,St. Francis (PA),Wagner,fcs,fcs,-3,-10.67509114968586,-10.696499807920029
401774056,10,Hartwick,SUNY Morrisville,iii,iii,11,-3.8776092682069176,-4.118375088724129
401778020,10,Salve Regina,Coast Guard,iii,iii,-5,-3.8914340848679814,-3.8943083966321694
401756938,10,Houston,West Virginia,fbs,fbs,-10,14.876913339098143,14.876112107784868
401752889,10,Ohio State,Penn State,fbs,fbs,24,13.859191325303616,13.79620190325964
401773476,10,Michigan Tech,Roosevelt,ii,ii,25,25.527698180147357,25.37147526220506
401773459,10,Davenport,Saginaw Valley State,ii,ii,14,-1.7795418031993835,-3.460758014370035
401773420,10,Upper Iowa University,McKendree,ii,ii,50,11.232244134069825,11.105477079358831
401767661,10,Sacred Heart,New Haven,fcs,fcs,15,9.70062687288534,9.66534334060996
401773867,10,Shepherd,Shippensburg,ii,ii,41,12.685520163220408,12.743116067791282
401774324,10,College Of New Jersey,Rowan,iii,iii,-14,-2.791864010875484,-2.8020448141580623
401762849,10,Bowling Green,Buffalo,fbs,fbs,-25,2.2633092644063773,2.443230451773738
401773302,10,Brockport,Alfred University,iii,iii,51,12.40073968796239,12.403718308827942
401752758,10,Texas,Vanderbilt,fbs,fbs,3,-2.767532956908436,-2.8149689779748925
401773248,10,Thomas More College,Hillsdale,ii,ii,-14,-14.782803071998316,-15.173680130823183
401774306,10,Husson,Curry College,iii,iii,-19,-9.048986504470982,-8.986574469805186
401786479,10,Westfield State,Mass Maritime,iii,iii,-7,-7.197985928784295,-7.181298366264937
401806318,10,Plymouth State,Framingham State,iii,iii,2,2.9494938513629982,2.9422557673611216
401757173,10,UConn,UAB,fbs,fbs,19,8.176171981474491,8.170366494728828
401760401,10,Air Force,Army,fbs,fbs,-3,-6.845919746849155,-6.968960460766514
401767746,10,Central Connecticut,Long Island University,fcs,fcs,3,5.224524527660881,5.349016584543291
401754581,10,SMU,Miami,fbs,fbs,6,-9.580882507142682,-9.471662991079949
401754577,10,Clemson,Duke,fbs,fbs,-1,-1.7776301673780317,-1.7657226023037147
401778012,10,Catholic,Lycoming,iii,iii,-26,-9.11574225961844,-9.123206520564066
401767275,10,North Carolina A&T,Towson,fcs,fcs,-53,-6.454859109782024,-6.083698293612654
401756936,10,Baylor,UCF,fbs,fbs,27,-2.717314370304095,-2.7586592878883422
401777979,10,St. Anselm,Bentley,ii,ii,-14,-4.570024569105046,-4.48268422837665
401773240,10,Northwood (MI),Findlay,ii,ii,-15,0.8547554446623078,1.474653760830769
401774250,10,Brevard College,Huntingdon College (AL),iii,iii,-6,1.8686193819739376,1.8030902006268335
401762499,10,North Texas,Navy,fbs,fbs,14,6.24473451073214,6.285605868208272
401773854,10,Millersville,Lock Haven University,ii,ii,-35,-16.353864559613644,-16.366262743688992
401774104,10,University of Rochester (NY),Hobart College,iii,iii,-7,0.6882692031172368,0.6733315779391722
401777008,10,Fitchburg State,Bridgewater State,iii,iii,-20,-0.9059799580632557,-0.9049959882178769
401773664,10,Wheeling,Concord University,ii,ii,5,4.482789121729475,4.635149549502467
401773850,10,Kutztown University,East Stroudsburg University,ii,ii,43,17.548521642620308,17.54318601977021
401773831,10,Seton Hill,Edinboro University,ii,ii,-16,-4.242808882584697,-3.6493953309272573
401773807,10,West Chester,Bloomsburg,ii,ii,2,6.825419880812413,6.824042109177135
401776999,10,FDU-Florham,Misericordia,iii,iii,-19,-20.942145270752377,-21.762982252944937
401773293,10,Dean College,UMass Dartmouth,iii,iii,-41,-27.47649551645335,-27.815352863448762
401767685,10,Yale,Columbia,fcs,fcs,14,19.95226167942069,19.740037861104792
401767723,10,Lehigh,Georgetown,fcs,fcs,41,20.04518180122873,21.01840775625075
401773139,10,North Greenville,Ferrum,ii,ii,27,18.858367209561216,19.09504765673857
401800974,10,MIT,Worcester Polytechnic Institute,iii,iii,12,9.673639425849291,9.670845371415973
401774088,10,Wilkes,Juniata College,iii,iii,31,16.106496193765274,16.158021902722805
401776974,10,Endicott College,Maine Maritime,iii,iii,62,53.92857968627002,54.05434082760396
401774153,10,Norwich,Springfield,iii,iii,-42,-35.584852250917756,-35.61348176864243
401752891,10,Illinois,Rutgers,fbs,fbs,22,8.963601909123753,8.937983180021192
401773713,10,Assumption,Southern Connecticut State,ii,ii,31,18.206393691085324,18.155958160379456
401766724,10,Hamilton,Middlebury,iii,iii,-3,-13.524141160051473,-13.536767422677705
401773934,10,Carson-Newman College,Catawba,ii,ii,8,6.994310424676893,7.80094768995821
401756939,10,Iowa State,Arizona State,fbs,fbs,-5,2.486643190609332,2.573047437207528
401774096,10,Western Connecticut St,Susquehanna,iii,iii,-34,-19.83482920068153,-19.88327001131043
401774109,10,Ithaca College,Buffalo State,iii,iii,42,24.86437538582424,24.872686138758397
401774115,10,St. Lawrence,Rensselaer,iii,iii,-48,-22.11214973818977,-22.019756213388696
401774215,10,Southern Virginia,Belhaven,iii,iii,-22,0.8886370582377445,0.9196667165497736
401774311,10,Christopher Newport,Montclair State,iii,iii,7,21.185013991527764,21.132993857891083
401774341,10,Centre College Kentucky,Berry College,iii,iii,-18,-19.741554566315752,-20.393281184128433
401766723,10,Tufts,Colby College,iii,iii,-27,3.025474012038755,2.9118376484023827
401766725,10,Williams,Wesleyan University (CT),iii,iii,-6,-3.467490422734558,-2.34249042273456
401766726,10,Trinity (CT),Amherst,iii,iii,7,9.99738243761328,10.122382437613323
401773482,10,Ferris State,Northern Michigan,ii,ii,35,31.04756620230275,31.384854457608235
401773501,10,Tiffin,Kentucky Wesleyan,ii,ii,12,30.332347360726555,30.130174787755113
401773522,10,Valdosta State,West Alabama,ii,ii,10,-4.113463179808861,-4.120370669663817
401773601,10,Nebraska-Kearney,Central Oklahoma,ii,ii,11,-1.1160111364509913,-1.1958011788427072
401773654,10,University Of Charleston (WV),West Virginia Wesleyan,ii,ii,54,35.87648560662785,35.912079260178274
401773824,10,Slippery Rock,Clarion,ii,ii,19,7.600704790185613,7.62453511432653
401773985,10,Morehouse College,Allen,ii,ii,-11,-1.7112665764491695,-1.6853315439522483
401777973,10,American International,Post University,ii,ii,9,-2.030943020127282,-2.023843532728744
401777075,10,Denison University,Oberlin,iii,iii,53,28.663370542710645,28.669829752884972
401776797,10,Calvin University,Olivet College,iii,iii,30,16.633342706274505,16.656322118903798
401776981,10,Biddeford,Nichols College,iii,iii,24,22.19202302645085,22.30389798837613
401777082,10,Ohio Wesleyan,Depauw,iii,iii,-30,-18.94500133908176,-18.93467569651152
401777242,10,Randolph-Macon,Shenandoah,iii,iii,17,10.892276193572755,10.870602722904401
401773310,10,Union (NY),Hilbert College,iii,iii,21,32.90593817319122,32.896461985481004
401773779,10,Concordia University St Paul,Wayne State (NE),ii,ii,-34,-21.80122429857235,-22.65611116615891
401777092,10,Hiram College,Thiel,iii,iii,-28,8.418376617240742,8.41934947129225
401774137,10,Kean,Castleton,iii,iii,5,7.0948253723040295,7.187341387223498
401773739,10,Minnesota State Moorhead,Bemidji State,ii,ii,28,7.338782807435074,6.983558634711594
401774127,10,Trine University,Alma,iii,iii,-14,-15.209970596236111,-15.274074249893658
401783285,10,Ursinus,Gettysburg,iii,iii,27,20.32988651486552,20.6853819758082
401767136,10,Bryant,Monmouth,fcs,fcs,-28,-17.951837498314987,-18.820486719054465
401767598,10,Butler,Drake,fcs,fcs,-5,-6.795642527220065,-6.181875604080697
401767765,10,Stonehill,Robert Morris,fcs,fcs,-3,3.982673694771729,3.0394340653340706
401777259,10,Westminster (PA),Allegheny,iii,iii,36,15.212006100879952,15.207019727976999
401776780,10,Kalamazoo,Adrian,iii,iii,-27,-15.855068564570507,-15.673711716481467
401767608,10,Morehead State,Davidson,fcs,fcs,4,7.733769498023545,7.7474716861845145
401767642,10,Presbyterian,Valparaiso,fcs,fcs,29,23.159224280613188,23.88995087047668
401767693,10,Cornell,Princeton,fcs,fcs,3,-5.754760426887258,-5.586113817896575
401767205,10,Tennessee Tech,Gardner-Webb,fcs,fcs,6,14.934324053364115,15.10876816622028
401767730,10,Holy Cross,Lafayette,fcs,fcs,-8,-4.095428242502832,-5.087365583476261
401767193,10,Maine,Stony Brook,fcs,fcs,7,-3.1564371851548128,-2.561242002544459
401774069,10,Franklin & Marshall,McDaniel College,iii,iii,21,19.7244039565917,19.637803568493183
401769068,10,Colgate,Merrimack,fcs,fcs,3,1.6161792175590142,1.575280847664497
401777108,10,Wooster,Kenyon,iii,iii,43,5.226448653636815,5.2409021227527965
401774242,10,Maryville College (TN),Rhodes College,iii,iii,20,29.264551749234123,29.17847109401064
401774284,10,Sewanee,Trinity University TX,iii,iii,-29,-18.545908343106646,-18.53977092824021
401777132,10,Wabash College,Wittenberg,iii,iii,7,18.02356719411707,18.041787476658765
401774396,10,Elmhurst,Wheaton,iii,iii,-65,-41.15229545487079,-41.39074725040709
401777233,10,Gallaudet,Hampden-Sydney,iii,iii,-53,-35.868443379450895,-35.95419485649919
401776784,10,Albion,Hope College,iii,iii,-62,-21.95890153443434,-22.375726170277524
401777622,10,Bethany (WV),Waynesburg,iii,iii,-20,-15.623161142688744,-15.610844544773578
401766722,10,Bowdoin,Bates,iii,iii,8,-7.698090711225708,-8.82182808496316
401789790,10,Widener,Eastern University,iii,iii,-35,-14.614862892563309,-14.559165573412253
401777597,10,Greensboro College,Lagrange College,iii,iii,-29,-22.8559658201943,-22.92468801476391
401776990,10,Stevenson,Lebanon Valley,iii,iii,2,-2.067458700520608,-1.4358112982981588
401774363,10,Carroll University (WI),North Central College,iii,iii,-57,-32.262410792147016,-32.24402135038971
401774373,10,North Park,Carthage,iii,iii,4,-3.400849450656205,-3.2077034413501924
401783342,10,Reading,Delaware Valley,iii,iii,-33,-23.177765580603506,-23.87990929188458
401783336,10,Kings College (PA),Albright,iii,iii,10,3.5184517002965636,4.310744335478884
401777772,10,Western New England,New England College,iii,,55,37.022038993836055,37.084063129458706
401777284,10,Grove City College,Saint Vincent,iii,iii,45,23.984406350915684,24.003481956226317
401783904,10,Salisbury,William Paterson,iii,iii,44,27.93738000553963,27.961246738516806
401774042,10,Utica,St John Fisher University,iii,iii,24,11.013435814849036,11.181410899058003
401773787,10,Minnesota State Mankato,Southwest Minnesota State,ii,ii,41,35.300361705270134,35.950433509792674
401773688,10,West Virginia State,Glenville State,ii,ii,24,-5.937816231122691,-5.830647355443325
401773682,10,PennWest California,Frostburg State,ii,ii,5,4.322061715056918,4.488004189244694
401773467,10,Wayne State (MI),Grand Valley State University,ii,ii,-46,-23.113170395562104,-23.794399344098846
401773674,10,West Liberty,Fairmont State,ii,ii,-1,-8.752806314128444,-9.460762109670238
401773273,10,Alfred State,Cortland,iii,iii,-42,-23.191970585105242,-22.96911136554032
401773978,10,Albany State GA,Savannah St,ii,ii,3,19.605816608383144,19.53099959003284
401773213,10,Ashland,Walsh,ii,ii,7,13.70873189927143,14.260599995718124
401773084,10,Fayetteville State,Johnson C Smith,ii,ii,-3,-3.6726700153726544,-3.972086845934597
401774404,10,Bluffton,Hanover College,iii,iii,-48,-16.431788900202083,-16.415271884202458
401773283,10,Worcester St,Anna Maria College,iii,iii,-10,-13.834686634566825,-13.518715096563671
401774413,10,Anderson (IN),Franklin,iii,iii,-34,-14.742404723515111,-14.286553011136874
401774432,10,Ohio Northern,Mount St. Joseph,iii,iii,7,5.808251273487313,5.5590164835313995
401777180,10,Muskingum University,Baldwin Wallace,iii,iii,-7,-18.830316955765806,-18.919098193913378
401774425,10,Manchester,Rose-Hulman,iii,iii,-22,-14.18889410279553,-15.09828272509656
401777188,10,University of Mount Union,Capital,iii,iii,48,35.75451453714898,36.124911532393924
401767582,10,Wofford,Samford,fcs,fcs,10,16.284873126892897,16.78946651845869
401777195,10,Heidelberg,Otterbein,iii,iii,56,16.69601876655899,16.66874598075337
401773120,10,ERSKINE,Chowan,ii,ii,-4,-4.8191413385874196,-4.8964528619146925
401773964,10,Greeneville,Mars Hill,ii,ii,-21,-12.810154142609031,-12.64702424513545
401767109,10,Northern Colorado,Montana State,fcs,fcs,-48,-18.10726708210622,-18.129042715246868
401777204,10,Wilmington (OH),Marietta,iii,iii,-30,-0.8159135783780851,-0.7702169362465998
401773183,10,Loras College,Simpson College (IA),iii,iii,-1,-11.491432678765094,-11.348366217990973
401773170,10,Dubuque,Coe College,iii,iii,-12,-13.50022004282243,-14.27221306617193
401773162,10,Central College,Buena Vista,iii,iii,25,26.916347339512054,26.74288011953928
401774172,10,Wisconsin-Lacrosse,Wisconsin-Stout,iii,iii,17,10.61320804103486,10.602279510955277
401777048,10,St. Norbert,Benedictine University,iii,iii,7,-4.698005967958888,-4.627724694189988
401776733,10,Carleton,Augsburg,iii,iii,31,12.653539897381961,12.655288315070871
401773098,10,Livingstone,Shaw,ii,ii,30,2.0263928859818616,1.9555708213462317
401773192,10,Nebraska Wesleyan,Wartburg,iii,iii,-24,-33.51815266495465,-33.51348370735945
401773064,10,Virginia St,Lincoln (PA),ii,ii,21,23.625823301930645,23.607930796811548
401773055,10,Bowie State,Elizabeth City State,ii,ii,-1,-0.467051423564083,-1.07824017250371
401766721,10,Chicago,Monmouth (IL),iii,iii,-29,-8.295693612650783,-8.278617877213327
401776772,10,Concordia Moorhead,Bethel (MN),iii,iii,-46,-16.46689359695635,-16.458247480295096
401766720,10,Illinois College,Grinnell,iii,iii,7,21.42323676502815,21.41393045087233
401777025,10,Lakeland,Concordia University Chicago,iii,iii,31,6.379584032048719,6.342224134927996
401774200,10,Wisconsin-River Falls,Wisconsin-Whitewater,iii,iii,38,-3.7103334381997364,-3.6241207129010657
401777032,10,Concordia-Wisconsin,Rockford,iii,iii,35,28.206737030347632,28.269283020613106
401774355,10,Augustana (IL),Illinois Wesleyan,iii,iii,21,-4.129828507312066,-4.109026258740659
401776741,10,St. Scholastica,Hamline University,iii,iii,31,4.70245226468235,4.793456854156794
401774465,10,Millsaps,Southwestern University,iii,iii,3,7.367509952674324,6.850263803983323
401777016,10,Wisconsin-Lutheran,Aurora,iii,iii,-7,-11.056957397355873,-10.338438832539952
401766718,10,Ripon,Beloit,iii,iii,49,8.717161806271264,8.718103470968366
401773791,10,Sioux Falls,Winona State,ii,ii,25,8.563776107952556,8.426527100110498
401773838,10,Indiana-Pennsylvania,Gannon,ii,ii,20,24.834216329347456,25.46973723230592
401773897,10,Colorado School Of Mines,New Mexico Highlands,ii,ii,27,8.16152706324131,8.246996591741425
401777296,10,Austin,LYONCOLL,iii,iii,-12,0.48857434488265383,0.5059043073551273
401767506,10,South Dakota,North Dakota,fcs,fcs,5,-13.119435524923215,-13.125594303802838
401766717,10,Knox College,Cornell College (IA),iii,iii,-21,-8.639878335531623,-8.40996005783698
401767570,10,Furman,Mercer,fcs,fcs,-24,-13.72846162747755,-14.609039285758328
401774165,10,Wisconsin-Stevens Pt,Wisconsin-Eau Claire,iii,iii,3,-2.5264911624135866,-2.502771036051767
401774079,10,Muhlenberg,Johns Hopkins University,iii,iii,-21,-12.68459206227913,-12.620733429138697
401774017,10,Edward Waters,Central State (OH),ii,ii,-4,13.301078774047586,12.977582656162468
401778032,10,Westminster College (MO),Greenville,iii,iii,17,-10.730489957506894,-10.8390099003385
401767716,10,Richmond,Fordham,fcs,fcs,3,11.650684664275675,11.476080253640694
401776756,10,Gustavus Adolphus,Saint John's (MN),iii,iii,-18,-19.487851943550105,-19.477402952785287
401766719,10,Lake Forest College,Lawrence University,iii,iii,72,29.4805133504888,29.83008376499089
401767631,10,St. Thomas (MN),Marist,fcs,fcs,45,11.48966418274107,11.53220736446444
401773430,10,Missouri S&T,William Jewell,ii,ii,7,3.7741522314479337,3.7469282731552314
401767401,10,South Carolina State,Morgan State,fcs,fcs,6,10.016706059314721,11.408721866167355
401773891,10,South Dakota Mines,Chadron St,ii,ii,-25,-12.204984654394671,-12.196995309877696
401767585,10,The Citadel,VMI,fcs,fcs,11,14.280471821566696,14.391779314192672
401773610,10,Emporia State University,Northwest Missouri St,ii,ii,-27,-15.49491941970948,-15.533906922682139
401773577,10,Western New Mexico,UT Permian Basin,ii,ii,-59,-29.604565834834066,-30.84065837967368
401773413,10,Lincoln (MO),Truman State,ii,ii,-33,-24.538814391355913,-24.483085407709954
401773380,10,Ouachita Baptist,Northwestern Oklahoma State,ii,ii,41,28.852759199705773,29.564828165223105
401773255,10,Howard Payne,Hardin-Simmons,iii,iii,-30,-24.8925790356897,-24.894655147790225
401777990,10,Jamestown College,Minnesota Duluth,ii,ii,-16,-34.41701970109997,-36.882731170361176
401777730,10,Mary Hardin-Baylor,East Texas Baptist University,iii,iii,48,9.120243569821024,9.10988157405443
401777606,10,Martin Luther,Northwestern (MN),iii,iii,-7,0.3661464778518351,0.28290470942951274
401773403,10,Quincy,Indianapolis,ii,ii,-46,-21.95017248428916,-22.11896248799386
401774179,10,Wisconsin-Platteville,Wisconsin-Oshkosh,iii,iii,7,13.649746885274896,13.649880229593547
401773765,10,Augustana University (SD),Northern State,ii,ii,13,0.9743173205012514,-0.02391169649316538
401773620,10,Fort Hays State,Central Missouri,ii,ii,-4,0.37547700752713453,0.3701787515798829
401762498,10,Temple,East Carolina,fbs,fbs,-31,-5.2772537091475655,-5.27834710040657
401774382,10,Millikin,Washington University (St. Louis),iii,iii,-31,-17.979878383824968,-18.072787549725735
401773992,10,Benedict College,Virginia University Of Lynchburg,ii,,32,30.142543729105004,30.255084262389765
401767168,10,Southeast Missouri State,Charleston Southern,fcs,fcs,-6,3.173783090389553,3.0241096866434036
401767375,10,Texas Southern,Alcorn State,fcs,fcs,-19,5.052756288442725,5.046036840593037
401767364,10,Prairie View A&M,Alabama State,fcs,fcs,-3,-9.653231409682121,-9.510203599915407
401773885,10,Black Hills State,Colorado Mesa,ii,ii,-7,-7.781242456546391,-7.746956033176046
401767391,10,Bethune-Cookman,Mississippi Valley State,fcs,fcs,8,15.462872510621574,14.355301366130629
401767451,10,South Dakota State,Indiana State,fcs,fcs,-12,18.89383523175039,18.40470777694196
401767479,10,Incarnate Word,Lamar,fcs,fcs,7,-11.970391429663831,-12.044017870846197
401773756,10,University of Mary,Minot State,ii,ii,15,1.2507021037772814,2.133775866241299
401773914,10,Western Colorado,CSU Pueblo,ii,ii,-3,3.7313904510363685,3.957766488221015
401773111,10,UNC Pembroke,Wilson,ii,ii,17,27.375944632179518,27.464127841211145
401754580,10,Virginia Tech,Louisville,fbs,fbs,-12,-14.859759552869765,-15.697788368678168
401773374,10,Southeastern Oklahoma State,Henderson State,ii,ii,-1,-8.959360380700588,-8.94729141518334
401767385,10,Arkansas-Pine Bluff,Southern,fcs,fcs,19,3.535941352883759,3.526817941854924
401773625,10,Pittsburg St,Missouri Southern State,ii,ii,20,18.77798019700495,18.880828507116394
401773631,10,Missouri Western,Washburn,ii,ii,3,-2.941819161291789,-2.9802043585160303
401777309,10,Minnesota Morris,Crown College,iii,iii,-19,-4.336582491009402,-4.315558226519649
401760404,10,UNLV,New Mexico,fbs,fbs,-5,0.660336309769761,0.6315163482330952
401773349,10,Arkansas-Monticello,Southwestern Oklahoma State,ii,ii,-42,-15.45280916803627,-15.440740202518988
401773998,10,Kentucky State,Clark Atlanta,ii,ii,15,13.373162145517153,13.373082417879125
401767315,10,Grambling,Alabama A&M,fcs,fcs,3,7.498649565040137,7.607463370849857
401774023,10,Tuskegee,Lane College,ii,ii,5,14.794145039801881,14.763526132472416
401767198,10,Eastern Illinois,UT Martin,fcs,fcs,-7,-0.11478176547126129,0.1608399155399347
401767702,10,Harvard,Dartmouth,fcs,fcs,21,10.899052176522511,10.776899803174242
401773877,10,Fort Lewis,Adams State,ii,ii,20,10.781697193547435,10.799017611317183
401767442,10,Illinois State,Northern Iowa,fcs,fcs,15,9.683892506205792,11.050770246759326
401773954,10,Wingate,Lenoir-Rhyne,ii,ii,1,9.184469890654384,9.141571637364562
401773339,10,Arkansas Tech,Southern Nazarene,ii,ii,25,15.460917517418732,15.460917517418757
401767102,10,Weber State,Montana,fcs,fcs,-21,-24.100086817911198,-24.217504455915673
401773358,10,East Central (OK),Southern Arkansas,ii,ii,22,-8.198175688987812,-7.486106723470592
401767513,10,North Dakota State,Youngstown State,fcs,fcs,8,22.849313605766262,23.018615389201
401757293,10,Liberty,Delaware,fbs,fbs,29,-2.2513550016157833,-2.069818865060256
401752887,10,Maryland,Indiana,fbs,fbs,-45,-16.735561929281793,-16.80507020635865
401767335,10,William & Mary,UAlbany,fcs,fcs,30,11.838227576291274,11.910338377284699
401756941,10,Kansas State,Texas Tech,fbs,fbs,-23,-8.624183371693082,-8.513235775016547
401752755,10,Florida,Georgia,fbs,fbs,-4,-12.238412737171316,-13.128570221669968
401760402,10,Boise State,Fresno State,fbs,fbs,-23,16.14147895653487,16.17779189287058
401754582,10,Stanford,Pittsburgh,fbs,fbs,-15,-16.84697040532183,-16.855700621050467
401754583,10,Boston College,Notre Dame,fbs,fbs,-15,-31.34321120641785,-31.536341375289098
401761642,10,South Alabama,Louisiana,fbs,fbs,-9,-0.3362551188052354,-0.39378228994144315
401752888,10,Minnesota,Michigan State,fbs,fbs,3,3.613023968267683,3.8631403345012885
401761641,10,UL Monroe,Old Dominion,fbs,fbs,-25,-15.546802160394627,-16.039755349735444
401777264,10,Dickinson (PA),Carnegie Mellon,iii,iii,-41,-7.252206364545177,-7.7797884185520285
401757294,10,Western Kentucky,New Mexico State,fbs,fbs,19,5.930200736600879,5.6257267876557275
401767355,10,Howard,North Carolina Central,fcs,fcs,-21,-10.581595284274954,-10.59222878675365
401754576,10,California,Virginia,fbs,fbs,-10,-12.238456216162884,-12.296227655997171
401767473,10,Nicholls,Houston Christian,fcs,fcs,24,2.9777302706003272,2.9137497277354303
401762850,10,Western Michigan,Central Michigan,fbs,fbs,3,2.8312017383670973,2.830344106964805
401756940,10,Kansas,Oklahoma State,fbs,fbs,17,16.67937035499925,16.641209766388908
401777144,10,Willamette,NEWBERG,iii,iii,-22,-11.662825883596481,-11.666442674371224
401773924,10,Anderson (Sc),Newberry,ii,ii,-3,-4.728662630047946,-4.700108872077838
401773367,10,Harding University,Oklahoma Baptist,ii,ii,69,34.80142520085345,34.80142520085342
401752753,10,Arkansas,Mississippi State,fbs,fbs,-3,-0.17843585847954913,-0.15543604769690944
401773518,10,Delta State,West Florida,ii,ii,-13,-3.366868794953408,-3.972963915739662
401774258,10,La Verne,Redlands,iii,iii,-15,-12.2260425154176,-12.226162404925992
401774265,10,Claremont-Mudd-Scripps College,California Lutheran University,iii,iii,-3,-3.6525269370212534,-3.618860565038174
401777150,10,Linfield College,Lewis & Clark College,iii,iii,8,5.114323284017006,5.116069699067672
401777157,10,Puget Sound,Pacific (OR),iii,iii,-17,-11.064914900077738,-11.066285195040706
401777164,10,Whitworth,Pacific Lutheran,iii,iii,4,6.866647452247005,6.864091835267245
401777224,10,Averett,Washington and Lee,iii,iii,-40,-27.315619017206487,-27.418835526196574
401767244,10,Abilene Christian,Tarleton State,fcs,fcs,3,-16.52482721766045,-16.499151544148518
401767288,10,Utah Tech,North Alabama,fcs,fcs,1,0.599845611025323,0.4482330067791138
401767534,10,Chattanooga,Western Carolina,fcs,fcs,-7,-3.659854650180412,-3.6835790180637433
401767086,10,UC Davis,Idaho State,fcs,fcs,-2,14.130208486987566,14.105285860972254
401767066,10,Eastern Washington,Sacramento State,fcs,fcs,-22,-8.458395175969855,-8.513119287225573
401767618,10,San Diego,Dayton,fcs,fcs,18,-3.9997983749655637,-4.033242609863208
401773561,10,Western Oregon,Midwestern State,ii,ii,28,11.86138767458044,13.377157603572366
401767213,10,Tennessee State,Lindenwood,fcs,fcs,-22,-1.595337311592255,-1.5975806279422695
401767282,10,Central Arkansas,Eastern Kentucky,fcs,fcs,-21,3.6468817756692986,3.560621120775616
401767499,10,Murray State,Southern Illinois,fcs,fcs,-20,-24.869963440216996,-25.523493160403312
401774224,10,Methodist,North Carolina Wesleyan,iii,iii,-31,-12.128464206597371,-12.124136439702262
401767076,10,Cal Poly,Portland State,fcs,fcs,-5,15.82344097269169,15.83018878947541
401773570,10,West Texas A&M,Texas A&M-Kingsville,ii,ii,5,4.3109634503697585,4.359795768712343
401774004,10,Fort Valley State,Miles College,ii,ii,10,6.216465259027691,6.272284280773249
401779072,10,Roanoke College,Guilford College,,iii,1,11.738632058036089,11.757453341295427
401777271,10,Washington & Jefferson,Case Western Reserve,iii,iii,11,5.732373675436259,5.749397710946148
401773078,10,Bluefield State,Virginia Union,ii,ii,-56,-28.05059884714592,-27.999263543262295
401752890,10,Michigan,Purdue,fbs,fbs,5,14.353744358582214,14.494397735658865
401767494,10,McNeese,Northwestern State,fcs,fcs,47,6.924176460844199,6.9328914494290945
401760405,10,San Diego State,Wyoming,fbs,fbs,17,9.068274087283466,9.998578720161017
401767464,10,SE Louisiana,East Texas A&M,fcs,fcs,45,11.502191031663896,11.442511886603693
401774278,10,McMurry,Texas Lutheran,iii,iii,-29,1.2454556844235043,1.2516969869107335
401774455,10,Hendrix College,CENTENARY,iii,iii,54,19.039430255212885,19.049054596350675
401767423,10,Florida A&M,Jackson State,fcs,fcs,-25,-15.680490943529318,-15.63628099564395
401756937,10,Colorado,Arizona,fbs,fbs,-35,-2.1723925743332586,-2.204883050088366
401752756,10,Ole Miss,South Carolina,fbs,fbs,16,9.364392993109565,9.344314487808724
401767525,10,Stephen F. Austin,UT Rio Grande Valley,fcs,fcs,24,-1.434606181200813,-1.3242191284923948
401773533,10,Northeastern State,Lincoln (CA),ii,ii,68,25.085796792750052,25.36878169946651
401754579,10,NC State,Georgia Tech,fbs,fbs,12,-11.824813485886772,-11.809683289584985
401752892,10,Nebraska,USC,fbs,fbs,-4,-7.608011975862112,-7.67866251306679
401754578,10,Florida State,Wake Forest,fbs,fbs,35,-0.286504506467697,-0.4562486115365161
401752754,10,Auburn,Kentucky,fbs,fbs,-7,9.221866205973225,10.003169720508687
401752757,10,Tennessee,Oklahoma,fbs,fbs,-6,-0.7805107164167175,-0.7152293047665523
401752943,10,Oregon State,Washington State,fbs,fbs,3,-12.964663394507136,-13.120000191568668
401761643,10,Troy,Arkansas State,fbs,fbs,-13,5.650587640408201,5.617974616401021
401773552,10,Eastern New Mexico,Sul Ross State,ii,ii,6,14.263305467774552,14.232546858845936
401776748,10,Macalester,St. Olaf,iii,iii,21,-5.630791047479786,-5.625465991671602
401767253,10,Southern Utah,Austin Peay,fcs,fcs,16,-3.3410121841683385,-3.461209692598887
401773542,10,Central Washington,Angelo State,ii,ii,17,6.42184674710194,6.452567255074301
401774270,10,Chapman,Pomona Pitzer,iii,iii,8,12.206397274260723,12.205296252882167
401756942,10,Utah,Cincinnati,fbs,fbs,31,7.015714970637909,6.995538823746312
401760403,10,San José State,Hawai'i,fbs,fbs,7,-5.060646273780398,-5.013997167782481
401762852,11,Ohio,Miami (OH),fbs,fbs,4,3.235170235048944,3.2609226721615627
401762851,11,Akron,Massachusetts,fbs,fbs,34,11.517969035063787,11.503853248435298
401762853,11,Ball State,Kent State,fbs,fbs,4,-0.8199650521544051,-0.811955271049813
401762854,11,Toledo,Northern Illinois,fbs,fbs,39,12.729602337556178,12.951989073647324
401762500,11,South Florida,UTSA,fbs,fbs,32,11.226234882920409,11.470360949289148
401761644,11,App State,Georgia Southern,fbs,fbs,-2,0.8664521637072031,0.8408444870303029
401767706,11,Columbia,Harvard,fcs,fcs,-17,-28.58383241055042,-28.366123365082153
401767347,11,Morgan State,Delaware State,fcs,fcs,-2,-6.247162076932282,-6.649234619636573
401756946,11,UCF,Houston,fbs,fbs,-3,-6.069016687510942,-6.015368351126341
401762501,11,Memphis,Tulane,fbs,fbs,-6,6.8312350235812325,7.184620736186488
401752896,11,USC,Northwestern,fbs,fbs,21,11.523971467865483,12.23822810697499
401786375,11,Buffalo State,St. Lawrence,iii,iii,-5,-5.4680111798026125,-5.484918997001003
401767535,11,Chattanooga,Furman,fcs,fcs,17,0.5190160004453146,0.45960854496405723
401754584,11,Boston College,SMU,fbs,fbs,-32,-18.448921643867514,-18.39630256428489
401756945,11,Texas Tech,BYU,fbs,fbs,22,3.8357488134755897,3.8155135264549713
401756947,11,West Virginia,Colorado,fbs,fbs,7,-4.485820602816888,-4.503411909349333
401761646,11,Marshall,James Madison,fbs,fbs,-12,-11.633531685640584,-11.164320034298264
401761647,11,Arkansas State,Southern Miss,fbs,fbs,-6,-6.98920682550367,-6.954919850586386
401786379,11,UMass Dartmouth,Westfield State,iii,iii,20,10.269298895770707,10.275799914073673
401783365,11,Merchant Marine Academy,Worcester Polytechnic Institute,iii,iii,20,13.19646326714332,13.11528810116929
401767676,11,Brown,Yale,fcs,fcs,-12,-12.472369648713853,-12.613530911015634
401773832,11,Edinboro University,Slippery Rock,ii,ii,30,-10.64997129382635,-10.650004548135474
401777773,11,New England College,Endicott College,,iii,-63,-50.44732943406221,-50.58291295702533
401773825,11,Clarion,Indiana-Pennsylvania,ii,ii,-3,-13.790051912349654,-13.846424341007832
401774154,11,Norwich,Salve Regina,iii,iii,-28,-23.873208998024566,-23.879658760683768
401767731,11,Lehigh,Holy Cross,fcs,fcs,35,20.264042304939657,21.10428368566901
401773249,11,Walsh,Hillsdale,ii,ii,-3,0.07429757007746751,-0.021691997585852496
401766736,11,Amherst,Williams,iii,iii,1,-2.191893213370534,-3.1918932133704807
401773513,11,Northwood (MI),Tiffin,ii,ii,3,1.7729826010480458,2.2842398685212952
401766735,11,Bates,Hamilton,iii,iii,-3,2.520151533297737,2.52015153329776
401774110,11,Rensselaer,Ithaca College,iii,iii,-1,3.9307323549910063,3.778163921332144
401773508,11,Thomas More College,Ohio Dominican,ii,ii,-2,-12.985446403497816,-13.335490426992509
401773502,11,Lake Erie,Kentucky Wesleyan,ii,ii,18,5.307881822891684,5.180097799975748
401752893,11,Penn State,Indiana,fbs,fbs,-3,-16.150290277921506,-16.314097650757233
401767769,11,St. Francis (PA),Mercyhurst,fcs,fcs,-1,-13.854517516203362,-13.753650568405721
401774225,11,North Carolina Wesleyan,Greensboro College,iii,iii,-9,13.132817086389718,13.133435086827685
401767262,11,Monmouth,New Hampshire,fcs,fcs,-21,8.953608288472418,8.920927154562325
401767755,11,Long Island University,Duquesne,fcs,fcs,18,-6.150020370161671,-6.2237156532289815
401767747,11,Central Connecticut,Stonehill,fcs,fcs,30,8.946733845447074,9.968384781888192
401783909,11,Springfield,Coast Guard,iii,iii,20,5.778258363822086,5.784047507677169
401776975,11,Maine Maritime,Western New England,iii,iii,-63,-33.967211511127914,-34.05674180295153
401776785,11,Olivet College,Albion,iii,iii,-16,-12.008861523994977,-12.036059049952083
401762503,11,Army,Temple,fbs,fbs,1,3.4106957371671687,3.3269730302824776
401774089,11,Juniata College,Moravian,iii,iii,-25,-4.7363860023968485,-4.7580361518447205
401774080,11,Johns Hopkins University,McDaniel College,iii,iii,42,38.45536799482464,38.4313116859224
401774070,11,Carnegie Mellon,Franklin & Marshall,iii,iii,-7,5.2799340450469,5.734535988251798
401786485,11,Mass Maritime,Worcester St,iii,iii,-7,8.012438274196903,7.7048296776358
401783337,11,Albright,Stevenson,iii,iii,-10,-7.145196647892149,-8.483756415905287
401777133,11,Oberlin,Wabash College,iii,iii,-29,-43.12331910094779,-43.13737007054008
401776982,11,Curry College,Biddeford,iii,iii,17,-1.4755951281069013,-2.0152306096145445
401774145,11,Western Connecticut St,Catholic,iii,iii,33,7.0563056471260825,7.03662914669763
401774097,11,Susquehanna,Wilkes,iii,iii,23,16.16367064351268,16.246251435733534
401774049,11,Cortland,Brockport,iii,iii,30,8.577766778365287,8.670442415237497
401766734,11,Wesleyan University (CT),Trinity (CT),iii,iii,3,-3.2320203985325673,-3.2320203985325477
401774307,11,Nichols College,Husson,iii,iii,-44,-8.912010131805502,-9.33047052377848
401804602,11,SUNY Maritime,MIT,iii,iii,-3,4.413781425471807,4.454621069837472
401767766,11,Robert Morris,Wagner,fcs,fcs,-4,0.1966965953093922,0.04818061636502868
401752762,11,Mississippi State,Georgia,fbs,fbs,-20,-10.249061686159926,-11.009693310519815
401773714,11,Bentley,Assumption,ii,ii,3,-9.557141147093649,-9.61655393645043
401773311,11,Hilbert College,Hobart College,iii,iii,-57,-27.504723900356343,-28.21225330870142
401773294,11,Framingham State,Dean College,iii,iii,25,25.794080610234158,26.079610411719724
401773817,11,Gannon,PennWest California,ii,ii,-20,-17.07606731638809,-17.580405910819387
401767316,11,Stony Brook,North Carolina A&T,fcs,fcs,26,12.637172340998148,12.602648283951437
401774119,11,University of Rochester (NY),Union (NY),iii,iii,-4,-5.5603070987482415,-6.294713746010753
401767662,11,Sacred Heart,Virginia University Of Lynchburg,fcs,,46,33.820854588394994,34.06425784445826
401773460,11,Davenport,Northern Michigan,ii,ii,-2,14.040232448386313,14.416025777327327
401774138,11,Rowan,Castleton,iii,iii,55,31.358632848738306,31.410277146055293
401777009,11,Plymouth State,Fitchburg State,iii,iii,27,8.430737006702826,8.430086904872555
401769849,11,Lafayette,Colgate,fcs,fcs,17,1.471817122468984,2.338042096569187
401766733,11,Middlebury,Tufts,iii,iii,3,4.798742535500985,4.798742535500946
401783352,11,Eastern University,FDU-Florham,iii,iii,21,24.557834195455676,24.5416727200023
401773214,11,Ashland,Findlay,ii,ii,-11,0.9111486738270145,1.3181060976119383
401767443,11,Indiana State,Illinois State,fcs,fcs,-32,-5.616390675029386,-5.363945102033769
401773968,11,Mars Hill,UVA Wise,ii,ii,41,11.087458372637123,11.545449499155449
401776742,11,Saint John's (MN),St. Scholastica,iii,iii,49,31.06728826032503,30.9997070601492
401767599,11,Morehead State,Butler,fcs,fcs,1,-10.152944617282046,-10.009010852746833
401774390,11,Washington University (St. Louis),North Park,iii,iii,28,13.248731627649624,13.2650845390332
401773942,11,Newberry,Carson-Newman College,ii,ii,7,-7.648260281213483,-8.383500482535492
401774388,11,Elmhurst,North Central College,iii,iii,-58,-50.312154782596025,-50.29820906109536
401774356,11,Carthage,Augustana (IL),iii,iii,-20,-9.168143441727603,-9.350638291706618
401773085,11,Fayetteville State,Winston-Salem,ii,ii,10,8.034179059384655,8.351061054399782
401773740,11,Minnesota Duluth,Bemidji State,ii,ii,14,19.805043184883026,20.19132618495115
401767632,11,Marist,Stetson,fcs,fcs,28,5.581512717013635,5.431678487428706
401774318,11,William Paterson,Kean,iii,iii,-10,4.274060482442106,4.275465532465818
401767624,11,Drake,St. Thomas (MN),fcs,fcs,-7,0.4328739409688289,-0.15057854421630879
401773689,11,Glenville State,Wheeling,ii,ii,-3,3.75777222541557,3.7314929826733856
401773421,11,Northeastern State,McKendree,ii,ii,34,10.723823109947375,10.901692489087575
401766727,11,Knox College,Lake Forest College,iii,iii,-63,-27.455471907232493,-27.748304909504125
401767724,11,Georgetown,Richmond,fcs,fcs,-7,-3.9730434521372158,-3.9324439760894414
401767186,11,Hampton,Maine,fcs,fcs,-28,-14.05657274240995,-14.766533143383546
401777272,11,Case Western Reserve,Grove City College,iii,iii,-14,-3.610373297781708,-3.6373033819618215
401774043,11,SUNY Morrisville,St John Fisher University,iii,iii,-14,-14.069413781897314,-13.988262711244316
401767646,11,Valparaiso,San Diego,fcs,fcs,-16,-18.774681011242933,-19.265862506203526
401774233,11,Methodist,Brevard College,iii,iii,-27,-16.44491389930548,-16.43957383738006
401774243,11,Berry College,Maryville College (TN),iii,iii,29,7.815727222934866,8.39126411495112
401777280,11,Geneva,Washington & Jefferson,iii,iii,-42,-15.67682434005747,-15.684692965110692
401767694,11,Pennsylvania,Cornell,fcs,fcs,-22,7.956601706599315,8.074759363889118
401773056,11,Lincoln (PA),Bowie State,ii,ii,-11,-14.391332629438423,-13.885984562492427
401773723,11,Franklin Pierce,Southern Connecticut State,ii,ii,31,11.654591003131733,11.599566131739968
401767669,11,Fordham,Bucknell,fcs,fcs,-18,-3.398310497409717,-2.3404252431426658
401773414,11,Lincoln (MO),Missouri S&T,ii,ii,-59,-9.789361014824006,-9.802136692862701
401767199,11,Eastern Illinois,Tennessee Tech,fcs,fcs,-12,-22.071488968201812,-22.189884541971665
401773121,11,Chowan,Ferrum,ii,ii,-3,6.231218347788259,6.376334166537358
401777541,11,Elizabeth City State,Bluefield State,ii,ii,40,8.796206687404542,8.799998849633113
401776991,11,Lebanon Valley,Reading,iii,iii,31,23.936971770895376,24.610527632131593
401783901,11,Thiel,Bethany (WV),iii,iii,-5,10.24672144876849,10.245847681358537
401777287,11,Waynesburg,Saint Vincent,iii,iii,11,3.943904106623819,4.011389748881424
401767137,11,UAlbany,Bryant,fcs,fcs,-3,-3.829223317437715,-3.0667802481457667
401777083,11,Depauw,Wooster,iii,iii,59,20.806571167457392,20.796495287261056
401777986,11,Post University,St. Anselm,ii,ii,6,-6.128395382819059,-6.141300312071854
401783355,11,Widener,Kings College (PA),iii,iii,16,-10.39089536683379,-10.328598764284518
401777310,11,Minnesota Morris,Westminster College (MO),iii,iii,7,0.4393561233151573,0.5256396775200365
401777993,11,Dickinson (PA),Ursinus,iii,iii,25,-4.433696169433448,-4.333630015443903
401777093,11,Westminster (PA),Hiram College,iii,iii,76,24.82578549842063,24.829553751667785
401777999,11,Gettysburg,Muhlenberg,iii,iii,-32,-27.114368588600676,-27.535117800044024
401777253,11,Washington and Lee,Roanoke College,iii,,21,9.745983229661244,9.727057716149666
401777234,11,Hampden-Sydney,Bridgewater (VA),iii,iii,-3,17.49155511281566,17.322446354601013
401777100,11,John Carroll University,Ohio Wesleyan,iii,iii,38,22.986893337111432,22.995752735146937
401777076,11,Kenyon,Denison University,iii,iii,-15,-17.790474829532275,-17.805131178839055
401777044,11,Rockford,Wisconsin-Lutheran,iii,iii,-45,-19.543507249176024,-20.13162347940115
401767703,11,Dartmouth,Princeton,fcs,fcs,3,6.870606428579798,7.20022205266298
401783820,11,Rhodes College,Southwestern University,iii,iii,-13,-10.406143296336117,-10.3583619999194
401773870,11,Shippensburg,West Chester,ii,ii,29,-13.359190938837441,-13.455294842671279
401776734,11,Augsburg,Gustavus Adolphus,iii,iii,-21,-8.426131873505126,-8.42694968940517
401773855,11,Lock Haven University,Shepherd,ii,ii,-16,-2.295806897818318,-2.2843143399819024
401773749,11,Minnesota State Moorhead,Jamestown College,ii,ii,24,23.07556851152023,24.344903762223737
401773274,11,Alfred State,Alfred University,iii,iii,7,-0.2603161965963867,-0.1312132801487138
401773178,11,Luther,Dubuque,iii,iii,-7,-23.96520331188897,-24.688278978398017
401767609,11,Davidson,Presbyterian,fcs,fcs,1,-24.612626780110098,-24.661661056824908
401774383,11,Wheaton,Millikin,iii,iii,47,30.443454557524674,30.727524929839973
401777000,11,Misericordia,Delaware Valley,iii,iii,-31,0.22064764623291033,0.8371984527952616
401776792,11,Alma,Kalamazoo,iii,iii,50,23.838937529086337,23.849234686930775
401777598,11,Lagrange College,Belhaven,iii,iii,32,3.600994029328369,3.688481396368796
401773103,11,Emory & Henry College,Shaw,ii,ii,48,32.005405915829925,32.38136094950605
401774128,11,Adrian,Trine University,iii,iii,23,11.014736559727774,10.926629848028185
401777615,11,Greenville,Northwestern (MN),iii,iii,-3,-0.31455577862614703,-0.32127410193801964
401776760,11,Macalester,Concordia Moorhead,iii,iii,-3,-10.902338727617607,-10.897013092704256
401773655,11,University Of Charleston (WV),West Liberty,ii,ii,17,19.9167700604115,20.488896023503788
401773493,11,Saginaw Valley State,Ferris State,ii,ii,-6,-18.143150073739704,-16.669040176346467
401773665,11,Concord University,Fairmont State,ii,ii,-14,-5.214566554852819,-5.343520447421463
401752897,11,Purdue,Ohio State,fbs,fbs,-24,-27.383824999532543,-27.58230987767333
401773092,11,Johnson C Smith,Livingstone,ii,ii,5,19.135280149168523,19.462790383471763
401776749,11,St. Olaf,Hamline University,iii,iii,7,11.443814506407197,11.446302424596158
401774060,11,Utica,Hartwick,iii,iii,57,28.56512915634629,28.85932876121101
401777974,11,American International,Pace,ii,ii,12,5.069190613203613,5.070559956886676
401773071,11,Virginia Union,Virginia St,ii,ii,11,11.641549655573144,11.599128386456268
401752761,11,Ole Miss,The Citadel,fbs,fcs,49,26.769094155931104,26.714457775635392
401773683,11,Frostburg State,West Virginia State,ii,ii,5,6.890824278850735,6.780580931647296
401767330,11,Towson,Villanova,fcs,fcs,-18,-8.254341901197375,-8.377563260798068
401777555,11,University of Mary,Winona State,ii,ii,-7,0.6704897826653573,1.420081284019262
401762855,11,Eastern Michigan,Bowling Green,fbs,fbs,6,-5.546192649921075,-5.455296415117621
401757299,11,Liberty,Missouri State,fbs,fbs,-4,0.4159377851594179,0.5504046644575844
401774420,11,Hanover College,Otterbein,iii,iii,41,26.330003693722897,26.19390599907582
401774405,11,Franklin,Bluffton,iii,iii,2,6.236808996023008,5.953256101374405
401777181,11,Ohio Northern,Baldwin Wallace,iii,iii,2,-3.9708427493447473,-4.20418531535929
401777196,11,Heidelberg,Wilmington (OH),iii,iii,3,9.022812242155151,9.020724181462224
401774426,11,Mount St. Joseph,Manchester,iii,iii,28,31.73267042117262,32.572871331559064
401777205,11,Marietta,University of Mount Union,iii,iii,-11,-26.9936698911709,-27.22648708484366
401767396,11,South Carolina State,Howard,fcs,fcs,30,9.502961424070406,10.653925516481259
401777189,11,Capital,Muskingum University,iii,iii,-4,-5.208638953576196,-5.230416940853038
401767590,11,VMI,Wofford,fcs,fcs,-42,-14.081507256462755,-14.243911063335755
401767206,11,Gardner-Webb,Southeast Missouri State,fcs,fcs,3,5.395117398845515,5.348035485231664
401773602,11,Central Oklahoma,Missouri Southern State,ii,ii,27,9.23086230021942,9.355282444840043
401773264,11,East Texas Baptist University,Howard Payne,iii,iii,-7,3.0671008625020484,3.0571655189569533
401773487,11,Roosevelt,Wayne State (MI),ii,ii,34,-3.6599962817759284,-3.0605347782495933
401774364,11,Illinois Wesleyan,Carroll University (WI),iii,iii,-20,6.47922713588975,6.485641601047828
401774456,11,McMurry,Hendrix College,iii,iii,6,0.4863757796334198,0.533424047464738
401774279,11,LYONCOLL,Texas Lutheran,iii,iii,-44,-20.260239014490118,-20.270395824928748
401773436,11,Upper Iowa University,Quincy,ii,ii,33,12.033492752207959,12.057909428876115
401773562,11,Midwestern State,West Texas A&M,ii,ii,-14,-16.607522741540485,-17.373223669801526
401773256,11,Mary Hardin-Baylor,Hardin-Simmons,iii,iii,4,-10.53609950631249,-10.555717780540029
401774285,11,Sewanee,Centre College Kentucky,iii,iii,-28,-6.596663671996462,-6.536043067683263
401773773,11,Augustana University (SD),Minnesota State Mankato,ii,ii,-24,-4.029011041688355,-4.124302833498792
401774166,11,Wisconsin-Whitewater,Wisconsin-Eau Claire,iii,iii,41,21.67391711420759,21.685884588782883
401773965,11,Greeneville,Wingate,ii,ii,-46,-28.114401168553968,-28.20912965696809
401767229,11,UT Martin,Tennessee State,fcs,fcs,19,5.571401535130327,5.408300654510658
401773611,11,Washburn,Emporia State University,ii,ii,-28,-2.350928924797881,-2.3314206870868714
401767177,11,Elon,Rhode Island,fcs,fcs,-14,-6.221451692754125,-6.105298839417049
401767500,11,Northern Iowa,Murray State,fcs,fcs,17,10.031222860542997,9.026968092480457
401773468,11,Grand Valley State University,Michigan Tech,ii,ii,3,2.2430739101242168,2.307673837107183
401767507,11,North Dakota,North Dakota State,fcs,fcs,-5,-10.090634396994012,-9.409381410101368
401767409,11,North Carolina Central,Norfolk State,fcs,fcs,3,19.565369951388625,19.54501179955527
401767548,11,Youngstown State,Southern Illinois,fcs,fcs,10,-2.731433499865659,-3.1268034603808488
401767214,11,Western Illinois,Lindenwood,fcs,fcs,3,-5.478414680692766,-4.9151405292333425
401774180,11,Wisconsin-Oshkosh,Wisconsin-Stevens Pt,iii,iii,26,9.324257643417052,9.32108492225156
401777017,11,Aurora,St. Norbert,iii,iii,23,4.818683566196643,4.808664362825468
401776773,11,Bethel (MN),Carleton,iii,iii,42,13.805860773132675,13.796581780555417
401774173,11,Wisconsin-River Falls,Wisconsin-Lacrosse,iii,iii,34,4.644206732310327,4.7205512861386225
401773986,11,Allen,Edward Waters,ii,ii,23,-5.617868597938074,-5.343821947657693
401773808,11,Bloomsburg,Kutztown University,ii,ii,-8,-30.824318131936693,-30.74081487525769
401773404,11,Southwest Baptist,Indianapolis,ii,ii,-45,-25.335905999551755,-25.377286745248057
401773792,11,Sioux Falls,Wayne State (NE),ii,ii,-29,1.0119709551825657,0.7058536920294696
401773645,11,Central Missouri,Pittsburg St,ii,ii,-13,-11.685922180217776,-11.679888868242196
401773780,11,Southwest Minnesota State,Concordia University St Paul,ii,ii,-5,-1.1978216769901877,-1.1241273939529606
401773042,11,Simpson College (IA),Central College,iii,iii,-25,-7.545997812957619,-7.890740945953867
401773163,11,Buena Vista,Nebraska Wesleyan,iii,iii,13,-1.7541493857527826,-1.9965256202326955
401766731,11,Cornell College (IA),Illinois College,iii,iii,-24,-14.852897183953223,-15.080779486497228
401766728,11,Monmouth (IL),Ripon,iii,iii,55,25.595343083709288,25.602083665986605
401773359,11,Henderson State,East Central (OK),ii,ii,10,3.056217383354955,2.4153723129324254
401774216,11,Huntingdon College (AL),Southern Virginia,iii,iii,23,-2.516394141959063,-2.4557963638283926
401774466,11,Trinity University TX,Millsaps,iii,iii,18,12.527315918840218,13.047731116425705
401767146,11,Campbell,William & Mary,fcs,fcs,-3,-9.92946569920266,-10.098180039679917
401831243,11,West Alabama,Lincoln (CA),ii,ii,0,26.905896856551482,26.967012952065602
401762502,11,Rice,UAB,fbs,fbs,7,1.260519208278561,1.7912379739965587
401777607,11,Crown College,Martin Luther,iii,iii,13,3.18932634831949,3.2365938015593017
401777038,11,Eureka College,Lakeland,iii,iii,-28,-19.87312274148899,-19.86100768357974
401777026,11,Benedictine University,Concordia University Chicago,iii,iii,31,18.503330766312946,18.42548556531212
401774437,11,Rose-Hulman,Anderson (IN),iii,iii,38,10.943742085365198,10.839476226080137
401773979,11,Fort Valley State,Albany State GA,ii,ii,-45,-15.981229222352027,-15.962915818106449
401773898,11,Colorado School Of Mines,CSU Pueblo,ii,ii,-7,-9.31881532602628,-9.379725254566539
401767480,11,Northwestern State,Incarnate Word,fcs,fcs,-35,-15.51470690484466,-15.524670122553871
401773878,11,Adams State,Black Hills State,ii,ii,-59,-16.642295891929635,-17.394660273450388
401766730,11,Beloit,Chicago,iii,iii,-40,-26.054630548645346,-26.064603227401378
401773171,11,Coe College,Loras College,iii,iii,56,18.516750375116867,19.186947232725483
401766729,11,Grinnell,Lawrence University,iii,iii,57,10.570365737432756,10.60144500508152
401773632,11,Northwest Missouri St,Missouri Western,ii,ii,31,21.924982473573085,21.93479497293441
401752894,11,Rutgers,Maryland,fbs,fbs,15,-4.555312274170525,-5.089675820279965
401767578,11,Western Carolina,Mercer,fcs,fcs,-2,-10.718323965985823,-11.489948442083346
401767283,11,Eastern Kentucky,Southern Utah,fcs,fcs,-10,-8.157989249252658,-8.0987032626618
401767365,11,Alabama State,Texas Southern,fcs,fcs,18,14.353228909936194,14.168507593486572
401773389,11,Southwestern Oklahoma State,Ouachita Baptist,ii,ii,-4,-7.042209919606451,-6.99291414495854
401762504,11,East Carolina,Charlotte,fbs,fbs,26,24.3196901481644,24.326209329735562
401767069,11,Montana,Eastern Washington,fcs,fcs,5,22.597305999019422,22.733965932630063
401773392,11,Southern Arkansas,Southeastern Oklahoma State,ii,ii,2,7.538321944359437,7.587617719007321
401767424,11,Mississippi Valley State,Jackson State,fcs,fcs,-39,-25.20709955770306,-25.2879569290738
401773368,11,Southern Nazarene,Harding University,ii,ii,-38,-38.96897088112719,-38.96897088112719
401767110,11,Montana State,Weber State,fcs,fcs,52,23.10565907300695,23.141237862070703
401777225,11,Guilford College,Averett,iii,iii,-6,8.398626971862747,8.486818082857216
401773350,11,Northwestern Oklahoma State,Arkansas-Monticello,ii,ii,33,-4.327822503810882,-4.968667574233411
401767356,11,Alabama A&M,Prairie View A&M,fcs,fcs,-43,-5.0588423364471335,-5.122474579878023
401773340,11,Oklahoma Baptist,Arkansas Tech,ii,ii,-13,-12.666314717432865,-12.666314717432826
401774021,11,Lane College,Kentucky State,ii,ii,-55,-25.92294141766302,-25.91024527488164
401767392,11,Grambling,Bethune-Cookman,fcs,fcs,8,3.2503053687706966,4.270377736940646
401767386,11,Arkansas-Pine Bluff,Florida A&M,fcs,fcs,-3,-1.4792359368097614,-1.57447139172975
401767474,11,Houston Christian,Stephen F. Austin,fcs,fcs,-47,-21.88435296014029,-21.980191740532113
401757295,11,Delaware,Louisiana Tech,fbs,fbs,1,-10.635011804819872,-10.516425760216173
401767245,11,Abilene Christian,Utah Tech,fcs,fcs,21,11.634843413908154,11.751258122674017
401762505,11,Florida Atlantic,Tulsa,fbs,fbs,19,0.0805259791253583,-0.003915885821369258
401773757,11,Northern State,Minot State,ii,ii,-21,16.293609853746275,17.078332541068075
401773892,11,Chadron St,Western Colorado,ii,ii,3,-12.230842491118086,-12.438045667200539
401773905,11,New Mexico Highlands,Fort Lewis,ii,ii,17,4.267026462407554,3.4749227918436123
401774026,11,Miles College,Tuskegee,ii,ii,-1,-4.330701142682642,-4.32736238725265
401774187,11,Wisconsin-Platteville,Wisconsin-Stout,iii,iii,1,13.48723799575871,13.503301977654335
401773993,11,Savannah St,Benedict College,ii,ii,-3,-10.579996894592835,-10.48909650208756
401757297,11,UTEP,Jacksonville State,fbs,fbs,-3,-5.250397981533228,-4.9757321093217595
401757296,11,Middle Tennessee,Florida International,fbs,fbs,-26,-5.006828895034378,-4.903207660832392
401754587,11,Miami,Syracuse,fbs,fbs,28,20.45452787169453,20.309186480162804
401783279,11,New Haven,Merrimack,fcs,fcs,10,-9.799984224864394,-9.776396365698549
401754590,11,UConn,Duke,fbs,fbs,3,-6.349765822054422,-5.603093245450555
401767562,11,Samford,East Tennessee State,fcs,fcs,-24,-18.880652283298872,-19.243736601401935
401752898,11,Iowa,Oregon,fbs,fbs,-2,-6.949115855910357,-7.691883827723867
401756944,11,TCU,Iowa State,fbs,fbs,-3,1.3963120613514768,1.3311613105611677
401752763,11,Missouri,Texas A&M,fbs,fbs,-21,-7.508249945063945,-7.477155214374388
401756943,11,Arizona,Kansas,fbs,fbs,4,4.686239343965148,4.682053007866838
401757298,11,New Mexico State,Kennesaw State,fbs,fbs,-3,-13.321163249573509,-13.493341324931688
401752764,11,Vanderbilt,Auburn,fbs,fbs,7,7.002552207311293,6.976335713474921
401767376,11,Alcorn State,Southern,fcs,fcs,18,10.528721613532966,10.625765946358992
401777165,11,Lewis & Clark College,Pacific Lutheran,iii,iii,-10,3.4816547239455584,3.47873829622476
401774271,11,La Verne,Chapman,iii,iii,-16,-22.435823542077863,-22.434580065737208
401774259,11,Redlands,Claremont-Mudd-Scripps College,iii,iii,-14,2.537392291673024,2.5098305205144165
401777174,11,Willamette,Whitworth,iii,iii,-29,-25.396617097028297,-25.3969602203594
401773284,11,Bridgewater State,Anna Maria College,iii,iii,6,-4.480774776563241,-4.506609150813464
401761645,11,Coastal Carolina,Georgia State,fbs,fbs,13,10.212627783257581,10.314121776692563
401773913,11,Colorado Mesa,South Dakota Mines,ii,ii,26,11.01349225373234,10.916545661285614
401767254,11,Austin Peay,Central Arkansas,fcs,fcs,3,8.453209619892966,8.529843546940771
401767289,11,North Alabama,West Georgia,fcs,fcs,-7,-11.142087542065497,-11.131836512969308
401767542,11,South Dakota,South Dakota State,fcs,fcs,7,-7.387728653120853,-6.427575177279483
401773447,11,Truman State,William Jewell,ii,ii,18,20.78406953597711,20.665574981361786
401767487,11,Lamar,SE Louisiana,fcs,fcs,2,-4.405053671332995,-4.322100890699968
401777151,11,Puget Sound,Linfield College,iii,iii,-63,-28.330529865593434,-28.337752680861808
401773519,11,Valdosta State,Delta State,ii,ii,4,-7.862544702495091,-7.860393556608871
401752899,11,Wisconsin,Washington,fbs,fbs,3,-15.567900898545687,-15.796182193612275
401777145,11,NEWBERG,Pacific (OR),iii,iii,6,1.1164174810754197,1.1191648873748505
401754588,11,North Carolina,Stanford,fbs,fbs,5,1.1557751303869317,1.1696448807006483
401766732,11,Colby College,Bowdoin,iii,iii,10,12.188512218592033,13.18851221859201
401776798,11,Hope College,Calvin University,iii,iii,52,16.099313702217465,16.452121434988044
401773112,11,Wilson,ERSKINE,ii,ii,30,1.8576821887985844,1.861951702044955
401761648,11,Louisiana,Texas State,fbs,fbs,3,-3.778989700601727,-3.7898465308522287
401774325,11,Montclair State,College Of New Jersey,iii,iii,3,-8.164274556298563,-8.16833058597493
401767465,11,East Texas A&M,McNeese,fcs,fcs,-15,1.4102820526895892,1.4324402479456797
401767129,11,Portland State,Sacramento State,fcs,fcs,-28,-16.912485093726144,-16.835229786065007
401773140,11,Shorter,North Greenville,ii,ii,-2,-14.65215627272791,-15.224334569254765
401777247,11,Shenandoah,Gallaudet,iii,iii,38,23.218047338419943,23.288623630475286
401767077,11,Idaho State,Cal Poly,fcs,fcs,10,-3.3885704930292544,-3.437418600112066
401767518,11,UT Rio Grande Valley,Nicholls,fcs,fcs,7,10.689029869067955,10.740271425362772
401773925,11,Catawba,Anderson (Sc),ii,ii,24,4.051329873557703,4.088230755601912
401773999,11,Clark Atlanta,Morehouse College,ii,ii,3,1.6439546879305809,1.616017133364057
401774312,11,Christopher Newport,Salisbury,iii,iii,3,-3.2819870970213483,-3.3233683822582503
401760406,11,San José State,Air Force,fbs,fbs,-10,1.0998697990461626,1.200434646086748
401767117,11,Northern Arizona,Northern Colorado,fcs,fcs,39,3.586245244343269,3.5817477555399257
401773859,11,East Stroudsburg University,Millersville,ii,ii,24,22.985172000737748,22.95178488482644
401754586,11,Clemson,Florida State,fbs,fbs,14,-3.8633917270534504,-3.9087512620439924
401767095,11,Idaho,UC Davis,fcs,fcs,-14,-5.827911733370973,-5.828634717420812
401777297,11,CENTENARY,Austin,iii,iii,-10,-4.316264403552939,-4.364934745754258
401754585,11,Louisville,California,fbs,fbs,-3,15.557767776858682,15.499390293960218
401754589,11,Virginia,Wake Forest,fbs,fbs,-7,7.712236677846992,7.5108495404818285
401773543,11,Angelo State,Western Oregon,ii,ii,-24,5.235253979405037,4.599072435868289
401752760,11,Kentucky,Florida,fbs,fbs,31,-4.976468748479029,-5.665846551917234
401757166,11,Notre Dame,Navy,fbs,fbs,39,17.655963818721393,17.984275208078703
401752759,11,Alabama,LSU,fbs,fbs,11,4.966876043103213,5.433929245143148
401760409,11,Utah State,Nevada,fbs,fbs,37,9.227017443581808,9.198128847296802
401773571,11,Texas A&M-Kingsville,Western New Mexico,ii,ii,51,18.23480205767279,18.878669784796706
401773591,11,Sul Ross State,Central Washington,ii,ii,-66,-39.00331660468873,-38.98702214825336
401773553,11,UT Permian Basin,Eastern New Mexico,ii,ii,13,19.454956981231007,19.959888398369372
401752895,11,UCLA,Nebraska,fbs,fbs,-7,-7.005466459487078,-6.6826366721629284
401760407,11,Colorado State,UNLV,fbs,fbs,-32,-7.406778098384963,-8.087735369081923
401783817,11,Pomona Pitzer,California Lutheran University,iii,iii,10,-4.776603609620828,-4.779260752863479
401752944,11,Oregon State,Sam Houston,fbs,fbs,-4,12.69734861153969,12.603362020459478
401760408,11,Hawai'i,San Diego State,fbs,fbs,32,-9.832003791397444,-10.565681748763488
401762856,12,Akron,Kent State,fbs,fbs,-7,3.2942400180080362,3.186933396303285
401762857,12,Western Michigan,Ohio,fbs,fbs,4,-2.1244836952292623,-2.033955479471075
401762858,12,Central Michigan,Buffalo,fbs,fbs,19,1.0139300736768337,0.6709569994297873
401762859,12,Massachusetts,Northern Illinois,fbs,fbs,-42,-11.240549268954215,-11.36530104335007
401762860,12,Miami (OH),Toledo,fbs,fbs,-21,-5.680214858066311,-6.046990900195539
401761649,12,Old Dominion,Troy,fbs,fbs,33,6.12140299399918,6.555489598950572
401767414,12,North Carolina Central,South Carolina State,fcs,fcs,-7,0.09337530892747203,-0.9652152548897934
401774313,12,College Of New Jersey,Christopher Newport,iii,iii,-20,-13.02338774372778,-12.99802407268368
401774139,12,Salisbury,Castleton,iii,iii,50,39.215671096285476,39.26953196555567
401774155,12,MIT,Norwich,iii,iii,34,22.027858563353657,22.001200431638985
401754591,12,Louisville,Clemson,fbs,fbs,-1,4.849918288192402,4.738761711746648
401833370,12,Augsburg,Hamline University,iii,iii,40,10.192356065065852,10.194076898022768
401752904,12,Oregon,Minnesota,fbs,fbs,29,17.37385839193442,18.065479389477755
401834154,12,Austin,CENTENARY,iii,iii,2,5.7936769417459075,5.830263702627789
401767501,12,Murray State,North Dakota,fcs,fcs,-18,-32.858653648956064,-33.81729692136099
401767610,12,Marist,Davidson,fcs,fcs,27,8.543693243896799,8.432350246476958
401767138,12,Bryant,New Hampshire,fcs,fcs,-28,-13.591727469834172,-14.256714553467937
401767677,12,Columbia,Brown,fcs,fcs,-3,-6.153244421239139,-7.091400144152869
401773833,12,Millersville,Edinboro University,ii,ii,-53,-22.351490525350616,-22.369642250281093
401776786,12,Albion,Calvin University,iii,iii,-29,-5.851935287400792,-5.885701251038318
401773844,12,Kutztown University,Indiana-Pennsylvania,ii,ii,5,9.362193051896224,9.280372574446888
401777213,12,Otterbein,Ohio Northern,iii,iii,-42,-29.321302286223943,-29.103847379474644
401783343,12,FDU-Florham,Reading,iii,iii,49,4.770120140113242,5.231650211649175
401777968,12,Walsh,Northwood (MI),ii,ii,-4,-10.464403944867747,-10.926174307894737
401777323,12,Coast Guard,Merchant Marine Academy,iii,iii,-1,3.331666326417973,3.3757056613248144
401777010,12,Fitchburg State,Westfield State,iii,iii,-3,2.8961776611744803,2.900257080799161
401774342,12,Southwestern University,Berry College,iii,iii,-42,-27.091814458785173,-27.59190443405151
401767775,12,Wagner,Stonehill,fcs,fcs,6,0.10628650067065593,0.9947691157989409
401774234,12,Greensboro College,Methodist,iii,iii,1,5.750143836671466,5.74550770389008
401767767,12,Mercyhurst,Robert Morris,fcs,fcs,14,3.770826893904501,3.81867624293582
401778003,12,Endicott College,Curry College,iii,iii,28,8.91623023625763,8.992571124256212
401767760,12,St. Francis (PA),Long Island University,fcs,fcs,-7,-16.532963228973536,-16.460928346600603
401786380,12,UMass Dartmouth,Plymouth State,iii,iii,21,-2.5890836055067794,-2.5874185750654206
401773809,12,Bloomsburg,Slippery Rock,ii,ii,6,-12.335693708833453,-12.312421798963118
401774050,12,Ithaca College,Cortland,iii,iii,5,-13.651614427329257,-13.735884078394122
401773477,12,Michigan Tech,Saginaw Valley State,ii,ii,-3,5.22504419928243,3.9329961183104203
401767670,12,Bucknell,Holy Cross,fcs,fcs,-17,-1.5875678451453448,-2.6237567349412925
401777273,12,Case Western Reserve,Geneva,iii,iii,-27,8.653545315900118,8.652021532787888
401778021,12,Worcester Polytechnic Institute,Salve Regina,iii,iii,-36,-15.933158095335136,-15.90904308816112
401754597,12,Pittsburgh,Notre Dame,fbs,fbs,-22,-10.992402786996202,-11.139827537329154
401752901,12,Indiana,Wisconsin,fbs,fbs,24,23.852623131420504,24.29833557175704
401773724,12,Pace,Franklin Pierce,ii,ii,-14,-19.294852601069845,-19.285853043184815
401777265,12,Ursinus,Carnegie Mellon,iii,iii,7,-8.183205183123155,-8.640435657104604
401786486,12,Worcester St,Framingham State,iii,iii,-1,-7.67436279172399,-7.397247918118641
401773275,12,St John Fisher University,Alfred State,iii,iii,27,4.878990244514139,4.7547369863434135
401774244,12,Maryville College (TN),Trinity University TX,iii,iii,-17,-5.837266644744121,-5.83768288971406
401773285,12,Anna Maria College,Dean College,iii,iii,47,29.226914832102864,29.496557378855975
401773312,12,Hartwick,Hilbert College,iii,iii,52,11.545314708683605,11.989983266588954
401776983,12,Biddeford,New England College,iii,,56,34.26309625655314,34.721094043223474
401783281,12,West Chester,Assumption,ii,ii,-18,-7.574896591262796,-7.547289589770793
401777001,12,Misericordia,Kings College (PA),iii,iii,6,3.2490212957354663,3.8927145518080675
401773715,12,Bentley,American International,ii,ii,14,12.03881235059531,11.99294862075505
401773461,12,Davenport,Ferris State,ii,ii,-21,-17.12236017573125,-17.206527809997166
401773675,12,Fairmont State,Frostburg State,ii,ii,-17,-9.232170209151349,-9.185244056385072
401773695,12,West Liberty,Wheeling,ii,ii,1,-8.816326153237657,-9.373471956988325
401777616,12,Northwestern (MN),Westminster College (MO),iii,iii,-9,7.646852073974905,7.717800274688823
401783919,12,Bridgewater State,Mass Maritime,iii,iii,-13,4.281610768418943,4.2817649858010505
401773656,12,West Virginia State,University Of Charleston (WV),ii,ii,-17,-8.332473038274713,-8.232504344814664
401774146,12,Wilkes,Western Connecticut St,iii,iii,38,2.598161243683312,2.617804838812618
401783348,12,Delaware Valley,Widener,iii,iii,21,13.75067686617984,13.843190585424662
401767619,12,Dayton,Drake,fcs,fcs,-8,-5.456039053306872,-4.893398830217218
401767563,12,Western Carolina,East Tennessee State,fcs,fcs,-17,-0.308304336329444,-0.5968557988809557
401767663,12,Sacred Heart,Merrimack,fcs,fcs,5,3.8351699802424823,3.7061492647992313
401767748,12,Duquesne,Central Connecticut,fcs,fcs,5,-3.2547098962001026,-3.26904870012425
401752772,12,Texas A&M,South Carolina,fbs,fbs,1,15.550984036958255,15.55026037018672
401767707,12,Harvard,Pennsylvania,fcs,fcs,2,18.26885172265997,19.462203866670794
401776992,12,Albright,Lebanon Valley,iii,iii,-3,-9.457139209792178,-10.09751986786576
401773241,12,Findlay,Tiffin,ii,ii,-2,5.812952416632308,5.811882939033309
401767402,12,Norfolk State,Morgan State,fcs,fcs,-7,-5.555195898775173,-5.605672284369944
401773731,12,Southern Connecticut State,Post University,ii,ii,7,-1.5885297907457758,-1.5455180212002944
401767452,12,Youngstown State,Indiana State,fcs,fcs,19,9.05034726577572,8.89741171582061
401767263,12,North Carolina A&T,Monmouth,fcs,fcs,-44,-21.134074987213936,-20.980250879426237
401773863,12,Shepherd,Seton Hill,ii,ii,8,10.047679310995312,9.533184232993525
401756951,12,Cincinnati,Arizona,fbs,fbs,-6,-1.7761047007221116,-1.8015761846820944
401757174,12,UConn,Air Force,fbs,fbs,10,6.846397871105978,7.680090775775547
401762507,12,Charlotte,UTSA,fbs,fbs,-21,-17.033199031295837,-16.979456792943747
401762510,12,Navy,South Florida,fbs,fbs,3,-12.80656514555038,-13.021408116023476
401762861,12,Ball State,Eastern Michigan,fbs,fbs,-15,1.2197295540938384,1.3200250630370949
401752905,12,Northwestern,Michigan,fbs,fbs,-2,-9.021767368515011,-9.56790848524091
401788998,12,Princeton,Yale,fcs,fcs,-3,-10.81960509490943,-10.96839504714716
401756952,12,Oklahoma State,Kansas State,fbs,fbs,-8,-20.048191147746728,-20.072485143291892
401774098,12,Moravian,Susquehanna,iii,iii,-41,-30.408126790085284,-30.48119725693638
401752768,12,LSU,Arkansas,fbs,fbs,1,5.298140947285628,5.305642392420367
401774129,12,Trine University,Kalamazoo,iii,iii,1,7.5816233141871106,7.536556838281651
401767543,12,Southern Illinois,South Dakota,fcs,fcs,-2,0.03767106359910599,-0.3228772986140118
401767348,12,Delaware State,Howard,fcs,fcs,13,7.868398158594826,8.157498616884244
401783357,12,Stevenson,Eastern University,iii,iii,-6,-4.6094872117526275,-4.05305650206923
401783910,12,Springfield,SUNY Maritime,iii,iii,16,12.866862758505313,12.878843126365977
401773303,12,Alfred University,SUNY Morrisville,iii,iii,13,8.223289855928616,8.168463530193078
401756948,12,Arizona State,West Virginia,fbs,fbs,2,10.542938824940169,10.568032858031838
401806686,12,Augsburg,Hamline University,iii,iii,40,10.192356065065852,10.194076898022768
401766738,12,Beloit,Illinois College,iii,iii,-31,-27.166122162024507,-27.154462963264542
401767737,12,Colgate,Lehigh,fcs,fcs,-20,-18.974498788368876,-19.6101824865623
401773215,12,Ashland,Lake Erie,ii,ii,20,24.669789871264882,25.0054168152719
401766739,12,Monmouth (IL),Knox College,iii,iii,69,39.78863871984533,39.782371405269
401767331,12,UAlbany,Towson,fcs,fcs,-17,-9.873862833810303,-9.778741541686083
401774379,12,North Central College,Illinois Wesleyan,iii,iii,17,26.334826249155242,26.316533638632286
401774391,12,North Park,Wheaton,iii,iii,-46,-25.28788288970069,-25.479954690810352
401773503,12,Kentucky Wesleyan,Thomas More College,ii,ii,-3,-6.2016773531072396,-5.83935399847428
401767695,12,Dartmouth,Cornell,fcs,fcs,10,7.580282644536624,7.555897152541155
401773750,12,Minnesota State Mankato,Minnesota State Moorhead,ii,ii,-8,11.296883478717293,11.275471729084485
401773781,12,Concordia University St Paul,Sioux Falls,ii,ii,-16,-21.715325406434864,-22.101871302735777
401767571,12,Furman,VMI,fcs,fcs,18,11.517573741167137,11.610829796801328
401767393,12,Jackson State,Bethune-Cookman,fcs,fcs,15,11.629322760697919,12.545690037748832
401767717,12,Georgetown,Fordham,fcs,fcs,14,8.2346471522261,8.116868890131984
401767654,12,Valparaiso,Stetson,fcs,fcs,1,-1.1280166947372887,-1.7580142371058898
401774217,12,Southern Virginia,Lagrange College,iii,iii,-38,-12.790823630322155,-12.836914267240266
401774365,12,Carthage,Carroll University (WI),iii,iii,4,-5.476372316069093,-5.650057229316971
401806932,12,Lawrence University,Ripon,iii,iii,-41,-17.65992749483503,-17.664867993464533
401773818,12,Shippensburg,PennWest California,ii,ii,-25,-16.786202259212818,-16.833668831928726
401777248,12,Shenandoah,Washington and Lee,iii,iii,3,-3.3238757391859934,-3.322046591767041
401778029,12,Greenville,Crown College,iii,iii,-18,-3.907371659890103,-3.8931498775696873
401788994,12,William Paterson,Montclair State,iii,iii,-3,-8.897668842563188,-8.897405427656865
401806689,12,Gustavus Adolphus,Macalester,iii,iii,24,9.87396852449504,9.869726377930519
401777260,12,Allegheny,Bethany (WV),iii,iii,36,15.861911353490498,15.860657159954808
401783328,12,St. Lawrence,University of Rochester (NY),iii,iii,20,-12.812119165682919,-12.815508759498922
401806688,12,Carleton,Concordia Moorhead,iii,iii,-7,4.35284872775544,4.354289427180608
401777994,12,Muhlenberg,Dickinson (PA),iii,iii,13,6.210924876990175,6.214059060713387
401774357,12,Augustana (IL),Washington University (St. Louis),iii,iii,-22,-3.245588185753755,-3.2513969094330424
401777226,12,Averett,Roanoke College,iii,,-1,-15.770516808169136,-15.867494038211282
401774384,12,Millikin,Elmhurst,iii,iii,7,7.058656273826347,6.995417593495944
401777094,12,Hiram College,Grove City College,iii,iii,-49,-29.553169159035342,-29.57624584283083
401777033,12,Concordia-Wisconsin,Eureka College,iii,iii,35,30.410016612032265,30.415520568640083
401777235,12,Randolph-Macon,Hampden-Sydney,iii,iii,28,2.897332805509194,2.908944391612007
401777291,12,Washington & Jefferson,Thiel,iii,iii,67,34.80283799143906,34.80768415505888
401777288,12,Saint Vincent,Westminster (PA),iii,iii,-43,-24.29959092502135,-24.351895591875387
401773469,12,Grand Valley State University,Roosevelt,ii,ii,56,25.564908048265146,25.558338736449656
401773935,12,Lenoir-Rhyne,Catawba,ii,ii,2,-0.9531770886662905,-0.8971742341000271
401777736,12,McDaniel College,Gettysburg,iii,iii,-13,3.8732282055107525,4.241493022799368
401774071,12,Franklin & Marshall,Johns Hopkins University,iii,iii,1,-16.11860390808529,-16.11790491626393
401777779,12,Western New England,Nichols College,iii,iii,43,20.978017299227535,21.36820462433569
401773360,12,Southeastern Oklahoma State,East Central (OK),ii,ii,5,-3.7611908067642803,-4.344524140097601
401806690,12,Saint John's (MN),St. Olaf,iii,iii,42,28.6598455642968,28.659464226774745
401773797,12,Winona State,Southwest Minnesota State,ii,ii,24,16.22491163270048,16.71847464109916
401773483,12,Northern Michigan,Wayne State (MI),ii,ii,34,8.142559040481824,8.242932089887082
401773690,12,West Virginia Wesleyan,Glenville State,ii,ii,-40,-25.17006818023637,-25.18200690799168
401773638,12,Nebraska-Kearney,Central Missouri,ii,ii,-14,3.6022648952621212,3.6022931303965215
401774105,12,Hobart College,Buffalo State,iii,iii,26,20.529094600352277,20.540189925097078
401773839,12,Lock Haven University,Gannon,ii,ii,21,9.479731971656319,9.904469697506524
401773330,12,Hillsdale,Ohio Dominican,ii,ii,17,3.3265904559673154,3.3300792176356806
401774090,12,Juniata College,Lycoming,iii,iii,-8,-21.190886374290557,-21.217149880246303
401766737,12,Grinnell,Cornell College (IA),iii,iii,-5,-1.1792469172366395,-0.964918970319026
401774319,12,Kean,Rowan,iii,iii,-13,-22.85646854482021,-22.8576366672553
401777138,12,Wittenberg,Kenyon,iii,iii,35,15.362571271661128,15.372400433635589
401777101,12,Ohio Wesleyan,Oberlin,iii,iii,35,18.301474532988735,18.296652467725277
401777018,12,Concordia University Chicago,Aurora,iii,iii,-33,-23.79251224800079,-23.768140134600714
401773943,12,Carson-Newman College,Greeneville,ii,ii,26,26.705494906628626,27.376244552435764
401774308,12,Husson,Maine Maritime,iii,iii,41,25.801316026885253,25.81707629285512
401776800,12,Hope College,Olivet College,iii,iii,57,37.69406724885854,38.0325975996815
401774226,12,Brevard College,North Carolina Wesleyan,iii,iii,39,3.9709776827265184,3.970002241617074
401777077,12,Denison University,John Carroll University,iii,iii,-27,-14.915513745138837,-14.913995910189136
401774116,12,Union (NY),Rensselaer,iii,iii,7,-4.116121580847928,-3.3816270776957342
401807013,12,Lake Forest College,Chicago,iii,iii,6,0.5780996594840175,0.8192993191859674
401767194,12,Maine,Rhode Island,fcs,fcs,-32,-6.685799310863309,-6.065117108221401
401767187,12,Hampton,William & Mary,fcs,fcs,-41,-17.835888771382923,-17.93702065727308
401767326,12,Villanova,Stony Brook,fcs,fcs,3,6.623763058818185,6.514386439500932
401833536,12,North Greenville,UNC Pembroke,ii,ii,14,-8.282798983100337,-8.307789843283564
401833372,12,Albany State GA,Benedict College,ii,ii,6,8.244236820887753,8.271746518044575
401752945,12,Tulsa,Oregon State,fbs,fbs,17,-2.7593291941604177,-2.639182121586196
401773826,12,East Stroudsburg University,Clarion,ii,ii,8,3.3156143858096403,3.278522911994065
401777084,12,Wabash College,Depauw,iii,iii,-21,-1.3922214683073921,-1.3667866388761567
401777210,12,University of Mount Union,Muskingum University,iii,iii,44,28.01063351345416,28.259942103386276
401777182,12,Baldwin Wallace,Heidelberg,iii,iii,3,12.26187620663984,12.245326588610128
401774414,12,Hanover College,Franklin,iii,iii,33,13.940979549178843,14.199449254983039
401774427,12,Manchester,Anderson (IN),iii,iii,-6,-3.030569382659529,-3.7811756972844464
401777190,12,Wilmington (OH),Capital,iii,iii,-1,1.073154381059462,1.1413422078767947
401774433,12,Rose-Hulman,Mount St. Joseph,iii,iii,-48,-14.287566813531598,-14.304008757156002
401752767,12,Kentucky,Tennessee Tech,fbs,fcs,32,1.7174685231715046,0.9916532342766047
401773949,12,UVA Wise,Emory & Henry College,ii,ii,-57,-27.527296395002494,-28.43703877168566
401773879,12,South Dakota Mines,Adams State,ii,ii,24,13.366429474544292,14.050708100495683
401767222,12,Western Illinois,Southeast Missouri State,fcs,fcs,-5,-4.435614475205197,-3.9628530467906344
401774174,12,Wisconsin-Stevens Pt,Wisconsin-Lacrosse,iii,iii,-52,-20.02427227197944,-20.01045164339049
401773899,12,Fort Lewis,Colorado School Of Mines,ii,ii,-34,-17.07845141209834,-16.423915988403504
401774061,12,Brockport,Utica,iii,iii,-8,-5.821071546106539,-5.914050826229451
401773437,12,Quincy,Southwest Baptist,ii,ii,2,0.40040115525934894,0.3157219987552917
401777039,12,Lakeland,St. Norbert,iii,iii,10,-2.583602897846413,-2.601989392320272
401777593,12,Belhaven,Huntingdon College (AL),iii,iii,-17,1.4806276046171583,1.4119420134748486
401773563,12,Western New Mexico,Midwestern State,ii,ii,-47,-7.501018171077526,-7.401452851343649
401773257,12,Hardin-Simmons,East Texas Baptist University,iii,iii,49,22.48863833457962,22.496831230968805
401767740,12,Richmond,Lafayette,fcs,fcs,-7,-3.3217238333006964,-4.012185349248198
401773265,12,Howard Payne,Mary Hardin-Baylor,iii,iii,-56,-15.758936479336302,-15.740197847233977
401767303,12,West Georgia,Utah Tech,fcs,fcs,23,11.008082222882612,11.080107866600141
401773405,12,Indianapolis,Upper Iowa University,ii,ii,7,10.772354856156529,10.869416300040076
401767255,12,Austin Peay,Samford,fcs,fcs,14,23.259245610473563,23.87054563095414
401767147,12,Campbell,Elon,fcs,fcs,-7,-6.559446995053474,-6.670857346165217
401773758,12,Minot State,Minnesota Duluth,ii,ii,-26,-18.82060448177165,-19.687353671670518
401778027,12,Bridgewater (VA),Guilford College,iii,iii,1,15.22671453631568,15.368762082047695
401773184,12,Loras College,Luther,iii,iii,33,17.49896558889921,18.18312085548051
401806687,12,St. Scholastica,Bethel (MN),iii,iii,-62,-33.85052147504576,-33.79417344272936
401773774,12,Wayne State (NE),Augustana University (SD),ii,ii,7,-0.377670924096412,-0.28502468408881043
401767169,12,UT Martin,Charleston Southern,fcs,fcs,3,0.5719577226853199,0.2398708313503608
401773741,12,Bemidji State,University of Mary,ii,ii,13,-0.7632884682199279,-0.7813497443018553
401773766,12,Jamestown College,Northern State,ii,ii,-6,-22.284732440680006,-23.92606360552129
401834132,12,Kentucky State,Shorter,ii,ii,28,15.059690515267498,15.517949245603592
401773193,12,Nebraska Wesleyan,Simpson College (IA),iii,iii,-1,-17.43343074031547,-17.34071671696854
401773626,12,Missouri Southern State,Washburn,ii,ii,-5,-1.6100926789658985,-1.6633158709001963
401776781,12,Alma,Adrian,iii,iii,1,4.425482776115161,4.5454668083605485
401773666,12,Ferrum,Concord University,ii,ii,-22,-4.378500787273076,-4.377444689647039
401774349,12,Rhodes College,Centre College Kentucky,iii,iii,-25,-18.59745405365692,-18.59235463749422
401783912,12,Benedictine University,Wisconsin-Lutheran,iii,iii,-4,8.073887435026665,7.5290654527678385
401773612,12,Emporia State University,Fort Hays State,ii,ii,-6,0.06020904871871391,0.057854974393447556
401774467,12,Millsaps,Sewanee,iii,iii,14,10.00082473461552,9.535810549748271
401773528,12,West Alabama,Northeastern State,ii,ii,-13,-2.835100398243365,-2.987530866306562
401774181,12,Wisconsin-Oshkosh,Wisconsin-Whitewater,iii,iii,-17,-12.392858578788958,-12.389826039026412
401774196,12,Wisconsin-Stout,Wisconsin-River Falls,iii,iii,-10,-18.741240628278845,-18.795769032507526
401774167,12,Wisconsin-Eau Claire,Wisconsin-Platteville,iii,iii,-27,-21.032377195596897,-21.050546854903796
401777311,12,Martin Luther,Minnesota Morris,iii,iii,22,2.557266497223786,2.506756016235258
401773043,12,Central College,Coe College,iii,iii,-6,0.014966299780358128,-0.4290044229278358
401773375,12,Ouachita Baptist,Henderson State,ii,ii,-27,4.921250707897633,4.9212507078976335
401773164,12,Wartburg,Buena Vista,iii,iii,43,32.363792575506814,32.58089944778392
401773415,12,William Jewell,Lincoln (MO),ii,ii,36,6.392818283499523,6.461249918230845
401774406,12,Marietta,Bluffton,iii,iii,23,11.407673950455328,11.528168970551635
401761651,12,Georgia State,Marshall,fbs,fbs,-12,-13.965049894777955,-14.435840764928148
401767586,12,The Citadel,Wofford,fcs,fcs,-2,-1.2662832685423693,-1.3144019759676002
401762506,12,UAB,North Texas,fbs,fbs,-29,-20.790309771057505,-21.570547330284544
401767643,12,St. Thomas (MN),Presbyterian,fcs,fcs,-14,3.3472621650450964,3.188413546143382
401767207,12,Tennessee State,Gardner-Webb,fcs,fcs,-16,-13.777341569347186,-13.80002654248745
401773642,12,Pittsburg St,Northwest Missouri St,ii,ii,13,-3.992149777548441,-3.9793641411194116
401773886,12,Black Hills State,New Mexico Highlands,ii,ii,27,-0.7250797097096129,-0.6834098561340074
401773554,12,Eastern New Mexico,Texas A&M-Kingsville,ii,ii,-17,-8.785604372203812,-8.787656317140334
401773915,12,Western Colorado,Colorado Mesa,ii,ii,14,12.934055121126118,13.13523823748097
401773893,12,CSU Pueblo,Chadron St,ii,ii,3,8.728535494858534,8.727274162856803
401773969,12,Wingate,Mars Hill,ii,ii,15,11.504906853189878,11.777417640716532
401773603,12,Missouri Western,Central Oklahoma,ii,ii,-44,-11.241114463718667,-11.289593239902866
401773523,12,West Florida,Valdosta State,ii,ii,-3,12.943168505034354,13.45006355601566
401773396,12,Southern Nazarene,Oklahoma Baptist,ii,ii,30,-3.9008952001080246,-3.9008952001080424
401773341,12,Arkansas Tech,Harding University,ii,ii,-34,-20.517984936303705,-20.51798493630379
401773351,12,Southern Arkansas,Arkansas-Monticello,ii,ii,39,21.42911414744804,21.429114147448
401777171,12,Whitworth,Puget Sound,iii,iii,28,25.857247283131805,25.86163359914228
401767556,12,Mercer,Chattanooga,fcs,fcs,46,13.163175636628269,13.858388603585427
401767200,12,Lindenwood,Eastern Illinois,fcs,fcs,30,1.42305918597273,1.409627241552693
401760411,12,New Mexico,Colorado State,fbs,fbs,3,11.566207880580599,12.186744264145162
401767387,12,Prairie View A&M,Arkansas-Pine Bluff,fcs,fcs,47,11.984098717515018,12.018238964380078
401767377,12,Alcorn State,Grambling,fcs,fcs,11,-7.7252061126338845,-7.658914530750259
401767357,12,Alabama A&M,Florida A&M,fcs,fcs,-3,0.6064833427081329,0.5075180242082347
401767246,12,Eastern Kentucky,Abilene Christian,fcs,fcs,-7,-8.130434219643176,-8.09612785937736
401767444,12,South Dakota State,Illinois State,fcs,fcs,-14,4.197535137382296,4.134313871117435
401767481,12,Incarnate Word,SE Louisiana,fcs,fcs,-3,-9.073347415549883,-9.058305779710869
401767457,12,Southern,Texas Southern,fcs,fcs,-5,-11.559640225198812,-11.615712229713994
401757304,12,Missouri State,UTEP,fbs,fbs,14,7.074877702880354,6.808235407761925
401752907,12,USC,Iowa,fbs,fbs,5,3.2411880984719446,3.187934437789778
401752906,12,Illinois,Maryland,fbs,fbs,18,9.314804131769165,9.816698090558948
401761652,12,James Madison,App State,fbs,fbs,48,17.324730380623404,17.377958367856394
401760413,12,Nevada,San José State,fbs,fbs,45,-8.652309197112013,-8.595246674176941
401761653,12,UL Monroe,South Alabama,fbs,fbs,-12,-5.1251723250999515,-5.091962750652961
401761654,12,Southern Miss,Texas State,fbs,fbs,-27,5.9984455392394995,5.971513015586751
401767514,12,North Dakota State,Northern Iowa,fcs,fcs,32,31.1464542480426,32.40073287810311
401756953,12,Texas Tech,UCF,fbs,fbs,39,19.6590902680285,19.634143588135654
401754595,12,Miami,NC State,fbs,fbs,34,13.42934090144437,13.406498217215162
401754593,12,Duke,Virginia,fbs,fbs,-17,-2.9513251583722067,-2.8647834166251656
401752765,12,Alabama,Oklahoma,fbs,fbs,-2,2.274190530378199,2.702241223920673
401754592,12,Boston College,Georgia Tech,fbs,fbs,-2,-19.818526085924695,-19.730012161443764
401752903,12,Michigan State,Penn State,fbs,fbs,-18,-11.364462335268918,-11.654446745150672
401757303,12,Western Kentucky,Middle Tennessee,fbs,fbs,16,14.41215377788283,14.029532147362858
401773422,12,McKendree,Truman State,ii,ii,-32,-19.739325120963144,-19.68098111239212
401834155,12,Hendrix College,LYONCOLL,iii,iii,27,15.56562563942266,15.541946327221005
401834160,12,Allen,ERSKINE,ii,ii,18,14.92854550675538,14.932404994175783
401767078,12,Northern Arizona,Cal Poly,fcs,fcs,8,2.642690211503968,2.5970265918449407
401834157,12,Chapman,California Lutheran University,iii,iii,10,8.688796858809813,8.686020085073569
401767067,12,Eastern Washington,Northern Colorado,fcs,fcs,20,1.1057537253992216,1.0715491800969428
401777146,12,Pacific Lutheran,NEWBERG,iii,iii,34,5.431114833708836,5.426940629578107
401773381,12,Northwestern Oklahoma State,Southwestern Oklahoma State,ii,ii,-42,-19.19781234810998,-19.781145681443327
401777158,12,Pacific (OR),Lewis & Clark College,iii,iii,-7,-8.580635550512277,-8.580580916585742
401762508,12,East Carolina,Memphis,fbs,fbs,4,-2.596448899683807,-2.845126887125783
401834158,12,Claremont-Mudd-Scripps College,La Verne,iii,iii,5,12.06342026792582,12.087064742618807
401834159,12,Redlands,Pomona Pitzer,iii,iii,-12,0.5550725739070383,0.5575235746511105
401762509,12,Tulane,Florida Atlantic,fbs,fbs,11,12.013696016427136,12.06559849565547
401777152,12,Linfield College,Willamette,iii,iii,46,29.456216574032762,29.45678675276752
401767600,12,San Diego,Butler,fcs,fcs,22,3.1784162263140407,3.2180295179224414
401767519,12,Nicholls,Northwestern State,fcs,fcs,5,13.772028296699132,13.725434541708628
401773592,12,Western Oregon,Central Washington,ii,ii,-2,-10.940128904968624,-10.38032452484477
401752771,12,Tennessee,New Mexico State,fbs,fbs,33,22.485318301211933,22.585486760652188
401754596,12,Wake Forest,North Carolina,fbs,fbs,16,8.718296596411118,8.899929582691414
401767366,12,Mississippi Valley State,Alabama State,fcs,fcs,-38,-25.646400997284164,-25.56842527135938
401757301,12,Florida International,Liberty,fbs,fbs,7,-2.833837445947939,-3.0035062601406253
401773544,12,West Texas A&M,Angelo State,ii,ii,1,-1.2016666044284676,-1.1911702900457586
401767488,12,Stephen F. Austin,Lamar,fcs,fcs,11,4.843456566836574,4.8716005383944285
401767466,12,East Texas A&M,Houston Christian,fcs,fcs,5,7.051608738813822,7.072565142549197
401767103,12,Portland State,Montana,fcs,fcs,-46,-28.562422898399504,-28.57448846948694
401834161,12,Wilson,Chowan,ii,ii,-14,-0.8425449870261659,-0.8856736360555768
401767087,12,Idaho State,Weber State,fcs,fcs,28,6.33014064776931,6.327494112732296
401761650,12,Georgia Southern,Coastal Carolina,fbs,fbs,5,-2.2279577413039764,-2.2828795127793313
401757300,12,Sam Houston,Delaware,fbs,fbs,3,-10.803777415876649,-10.92413976660384
401756949,12,Baylor,Utah,fbs,fbs,-27,-14.683006767580636,-14.725861881539295
401752769,12,Ole Miss,Florida,fbs,fbs,10,11.960297440133008,11.967401575297771
401752902,12,Washington,Purdue,fbs,fbs,36,13.337634348876453,13.441665465713651
401767290,12,Tarleton State,North Alabama,fcs,fcs,61,24.633901254074285,24.624863152795733
401760414,12,UNLV,Utah State,fbs,fbs,3,2.9536433111573785,2.869137652001214
401767495,12,McNeese,UT Rio Grande Valley,fcs,fcs,-15,-10.403166263429538,-10.375957610343457
401752766,12,Georgia,Texas,fbs,fbs,25,4.871794756491607,5.599783048957143
401752900,12,Ohio State,UCLA,fbs,fbs,38,26.235103115856052,26.012975503106915
401754594,12,Florida State,Virginia Tech,fbs,fbs,20,8.67723811072285,9.511825409859057
401752770,12,Missouri,Mississippi State,fbs,fbs,22,4.82667961795547,4.801811236105642
401773578,12,UT Permian Basin,Sul Ross State,ii,ii,64,31.192770245897922,31.639725528466727
401757302,12,Jacksonville State,Kennesaw State,fbs,fbs,9,-6.818136518904318,-6.850130057394978
401767296,12,Southern Utah,Central Arkansas,fcs,fcs,7,9.587462303524756,9.575887640516504
401767096,12,Sacramento State,Idaho,fcs,fcs,3,4.275854478492988,4.293546089842543
401834156,12,Texas Lutheran,McMurry,iii,iii,-8,4.507388437987988,4.503177636321198
401752953,12,Washington State,Louisiana Tech,fbs,fbs,25,0.5109340637835018,0.5169680040606188
401756950,12,BYU,TCU,fbs,fbs,31,4.383220170064654,4.382769585161942
401760412,12,Fresno State,Wyoming,fbs,fbs,21,0.6258325849156332,0.7288952151826287
401760410,12,San Diego State,Boise State,fbs,fbs,10,-2.644369445791874,-2.0577740226221266
401767111,12,Montana State,UC Davis,fcs,fcs,21,8.303729240231569,8.34698499721085
401762863,13,Ohio,Massachusetts,fbs,fbs,28,26.345085696063304,26.314265743001286
401762864,13,Northern Illinois,Western Michigan,fbs,fbs,-16,-11.250837283838981,-11.192883414876464
401762862,13,Bowling Green,Akron,fbs,fbs,-3,0.9580089433952885,0.8433774161024559
401762866,13,Kent State,Central Michigan,fbs,fbs,-12,-8.005329439918043,-7.941281360234672
401762865,13,Buffalo,Miami (OH),fbs,fbs,-17,-4.288375980292393,-3.9645874714606286
401767520,13,SE Louisiana,Nicholls,fcs,fcs,12,13.10244894303028,13.146448572683846
401767522,13,Northwestern State,Stephen F. Austin,fcs,fcs,-48,-29.38861394099506,-29.47300946277863
401761655,13,Arkansas State,Louisiana,fbs,fbs,-4,-0.11509732762534064,-0.1015176740005117
401835275,13,Curry College,Merchant Marine Academy,iii,iii,-3,-0.015857115140601508,0.017031946275521292
401754598,13,NC State,Florida State,fbs,fbs,10,-5.594224514154469,-5.697214785474664
401760418,13,UNLV,Hawai'i,fbs,fbs,28,0.9724567406234677,0.9197341963588741
401767139,13,Stony Brook,Bryant,fcs,fcs,7,12.045864622485785,12.75054360107774
401835277,13,St John Fisher University,Rensselaer,iii,iii,-11,-6.380485133448614,-6.300326463987686
401835278,13,Carnegie Mellon,Misericordia,iii,iii,7,10.456863002069158,10.249660746017476
401835280,13,Lycoming,Washington and Lee,iii,iii,-2,-4.495889165497559,-4.506955575998306
401835276,13,Delaware Valley,Dickinson (PA),iii,iii,1,0.6780654049395789,0.7607991640065812
401835281,13,Brockport,Geneva,iii,iii,36,8.87392696407002,8.879154156537833
401752781,13,Texas A&M,Samford,fbs,fcs,48,47.548819551980415,48.1020897244727
401767678,13,Brown,Dartmouth,fcs,fcs,7,-8.578404334510193,-8.631806105797555
401767403,13,Morgan State,North Carolina Central,fcs,fcs,-19,-10.252042126019766,-10.283840794908052
401756958,13,Iowa State,Kansas,fbs,fbs,24,3.9508449369476963,4.013892354459628
401752778,13,Oklahoma,Missouri,fbs,fbs,11,3.5458160111281174,3.5341359710161555
401767761,13,Long Island University,Wagner,fcs,fcs,7,6.106624504908433,6.123594666309302
401767749,13,Central Connecticut,Mercyhurst,fcs,fcs,7,7.629766774639404,7.681744429874858
401767718,13,Merrimack,Fordham,fcs,fcs,1,9.00056444614543,9.04651063266438
401767708,13,Yale,Harvard,fcs,fcs,17,-7.289001938776089,-8.33613574621705
401767591,13,VMI,Western Carolina,fcs,fcs,-42,-18.068041115556596,-18.155194502854574
401767264,13,Monmouth,UAlbany,fcs,fcs,-7,21.29025267469168,21.303128412255464
401754606,13,Wake Forest,Delaware,fbs,fbs,38,13.432139590224319,13.625800777672252
401835279,13,Illinois College,Aurora,iii,iii,-35,-3.0749534399469605,-3.209901568094698
401752909,13,Northwestern,Minnesota,fbs,fbs,3,2.168257500693329,1.5703196516514701
401752912,13,Ohio State,Rutgers,fbs,fbs,33,23.518052893004484,23.95035486133183
401754602,13,SMU,Louisville,fbs,fbs,32,-0.11216670069688206,-0.09364959319337629
401754603,13,Virginia Tech,Miami,fbs,fbs,-17,-21.644120419159457,-22.288106885069574
401762512,13,Army,Tulsa,fbs,fbs,-1,9.767950977625933,9.700359104695456
401767738,13,Lafayette,Lehigh,fcs,fcs,-10,-14.758018862500228,-14.773512737767241
401752776,13,Georgia,Charlotte,fbs,fbs,32,38.65920348731824,39.322622247896405
401756954,13,Arizona,Baylor,fbs,fbs,24,6.939761242312528,6.977084386495207
401761657,13,Georgia Southern,Old Dominion,fbs,fbs,-35,-11.271092545472467,-11.660995335172146
401752954,13,James Madison,Washington State,fbs,fbs,4,7.9299679759783395,7.9751846279343255
401767188,13,Rhode Island,Hampton,fcs,fcs,28,26.058330235564778,26.0678842536543
401767633,13,Presbyterian,Marist,fcs,fcs,4,10.62546983781818,10.74301023981212
401767696,13,Cornell,Columbia,fcs,fcs,-17,5.90795420229503,6.764517677196049
401835285,13,Utica,Rowan,iii,iii,-6,2.231466245777872,2.339420084012506
401835283,13,Wabash College,Ohio Northern,iii,iii,1,-0.658008416633459,-0.4197804274284511
401767647,13,Stetson,San Diego,fcs,fcs,-34,-20.163076258438142,-20.00595598139266
401767671,13,Colgate,Bucknell,fcs,fcs,19,5.248925943570406,6.116563652203423
401767564,13,East Tennessee State,The Citadel,fcs,fcs,2,5.660377010188398,5.9403361242252775
401767445,13,Illinois State,Southern Illinois,fcs,fcs,-30,2.687735111054682,2.272362117499803
401767349,13,Delaware State,South Carolina State,fcs,fcs,-11,-5.51259595231013,-6.103912040485552
401767338,13,Villanova,Sacred Heart,fcs,fcs,24,9.239998040658861,9.21896167525473
401767625,13,Drake,Morehead State,fcs,fcs,7,15.353100871917551,14.820168119911962
401767195,13,New Hampshire,Maine,fcs,fcs,6,7.311181604634062,6.747209263458659
401767148,13,Towson,Campbell,fcs,fcs,4,5.881905684810995,5.822279973054807
401767770,13,Stonehill,St. Francis (PA),fcs,fcs,10,8.295789408302504,7.462236808318325
401767234,13,Tennessee Tech,UT Martin,fcs,fcs,3,15.527760206821984,15.756720484963843
401767340,13,William & Mary,Richmond,fcs,fcs,-7,5.46534194767672,5.488786806854242
401767367,13,Alabama State,Arkansas-Pine Bluff,fcs,fcs,31,21.122800592665126,21.04102121163505
401767453,13,Indiana State,Murray State,fcs,fcs,-14,11.871081500822648,12.159230156335116
401835284,13,SUNY Maritime,Hobart College,iii,iii,-28,-1.4248267125446423,-1.5844950338866353
401835282,13,Ursinus,Lebanon Valley,iii,iii,18,3.1539575050570363,3.11101820921054
401788996,13,Pennsylvania,Princeton,fcs,fcs,11,1.3126654154291533,1.5358022531976996
401767601,13,Butler,Valparaiso,fcs,fcs,7,14.250315510033927,14.600400432749101
401767611,13,Davidson,Dayton,fcs,fcs,-28,-17.035197693366698,-16.960640687925498
401767557,13,Wofford,Chattanooga,fcs,fcs,22,3.559733106781925,3.580781564527766
401767208,13,Gardner-Webb,Western Illinois,fcs,fcs,-5,10.246300597483053,9.768917713596942
401767215,13,Southeast Missouri State,Lindenwood,fcs,fcs,-17,-1.224236002671243,-1.1852377928999633
401767540,13,Northern Iowa,Youngstown State,fcs,fcs,-3,-12.954366292927629,-13.981001981657386
401767104,13,Montana,Montana State,fcs,fcs,-3,-2.7834254780891428,-2.734978568255869
401767756,13,Robert Morris,Duquesne,fcs,fcs,-3,-11.921876837501905,-12.016254350290886
401767170,13,Charleston Southern,Tennessee State,fcs,fcs,1,8.173377574290882,8.335601771535872
401767291,13,North Alabama,Southern Utah,fcs,fcs,-2,-14.89002995422538,-14.882268062439664
401767125,13,Northern Colorado,Portland State,fcs,fcs,11,6.258655177879421,6.204712848049933
401767178,13,Elon,North Carolina A&T,fcs,fcs,38,13.49197353366437,13.348825518737053
401767508,13,North Dakota,South Dakota State,fcs,fcs,-3,4.425450548434082,5.177779397600432
401757306,13,Kennesaw State,Missouri State,fbs,fbs,7,2.284526698117869,2.3241539438921848
401762867,13,Toledo,Ball State,fbs,fbs,29,18.24109433344215,18.48279840144481
401760419,13,Wyoming,Nevada,fbs,fbs,-6,5.363315717366254,5.252226177105891
401752773,13,Alabama,Eastern Illinois,fbs,fcs,56,37.555261577512766,37.88614151193997
401752774,13,Auburn,Mercer,fbs,fcs,45,5.562670173971615,4.919690830359372
401761656,13,App State,Marshall,fbs,fbs,2,-7.452516493214485,-7.8433935129271255
401757308,13,Middle Tennessee,Sam Houston,fbs,fbs,14,0.28073102653418935,0.29393909293945164
401757175,13,Florida Atlantic,UConn,fbs,fbs,-3,-9.488865668728025,-10.157638372931892
401757309,13,UTEP,New Mexico State,fbs,fbs,-3,-0.5379566353827734,-0.2155228573680379
401762511,13,UAB,South Florida,fbs,fbs,-30,-23.78816656529942,-24.600894001844424
401835286,13,Wisconsin-Stout,Washington University (St. Louis),iii,iii,8,-0.4924088655044976,-0.47340942199888936
401767430,13,Prairie View A&M,Mississippi Valley State,fcs,fcs,53,19.983511476126242,20.0285916773558
401767358,13,Texas Southern,Alabama A&M,fcs,fcs,17,1.8193421293451895,1.8701658245290105
401767118,13,Weber State,Northern Arizona,fcs,fcs,20,-11.861965253262714,-11.857309752246085
401767475,13,Houston Christian,Incarnate Word,fcs,fcs,-21,-13.071526617284732,-13.07091662560711
401757307,13,Louisiana Tech,Liberty,fbs,fbs,6,3.9375737906178347,3.841161996207605
401767394,13,Florida A&M,Bethune-Cookman,fcs,fcs,-4,-5.299751841514337,-4.425741624613163
401767515,13,North Dakota State,St. Thomas (MN),fcs,fcs,55,21.96700265836912,22.221459125330313
401767378,13,Alcorn State,Jackson State,fcs,fcs,-6,-13.570528245290644,-13.493778924289495
401767397,13,Howard,Norfolk State,fcs,fcs,29,3.108611654550442,3.23492137164161
401754600,13,North Carolina,Duke,fbs,fbs,-7,-10.270563932768518,-9.408310131363912
401754604,13,Notre Dame,Syracuse,fbs,fbs,63,27.10636825092368,27.257612154707335
401762513,13,UTSA,East Carolina,fbs,fbs,34,-7.932472426513879,-8.026297693805745
401752782,13,Vanderbilt,Kentucky,fbs,fbs,28,6.78293805769011,7.28725056138293
401757305,13,Florida International,Jacksonville State,fbs,fbs,6,-2.0464628272813954,-2.1275664419413545
401752780,13,Texas,Arkansas,fbs,fbs,15,6.436213152675929,6.437805722189289
401752911,13,Oregon,USC,fbs,fbs,15,4.036491085473784,4.64785563821944
401752913,13,Iowa,Michigan State,fbs,fbs,3,14.989821953899309,15.22989446205365
401761658,13,South Alabama,Southern Miss,fbs,fbs,7,-7.0736083548640245,-7.05857849846538
401762515,13,Temple,Tulane,fbs,fbs,-24,-8.821332245168778,-8.72343991362116
401761660,13,Troy,Georgia State,fbs,fbs,12,10.826484224046762,10.827332101996296
401756957,13,Houston,TCU,fbs,fbs,-3,0.760061821317457,0.7123779782533752
401756960,13,Utah,Kansas State,fbs,fbs,4,13.791358685672982,13.742123408568354
401756959,13,UCF,Oklahoma State,fbs,fbs,3,11.7469104231213,11.733325504170345
401752914,13,Maryland,Michigan,fbs,fbs,-25,-9.065795964890903,-8.87670098506728
401767489,13,Lamar,McNeese,fcs,fcs,-2,10.13924473814348,10.173656344059662
401767725,13,Holy Cross,Georgetown,fcs,fcs,35,1.419098711665808,1.5756611430513874
401835287,13,Shenandoah,Wilkes,iii,iii,-2,0.6526593657343627,0.6637899988820566
401767284,13,Utah Tech,Eastern Kentucky,fcs,fcs,-23,-6.330539913349411,-6.441358060047269
401767134,13,UC Davis,Sacramento State,fcs,fcs,4,1.9723710530888194,1.960686373569029
401767088,13,Idaho,Idaho State,fcs,fcs,-21,-0.06325473824908556,-0.06760907340556166
401752779,13,South Carolina,Coastal Carolina,fbs,fbs,44,10.14317430715494,9.985211593896215
401754605,13,Clemson,Furman,fbs,fcs,35,22.107695519652296,21.99879710214104
401767247,13,Central Arkansas,Abilene Christian,fcs,fcs,-21,-8.414632596353712,-8.42287952275597
401767068,13,Cal Poly,Eastern Washington,fcs,fcs,9,2.545821730040503,2.600362462643405
401767276,13,Tarleton State,Austin Peay,fcs,fcs,1,12.096396180838298,12.084591228238448
401761659,13,Texas State,UL Monroe,fbs,fbs,17,13.963136281628342,13.941732808943884
401767467,13,UT Rio Grande Valley,East Texas A&M,fcs,fcs,19,12.963638791929386,12.928599689167203
401835288,13,Westminster (PA),Mount St. Joseph,iii,iii,19,2.928234598857048,3.0613807660644783
401760415,13,Air Force,New Mexico,fbs,fbs,-17,-5.885678333134255,-5.871983444422064
401760416,13,Boise State,Colorado State,fbs,fbs,28,14.996380285890135,15.61928217213012
401752908,13,Penn State,Nebraska,fbs,fbs,27,4.2915354225486375,4.362323496371133
401754601,13,Georgia Tech,Pittsburgh,fbs,fbs,-14,-0.6425729682530239,-0.7663988580004002
401752775,13,Florida,Tennessee,fbs,fbs,-20,-9.7154230760002,-9.70504382621139
401762514,13,Rice,North Texas,fbs,fbs,-32,-19.25587386133018,-19.541639791598975
401754599,13,Stanford,California,fbs,fbs,21,-5.3799290770278,-5.280349362376583
401752915,13,Wisconsin,Illinois,fbs,fbs,17,-13.80406454103364,-14.50128936907532
401752777,13,LSU,Western Kentucky,fbs,fbs,3,11.532870373149706,11.887894246649928
401756956,13,Colorado,Arizona State,fbs,fbs,-25,-7.8566610431930215,-7.87173904627155
401756955,13,Cincinnati,BYU,fbs,fbs,-12,-9.179407560219435,-9.208831981915434
401760417,13,Fresno State,Utah State,fbs,fbs,-11,0.5441129628274801,0.5143440874962621
401760420,13,San Diego State,San José State,fbs,fbs,22,14.978060427314041,15.538054119864203
401752910,13,UCLA,Washington,fbs,fbs,-34,-14.23717710553209,-13.972044574744835
401762868,14,Massachusetts,Bowling Green,fbs,fbs,-31,-15.850397388094228,-15.728702313584815
401762869,14,Eastern Michigan,Western Michigan,fbs,fbs,-10,-11.534242671661204,-11.589920987109885
401767368,14,Alabama State,Tuskegee,fcs,ii,37,25.453914724195073,25.33977514628571
401762516,14,Memphis,Navy,fbs,fbs,-11,5.703997906744924,6.036564010414789
401762871,14,Northern Illinois,Kent State,fbs,fbs,-4,0.55408260518095,0.5837037051573191
401752916,14,Nebraska,Iowa,fbs,fbs,-24,-7.9813775471230315,-8.023192922777284
401762870,14,Buffalo,Ohio,fbs,fbs,-5,-9.85606575324898,-9.567831940593262
401752788,14,Mississippi State,Ole Miss,fbs,fbs,-19,-12.466550742816754,-12.398821112190923
401756964,14,Kansas,Utah,fbs,fbs,-10,-16.63127158030285,-16.636531863659318
401760421,14,Colorado State,Air Force,fbs,fbs,-21,-3.8888066027362207,-4.377262448766986
401762442,14,North Texas,Temple,fbs,fbs,27,17.760459771338358,17.69137220339791
401752786,14,Georgia Tech,Georgia,fbs,fbs,-7,-11.802761761674049,-12.461730358429897
401760426,14,New Mexico,San Diego State,fbs,fbs,6,-3.6928645395400643,-4.241300063711542
401760422,14,Utah State,Boise State,fbs,fbs,-1,-7.37395617618488,-7.373181660008484
401752792,14,Texas,Texas A&M,fbs,fbs,10,-6.629074754704007,-6.574455020656973
401752924,14,Purdue,Indiana,fbs,fbs,-53,-26.666203237127128,-26.944671983841644
401756961,14,Arizona State,Arizona,fbs,fbs,-16,-2.0338717341026715,-2.0332077930765458
401756968,14,West Virginia,Texas Tech,fbs,fbs,-49,-23.595026008384412,-23.597956623728173
401762519,14,Florida Atlantic,East Carolina,fbs,fbs,-39,-12.317334595404185,-12.365201397514305
401752790,14,South Carolina,Clemson,fbs,fbs,-14,0.03854526836408212,0.1116855210368044
401762875,14,Miami (OH),Ball State,fbs,fbs,21,11.90514396206458,11.838898244326497
401752921,14,Michigan,Ohio State,fbs,fbs,-18,-13.359408173161277,-13.409278100222963
401756966,14,Oklahoma State,Iowa State,fbs,fbs,-7,-21.43434623009681,-21.462111618002083
401756965,14,Kansas State,Colorado,fbs,fbs,10,8.334036648099193,8.382916337140088
401756962,14,Baylor,Houston,fbs,fbs,-7,-5.3080381477848775,-5.302294036887531
401833975,14,Youngstown State,Yale,fcs,fcs,-1,-5.214970609648077,-5.212127452306387
401754611,14,Pittsburgh,Miami,fbs,fbs,-31,-8.028578978598222,-7.8766868570413635
401836055,14,Villanova,Harvard,fcs,fcs,45,-6.240928883250092,-7.055019310337972
401836102,14,Rhode Island,Central Connecticut,fcs,fcs,8,9.350129723888324,9.409914297145598
401762872,14,Central Michigan,Toledo,fbs,fbs,-18,-9.438546117609153,-9.71152989382288
401752787,14,Louisville,Kentucky,fbs,fbs,41,2.9431440443303067,3.411902671148084
401836037,14,PennWest California,Frostburg State,ii,ii,-2,4.821303388158009,4.873295114211881
401836015,14,University of Mount Union,Muhlenberg,iii,iii,42,10.443651458512328,10.556120904545045
401836021,14,Johns Hopkins University,Springfield,iii,iii,20,13.36878438515047,13.36697514216897
401836018,14,Christopher Newport,Susquehanna,iii,iii,-14,1.073837352550946,0.9908695862938295
401836017,14,Berry College,Lagrange College,iii,iii,4,12.59184314578005,12.975712627273735
401836035,14,Kutztown University,Assumption,ii,ii,37,17.171663637428342,17.148388758135027
401836019,14,North Central College,Hanover College,iii,iii,32,18.40191214740223,18.57526730676498
401836036,14,Ferris State,Ashland,ii,ii,32,9.128649704362552,8.804474141132582
401836075,14,Wisconsin-River Falls,Chapman,iii,iii,51,21.14784422180864,21.20212759351257
401836020,14,Bethel (MN),Coe College,iii,iii,25,9.71125826332539,9.105734104716548
401836041,14,Albany State GA,Benedict College,ii,ii,2,8.308189082255323,8.323137267661263
401836016,14,Wartburg,Wheaton,iii,iii,-4,-2.239920106702705,-2.3677641517371555
401836040,14,West Florida,Newberry,ii,ii,-7,5.860542376629439,6.361368200121147
401833969,14,Abilene Christian,Lamar,fcs,fcs,18,2.762456704592795,2.7220507470153716
401836116,14,South Dakota State,New Hampshire,fcs,fcs,38,5.826540575821724,5.77089542853008
401757310,14,Delaware,UTEP,fbs,fbs,30,2.126061245075297,1.9750982306629723
401756963,14,BYU,UCF,fbs,fbs,20,17.06127404965072,17.05798345779528
401757311,14,Sam Houston,Florida International,fbs,fbs,-40,-12.8822738678384,-12.86187457830355
401836195,14,South Dakota,Drake,fcs,fcs,21,3.5361227307721617,4.847824975701503
401836115,14,Tennessee Tech,North Dakota,fcs,fcs,-25,-4.298415074928361,-4.819650599395494
401836095,14,SE Louisiana,Illinois State,fcs,fcs,-18,1.1024353325032905,1.0614715015242648
401761663,14,Marshall,Georgia Southern,fbs,fbs,-5,6.507566369396981,6.824042179281678
401761664,14,Old Dominion,Georgia State,fbs,fbs,17,22.03719943809972,22.395892852410142
401757314,14,Missouri State,Louisiana Tech,fbs,fbs,-12,-1.3323441225275374,-1.3152515857018834
401757312,14,Jacksonville State,Western Kentucky,fbs,fbs,3,-4.284191722411142,-3.9628272070632615
401767420,14,Southern,Grambling,fcs,fcs,1,-17.7625979137317,-17.767579619952198
401836039,14,Harding University,Pittsburg St,ii,ii,16,6.92640745326683,6.928801858346777
401836038,14,Indianapolis,Minnesota State Mankato,ii,ii,-8,0.45119319345470643,0.4549239518488015
401761661,14,App State,Arkansas State,fbs,fbs,-1,-0.8235160735199365,-0.7730383960665357
401767428,14,Mississippi Valley State,Florida A&M,fcs,fcs,4,-9.879248297377616,-9.910979419682194
401754608,14,Syracuse,Boston College,fbs,fbs,-22,3.9368189212711435,3.932316928673746
401762517,14,Tulsa,UAB,fbs,fbs,-7,3.0200195943495682,3.634232894791955
401757315,14,New Mexico State,Middle Tennessee,fbs,fbs,-7,4.798976892451083,4.806134405120612
401761665,14,Louisiana,UL Monroe,fbs,fbs,3,10.387246628423732,10.357954585320346
401761667,14,Texas State,South Alabama,fbs,fbs,23,6.432854926740347,6.439523109872722
401836155,14,UT Permian Basin,Western Colorado,ii,ii,6,-4.096014054781881,-3.9515549918090844
401752789,14,Oklahoma,LSU,fbs,fbs,4,6.711238614277786,6.83584575716797
401752918,14,Minnesota,Wisconsin,fbs,fbs,10,-2.1384448036920745,-1.9860066539403114
401752791,14,Tennessee,Vanderbilt,fbs,fbs,-21,-1.998708795580427,-1.3605720460653998
401761666,14,Southern Miss,Troy,fbs,fbs,-10,1.3012236478388814,1.2438999837611693
401756967,14,TCU,Cincinnati,fbs,fbs,22,1.674894531872063,1.6913833456799914
401752920,14,Rutgers,Penn State,fbs,fbs,-4,-11.478275567129899,-11.880707311613705
401762441,14,UTSA,Army,fbs,fbs,-3,3.814337524856626,3.7988878714958325
401754610,14,Duke,Wake Forest,fbs,fbs,17,-1.6290293146314596,-2.613772465865786
401752783,14,Arkansas,Missouri,fbs,fbs,-14,-7.19284574557749,-7.166383484156082
401752917,14,Washington,Oregon,fbs,fbs,-12,-7.534919686594577,-8.117899333835425
401757313,14,Liberty,Kennesaw State,fbs,fbs,-6,-6.423320337242643,-6.385922934423139
401761662,14,Coastal Carolina,James Madison,fbs,fbs,-49,-18.316680400696743,-18.248478117761138
401752785,14,Florida,Florida State,fbs,fbs,19,-4.631224825763738,-5.28350168977056
401752946,14,Washington State,Oregon State,fbs,fbs,24,14.099676282037716,14.284464874240566
401754613,14,Virginia,Virginia Tech,fbs,fbs,20,12.87825455172878,14.378917001615424
401752923,14,Michigan State,Maryland,fbs,fbs,10,-2.6257955067451384,-2.9095881302503983
401762520,14,South Florida,Rice,fbs,fbs,49,21.85934704180184,22.154487378342647
401752922,14,Illinois,Northwestern,fbs,fbs,7,7.466107633090331,8.415091848182346
401762518,14,Tulane,Charlotte,fbs,fbs,27,24.429858107070984,24.324028365614268
401752784,14,Auburn,Alabama,fbs,fbs,-7,-7.457219220019901,-7.792435458717492
401754612,14,NC State,North Carolina,fbs,fbs,23,8.730319671008987,8.66298560728782
401752919,14,USC,UCLA,fbs,fbs,19,17.336968931815314,17.177253586612153
401754609,14,California,SMU,fbs,fbs,3,-16.61813265053682,-16.646280582598987
401760425,14,Nevada,UNLV,fbs,fbs,-25,-14.10581095654236,-14.056415810746314
401754614,14,Stanford,Notre Dame,fbs,fbs,-29,-27.367463372244742,-27.423769691209934
401760423,14,San José State,Fresno State,fbs,fbs,-27,-7.613970196012096,-7.565841332724684
401760424,14,Hawai'i,Wyoming,fbs,fbs,20,5.9892217624566655,6.067070412028434
